"Filip Lopusiewicz,325138757,15.090,,66,WC 37,33,World Cup - Round III  Matchday 2,17/03/2025,90,11,-1,4.5,5,-1,4.5,5.5,-1.0,-1.0,5.0,-1.0,-1.0,5.5,24.04.2023 boczny_obronca (90'),Polska,26.04.2023"
"Kazimierz Banbura,319504381,16.079,,122,WC 37,15,Continental Championship - Finals,06/12/2024,89,12,-1,5,6,4,5.5,5,-1.0,5.0,6.0,4.0,-1.0,-1.0,24.04.2023 pomocnik (90'),Polska,26.04.2023"
"Michal Trzewiczek,317705935,16.108,,136,WC 37,10,Continental Championship  Matchday 8,08/11/2024,89,8,-1,5,4.5,3.5,4.5,5.5,-1.0,5.0,-1.0,-1.0,-1.0,5.5,24.04.2023 stoper (90'),Polska,26.04.2023"
"Gustaw Klos,318397289,16.096,,129,WC 37,11,Continental Championship  Matchday 9,15/11/2024,89,9,-1,2.5,3,5,6,7,-1.0,-1.0,-1.0,5.0,6.0,-1.0,24.04.2023 pomocnik (90'),Polska,26.04.2023"
"Aleksander Polowniak,326987502,15.101,,24,WC 37,31,World Cup - Round II  Matchday 6,07/03/2025,90,9,-1,5,-1,-1,-1,-1,-1.0,5.0,-1.0,-1.0,-1.0,-1.0,24.04.2023 stoper (90'),Polska,26.04.2023"
"Antoni Dluzak,327835613,15.073,,3,WC 37,37,World Cup - Round IV  Matchday 3,04/04/2025,90,13,-1,-1,-1,3,-1,-1,-1.0,-1.0,-1.0,3.0,-1.0,-1.0,24.04.2023 pomocnik (90'),Polska,26.04.2023"
"Jaroslaw Staporski,323283657,15.110,T,87,WC 37,29,World Cup - Round II  Matchday 4,24/02/2025,90,8,-1,4.5,-1,3.5,5,-1,-1.0,4.5,-1.0,-1.0,-1.0,-1.0,24.04.2023 stoper (90'),Polska,26.04.2023"
"Jaroslaw Zoch,324595608,16.045,H,59,WC 37,21,World Cup - Round I  Matchday 6,10/01/2025,90,1,-1,3.5,4,-1,5.5,6.5,-1.0,3.5,-1.0,-1.0,5.5,-1.0,24.04.2023 skrzydlowy (90'),Polska,26.04.2023"
"Jurek Bos,324743523,17.000,,17,WC 37,9,Continental Championship  Matchday 7,01/11/2024,89,7,-1,-1,4,-1,-1,-1,-1.0,-1.0,4.0,-1.0,-1.0,-1.0,11.04.2023 boczny_obronca (90'),Polska,26.04.2023"
"Piotr Kiszczak,326167110,15.098,,45,WC 37,31,World Cup - Round II  Matchday 6,07/03/2025,90,9,-1,-1,3.5,-1,4.5,6.5,-1.0,-1.0,-1.0,-1.0,4.5,6.5,24.04.2023 napastnik (90'),Polska,26.04.2023"
"Roman Rusinowicz,322096943,16.101,,115,WC 37,11,Continental Championship  Matchday 9,15/11/2024,89,9,-1,-1,2,3,3.5,-1,-1.0,-1.0,2.0,3.0,-1.0,-1.0,20.02.2023 pomocnik (90'),Polska,26.04.2023"
"Sobieslaw Kryst,325270420,16.046,S,52,WC 37,21,World Cup - Round I  Matchday 6,10/01/2025,90,1,5,-1,-1,-1,-1,-1,5.0,-1.0,-1.0,-1.0,-1.0,-1.0,24.04.2023 bramkarz (90'),Polska,26.04.2023"
"Terencjusz Lewicki,324894547,16.050,,73,WC 37,20,World Cup - Round I  Matchday 5,03/01/2025,89,16,-1,-1,3.5,-1,4,-1,-1.0,-1.0,3.5,-1.0,4.0,-1.0,24.04.2023 skrzydlowy (90'),Polska,26.04.2023"
"Wiktor Idzik,321264757,17.032,,108,WC 37,3,Continental Championship  Matchday 1,04/10/2024,89,3,-1,-1,3.5,4.5,4,6,-1.0,-1.0,3.5,4.5,-1.0,-1.0,17.04.2023 pomocnik (90'),Polska,26.04.2023"
"Ernest Kleszyk,324139029,16.026,,66,WC 37,23,World Cup - Round I  Matchday 8,24/01/2025,90,3,5.5,1,-1,-1,-1,-1,-1.0,-1.0,-1.0,-1.0,-1.0,-1.0,24.04.2023 bramkarz (70'),Polska,26.04.2023"
"Jakub Kabic,323284382,17.042,Q,80,WC 37,1,Friendly,20/09/2024,89,1,-1,5.5,5.5,4,-1,-1,-1.0,5.5,5.5,-1.0,-1.0,-1.0,24.04.2023 stoper (90'),Polska,26.04.2023"
"Daniel Radzikowski,319695451,16.108,,143,WC 37,10,Continental Championship  Matchday 8,08/11/2024,89,8,-1,5.5,4.5,4,4.5,-1,-1.0,5.5,-1.0,4.0,4.5,-1.0,24.04.2023 skrzydlowy (90'),Polska,26.04.2023"
"Pawel Ciosk,317774386,16.098,,185,WC 37,11,Continental Championship  Matchday 9,15/11/2024,89,9,-1,6,6,-1,4.5,-1,-1.0,6.0,6.0,-1.0,-1.0,-1.0,24.04.2023 boczny_obronca (90'),Polska,26.04.2023"
"Cezary Krusiewicz,307775650,18.065,,234,WC 36,18,World Cup - Round I  Matchday 3,10/05/2024,87,14,-1,3.5,4.5,7,7,5.5,-1.0,-1.0,-1.0,-1.0,5.5,-1.0,18.04.2023 skrzydlowy (90'),Polska,26.04.2023"
"Patryk Kapela,323217889,17.020,,45,WC 37,6,Continental Championship  Matchday 4,14/10/2024,89,5,-1,3.5,-1,5,6.5,6,-1.0,-1.0,-1.0,-1.0,5.5,5.5,24.04.2023 napastnik (90'),Polska,26.04.2023"
"Stanislaw Dluzynski,313161206,18.060,U,206,WC 36,19,World Cup - Round I  Matchday 4,17/05/2024,87,15,-1,-1,-1,7,5,6,-1.0,-1.0,-1.0,5.5,5.0,-1.0,18.04.2023 pomocnik (90'),Polska,26.04.2023"
"Igor Solny,320670390,16.066,,136,WC 37,18,World Cup - Round I  Matchday 3,20/12/2024,89,14,-1,5.5,6,4,-1,7.5,-1.0,-1.0,6.0,-1.0,-1.0,-1.0,24.04.2023 boczny_obronca (90'),Polska,26.04.2023"
"Zygmunt Kulik,321291707,16.036,,129,WC 37,22,World Cup - Round I  Matchday 7,17/01/2025,90,2,-1,-1,-1,6,-1,4.5,-1.0,-1.0,-1.0,5.5,-1.0,-1.0,24.04.2023 pomocnik (90'),Polska,26.04.2023"
"Ryszard Reschke,309100248,18.031,H,157,WC 36,23,World Cup - Round I  Matchday 8,14/06/2024,88,3,-1,-1,-1,-1,-1,8.5,-1.0,-1.0,-1.0,-1.0,-1.0,7.0,24.04.2023 napastnik (90'),Polska,26.04.2023"
"Aleksander Kidawa,311083150,18.048,,255,WC 36,20,World Cup - Round I  Matchday 5,24/05/2024,87,16,5,-1,-1,-1,-1,-1,-1.0,-1.0,-1.0,-1.0,-1.0,-1.0,24.04.2023 bramkarz (20'),Polska,26.04.2023"
"Nikodem Stonoga,322870836,17.002,,30,WC 37,9,Continental Championship  Matchday 7,01/11/2024,89,7,-1,4.5,-1,6.5,-1,-1,-1.0,4.5,-1.0,5.0,-1.0,-1.0,18.04.2023 stoper (90'),Polska,26.04.2023"
"Lubomysl Lazuga,324449906,16.070,P,3,WC 37,17,World Cup - Round I  Matchday 2,16/12/2024,89,14,-1,-1,-1,5,-1,-1,-1.0,-1.0,-1.0,5.0,-1.0,-1.0,24.04.2023 pomocnik (90'),Polska,26.04.2023"
"Bronislaw Korolewicz,324971626,16.078,H,38,WC 37,15,Continental Championship - Finals,06/12/2024,89,12,-1,2,2.5,-1,6,7,-1.0,2.0,-1.0,-1.0,4.5,-1.0,18.04.2023 skrzydlowy (1'),Polska,26.04.2023"
"Adam Przyszlakowski,326610439,16.109,U,17,WC 37,10,Continental Championship  Matchday 8,08/11/2024,89,8,-1,5,-1,-1,6,-1,-1.0,5.0,-1.0,-1.0,6.0,-1.0,24.04.2023 skrzydlowy (90'),Polska,26.04.2023"
"Piotr Nowotniak,319452256,18.028,,164,WC 36,23,World Cup - Round I  Matchday 8,14/06/2024,88,3,-1,-1,-1,-1,-1,7.5,-1.0,-1.0,-1.0,-1.0,-1.0,5.5,28.03.2023 napastnik (5'),Polska,26.04.2023"
"Arkadiusz Okularczyk,323375698,16.103,,9,WC 37,10,Continental Championship  Matchday 8,08/11/2024,89,8,2,-1,4.5,-1,-1,-1,2.0,-1.0,4.5,-1.0,-1.0,-1.0,25.04.2023 bramkarz (90'),Polska,26.04.2023"
"Bartosz Odziemek,320971914,17.026,,64,WC 37,4,Continental Championship  Matchday 2,07/10/2024,89,4,-1,4,5,5,5,-1,-1.0,-1.0,5.0,5.0,5.0,-1.0,25.04.2023 boczny_obronca (90'),Polska,26.04.2023"
"Dariusz Szurgot,308267631,18.031,,302,WC 36,23,World Cup - Round I  Matchday 8,14/06/2024,88,3,-1,2.5,3,5,5,6,-1.0,2.5,-1.0,4.5,-1.0,6.0,18.04.2023 pomocnik (90'),Polska,26.04.2023"
"Eugeniusz Sokolowski,323463103,16.040,U,92,WC 37,21,World Cup - Round I  Matchday 6,10/01/2025,90,1,-1,4,4.5,6,6,-1,-1.0,-1.0,-1.0,6.0,6.0,-1.0,25.04.2023 pomocnik (90'),Polska,26.04.2023"
"Fryderyk Zeman,310775823,18.026,H,228,WC 36,23,World Cup - Round I  Matchday 8,14/06/2024,88,3,2,4,4,5,4.5,7,2.0,-1.0,-1.0,-1.0,-1.0,6.5,25.04.2023 napastnik (90'),Polska,26.04.2023"
"Ignacy Gonsior,326380235,16.022,,30,WC 37,24,World Cup - Round I  Matchday 9,31/01/2025,90,4,-1,-1,4.5,5.5,-1,4.5,-1.0,-1.0,4.5,5.5,-1.0,4.5,25.04.2023 pomocnik (90'),Polska,26.04.2023"
"Jakub Kuropatwa,325044951,16.072,Q,16,WC 37,16,World Cup - Round I  Matchday 1,13/12/2024,89,13,-1,-1,-1,4,-1,3.5,-1.0,-1.0,-1.0,4.0,-1.0,-1.0,25.04.2023 pomocnik (90'),Polska,26.04.2023"
"Jerzy Oryszczak,323401702,16.096,T,39,WC 37,11,Continental Championship  Matchday 9,15/11/2024,89,9,-1,-1,5,4,5,-1,-1.0,-1.0,5.0,4.0,5.0,-1.0,25.04.2023 skrzydlowy (90'),Polska,26.04.2023"
"Krystian Woloszczuk,325364011,16.029,,23,WC 37,23,World Cup - Round I  Matchday 8,24/01/2025,90,3,5,2,-1,-1,1.5,-1,5.0,2.0,-1.0,-1.0,1.5,-1.0,25.04.2023 skrzydlowy (90'),Polska,26.04.2023"
"Maciej Kruczek,326976073,16.097,,2,WC 37,11,Continental Championship  Matchday 9,15/11/2024,89,9,-1,-1,5.5,-1,-1,-1,-1.0,-1.0,-1.0,-1.0,-1.0,-1.0,25.04.2023 boczny_obronca (29'),Polska,26.04.2023"
"Mateusz Pracki,317995732,17.014,P,161,WC 37,7,Continental Championship  Matchday 5,18/10/2024,89,5,-1,3.5,4.5,3,5,5.5,-1.0,-1.0,4.5,-1.0,5.0,5.5,25.04.2023 napastnik (90'),Polska,26.04.2023"
"Miroslaw Sochacki,322914704,17.007,,58,WC 37,8,Continental Championship  Matchday 6,25/10/2024,89,6,-1,5,5.5,4,-1,5.5,-1.0,5.0,-1.0,-1.0,-1.0,5.5,25.04.2023 napastnik (90'),Polska,26.04.2023"
"Tadeusz Walecki,320199688,16.104,,128,WC 37,10,Continental Championship  Matchday 8,08/11/2024,89,8,-1,-1,3.5,5,4.5,5.5,-1.0,-1.0,-1.0,5.0,-1.0,5.0,25.04.2023 boczny_obronca (61'),Polska,26.04.2023"
"Jan Chomczyk,318094420,16.096,,100,WC 37,11,Continental Championship  Matchday 9,15/11/2024,89,9,-1,4,5,6,6,7.5,-1.0,-1.0,-1.0,6.0,-1.0,7.5,21.04.2023 napastnik (90'),Polska,26.04.2023"
"Marian Slabon,321216032,16.030,,135,WC 37,23,World Cup - Round I  Matchday 8,24/01/2025,90,3,-1,4,4.5,-1,5,7,-1.0,3.5,-1.0,-1.0,-1.0,7.0,21.04.2023 napastnik (90'),Polska,26.04.2023"
"Jozef Rzeszotko,321589594,16.025,U,80,WC 37,24,World Cup - Round I  Matchday 9,31/01/2025,90,4,2,4,5,5.5,5.5,-1,-1.0,-1.0,5.0,5.0,5.5,-1.0,21.04.2023 boczny_obronca (90'),Polska,26.04.2023"
"Gerard Aksamit,322304656,16.069,,84,WC 37,17,World Cup - Round I  Matchday 2,16/12/2024,89,14,-1,4.5,4.5,5.5,-1,5.5,-1.0,4.5,-1.0,5.5,-1.0,-1.0,21.04.2023 stoper (90'),Polska,26.04.2023"
"Florian Jedrusik,325288550,15.111,Q,66,WC 37,29,World Cup - Round II  Matchday 4,24/02/2025,90,8,-1,4,4,4.5,4.5,5.5,-1.0,-1.0,-1.0,4.5,4.5,5.0,21.04.2023 napastnik (90'),Polska,26.04.2023"
"Wieslaw Stano,309209615,18.081,,329,WC 36,15,Continental Championship - Finals,26/04/2024,87,12,-1,4.5,4.5,5,4.5,4,-1.0,-1.0,-1.0,5.0,-1.0,4.0,21.04.2023 pomocnik (90'),Polska,26.04.2023"
"Roman Golata,305992008,18.095,,324,WC 36,12,Continental Championship  Matchday 10,12/04/2024,87,10,-1,6,6,5,4.5,4,-1.0,5.0,4.5,4.0,-1.0,-1.0,12.04.2023 stoper (13'),Polska,26.04.2023"
"Rafal Swiercz,317712758,17.002,T,128,WC 37,9,Continental Championship  Matchday 7,01/11/2024,89,7,-1,-1,3,5.5,4.5,5.5,-1.0,-1.0,-1.0,5.5,4.5,-1.0,21.04.2023 pomocnik (90'),Polska,26.04.2023"
"Tomasz Nafalski,306313828,18.074,,348,WC 36,16,World Cup - Round I  Matchday 1,03/05/2024,87,13,4.5,2,2,-1,-1,-1,4.0,2.0,2.0,-1.0,-1.0,-1.0,01.12.2022 stoper (90'),Polska,26.04.2023"
"Oskar Sarnowski,320053006,16.080,U,104,WC 37,15,Continental Championship - Finals,06/12/2024,89,12,1.5,2.5,2.5,4.5,-1,4,1.0,-1.0,-1.0,4.0,-1.0,4.0,12.04.2023 napastnik (90'),Polska,26.04.2023"
"Dionizjusz Miekus,326925985,17.008,Q,29,WC 37,8,Continental Championship  Matchday 6,25/10/2024,89,6,-1,5.5,-1,-1,-1,-1,-1.0,5.5,-1.0,-1.0,-1.0,-1.0,21.04.2023 stoper (90'),Polska,26.04.2023"
"Jozef Karpinski,324365583,16.065,,51,WC 37,18,World Cup - Round I  Matchday 3,20/12/2024,89,14,-1,4.5,5.5,4.5,5,-1,-1.0,-1.0,5.5,-1.0,5.0,-1.0,21.04.2023 boczny_obronca (90'),Polska,26.04.2023"
"Juliusz Sadlocha,324275459,16.044,,43,WC 37,21,World Cup - Round I  Matchday 6,10/01/2025,90,1,5,2.5,-1,-1,-1,-1,5.0,-1.0,-1.0,-1.0,-1.0,-1.0,21.04.2023 bramkarz (90'),Polska,26.04.2023"
"Karol Marczykiewicz,323700217,16.038,,93,WC 37,22,World Cup - Round I  Matchday 7,17/01/2025,90,2,-1,5,-1,4,5,5,-1.0,5.0,-1.0,-1.0,4.5,-1.0,21.04.2023 stoper (90'),Polska,26.04.2023"
"Ambrozy Brus,327568961,15.092,,10,WC 37,33,World Cup - Round III  Matchday 2,17/03/2025,90,11,-1,-1,4,-1,-1,6,-1.0,-1.0,4.0,-1.0,-1.0,6.0,24.04.2023 boczny_obronca (90'),Polska,26.04.2023"
"Ariel Holeczek,318181382,16.090,,171,WC 37,12,Continental Championship  Matchday 10,22/11/2024,89,10,-1,4,-1,5.5,6.5,5,-1.0,3.5,-1.0,-1.0,6.5,5.0,24.04.2023 stoper (90'),Polska,26.04.2023"
"Artur Oniszczuk,321345004,16.076,,115,WC 37,15,Continental Championship - Finals,06/12/2024,89,12,3.5,-1,-1,1.5,-1,-1,3.5,-1.0,-1.0,-1.0,-1.0,-1.0,20.04.2023 bramkarz (90'),Polska,26.04.2023"
"Bartlomiej Leszek,322503950,16.102,,101,WC 37,11,Continental Championship  Matchday 9,15/11/2024,89,9,-1,3,-1,4.5,-1,3,-1.0,3.0,-1.0,4.5,-1.0,-1.0,20.04.2023 stoper (90'),Polska,26.04.2023"
"Cyprian Myslinski,326533383,17.007,,35,WC 37,8,Continental Championship  Matchday 6,25/10/2024,89,6,-1,-1,-1,-1,5,-1,-1.0,-1.0,-1.0,-1.0,5.0,-1.0,24.04.2023 skrzydlowy (90'),Polska,26.04.2023"
"Dominik Retka,325438337,16.063,,28,WC 37,18,World Cup - Round I  Matchday 3,20/12/2024,89,14,1,2.5,-1,-1,-1,-1,1.0,2.5,-1.0,-1.0,-1.0,-1.0,24.04.2023 bramkarz (90'),Polska,26.04.2023"
"Jedrzej Wicherek,324062175,15.111,U,65,WC 37,29,World Cup - Round II  Matchday 4,24/02/2025,90,8,-1,-1,-1,5,4.5,3.5,-1.0,-1.0,-1.0,5.0,4.5,-1.0,24.04.2023 pomocnik (90'),Polska,26.04.2023"
"Klaudiusz Hus,317401098,17.053,,77,WC 37,,Final,,,,-1,-1,-1,6,-1,3,-1.0,-1.0,-1.0,6.0,-1.0,3.0,16.03.2023 napastnik (90'),Polska,26.04.2023"
"Krzysztof Ustupski,320540120,16.089,P,147,WC 37,12,Continental Championship  Matchday 10,22/11/2024,89,10,-1,4.5,4.5,4.5,5,-1,-1.0,4.5,-1.0,4.5,-1.0,-1.0,24.04.2023 stoper (90'),Polska,26.04.2023"
"Michal Dwornik,319907956,16.090,,157,WC 37,12,Continental Championship  Matchday 10,22/11/2024,89,10,1.5,3,-1,3,3.5,4.5,-1.0,3.0,-1.0,-1.0,-1.0,-1.0,13.04.2023 stoper (90'),Polska,26.04.2023"
"Oskar Maslanka,320924345,16.031,,129,WC 37,23,World Cup - Round I  Matchday 8,24/01/2025,90,3,-1,3.5,3.5,5,4.5,7,-1.0,3.5,3.5,-1.0,-1.0,7.0,24.04.2023 boczny_obronca (90'),Polska,26.04.2023"
"Piotr Krecicki,317206985,17.009,P,203,WC 37,8,Continental Championship  Matchday 6,25/10/2024,89,6,1.5,4,4.5,4,5.5,3.5,-1.0,4.0,4.5,4.0,-1.0,-1.0,20.04.2023 pomocnik (90'),Polska,26.04.2023"
"Przemyslaw Bystrowski,323782377,16.056,,24,WC 37,19,World Cup - Round I  Matchday 4,27/12/2024,89,15,-1,3.5,-1,4,5,-1,-1.0,3.5,-1.0,4.0,5.0,-1.0,24.04.2023 pomocnik (90'),Polska,26.04.2023"
"Przemyslaw Cieslawski,328015538,15.031,,2,WC 38,3,Continental Championship  Matchday 1,16/05/2025,91,3,-1,2.5,-1,-1,-1,-1,-1.0,2.5,-1.0,-1.0,-1.0,-1.0,24.04.2023 stoper (90'),Polska,26.04.2023"
"Rafal Straczynski,314367692,17.051,H,136,WC 37,,Final,,,,1,2.5,-1,4.5,-1,4,0.5,-1.0,-1.0,4.5,-1.0,4.0,13.03.2023 pomocnik (90'),Polska,26.04.2023"
"Ryszard Kroczynski,322332172,17.030,,108,WC 37,3,Continental Championship  Matchday 1,04/10/2024,89,3,-1,-1,-1,-1,-1,4.5,-1.0,-1.0,-1.0,-1.0,-1.0,4.5,16.03.2023 napastnik (90'),Polska,26.04.2023"
"Zbigniew Starek,324085947,15.095,,45,WC 37,32,World Cup - Round III  Matchday 1,14/03/2025,90,10,-1,-1,-1,3,4,5,-1.0,-1.0,-1.0,3.0,4.0,-1.0,24.04.2023 skrzydlowy (90'),Polska,26.04.2023"
"Zenon Deptala,322476378,16.050,U,58,WC 37,20,World Cup - Round I  Matchday 5,03/01/2025,89,16,-1,-1,-1,3,4,4.5,-1.0,-1.0,-1.0,3.0,4.0,4.5,24.04.2023 pomocnik (90'),Polska,26.04.2023"
"Andrzej Winski,322462698,16.018,,73,WC 37,25,World Cup - Round I  Matchday 10,07/02/2025,90,5,-1,-1,4,3.5,4.5,7.5,-1.0,-1.0,-1.0,3.5,-1.0,7.0,22.04.2023 napastnik (90'),Polska,26.04.2023"
"Boguchwal Brzeczkowski,327460393,16.028,,3,WC 37,23,World Cup - Round I  Matchday 8,24/01/2025,90,3,-1,-1,-1,-1,-1,-1,-1.0,-1.0,-1.0,-1.0,-1.0,-1.0,--------,Polska,26.04.2023"
"Dawid Radziwil,324138426,15.094,,10,WC 37,32,World Cup - Round III  Matchday 1,14/03/2025,90,10,-1,-1,-1,-1,-1,-1,-1.0,-1.0,-1.0,-1.0,-1.0,-1.0,--------,Polska,26.04.2023"
"Feliks Paczesna,317309453,17.014,T,185,WC 37,7,Continental Championship  Matchday 5,18/10/2024,89,5,2,5,5,-1,4.5,4.5,-1.0,4.5,-1.0,-1.0,-1.0,-1.0,22.04.2023 stoper (90'),Polska,26.04.2023"
"Fryderyk Breza,319814106,17.013,Q,157,WC 37,7,Continental Championship  Matchday 5,18/10/2024,89,5,-1,3.5,4,3,4.5,-1,-1.0,3.5,4.0,-1.0,4.0,-1.0,22.04.2023 boczny_obronca (90'),Polska,26.04.2023"
"Jerzy Ziminski,325745148,15.100,,45,WC 37,31,World Cup - Round II  Matchday 6,07/03/2025,90,9,-1,-1,2.5,4,3,5,-1.0,-1.0,2.5,4.0,3.0,5.0,22.04.2023 napastnik (90'),Polska,26.04.2023"
"Krzysiek Smialy,324438355,16.015,,17,WC 37,25,World Cup - Round I  Matchday 10,07/02/2025,90,5,3.5,-1,-1,-1,-1,-1,3.5,-1.0,-1.0,-1.0,-1.0,-1.0,15.04.2023 bramkarz (90'),Polska,26.04.2023"
"Marcin Czurak,324138420,16.013,,38,WC 37,25,World Cup - Round I  Matchday 10,07/02/2025,90,5,-1,-1,3.5,4.5,4,4.5,-1.0,-1.0,3.5,4.5,4.0,4.5,22.04.2023 pomocnik (90'),Polska,26.04.2023"
"Mikolaj Dymsza,322605227,16.094,,101,WC 37,12,Continental Championship  Matchday 10,22/11/2024,89,10,-1,-1,3.5,5,-1,5.5,-1.0,-1.0,3.5,5.0,-1.0,-1.0,22.04.2023 pomocnik (90'),Polska,26.04.2023"
"Pawel Noszka,308628621,18.020,Q,320,WC 36,24,World Cup - Round I  Matchday 9,21/06/2024,88,4,-1,3,-1,4,4.5,7,-1.0,-1.0,-1.0,-1.0,-1.0,5.5,20.04.2023 skrzydlowy (48'),Polska,26.04.2023"
"Przemyslaw Zawadowski,325734692,16.069,U,52,WC 37,17,World Cup - Round I  Matchday 2,16/12/2024,89,14,-1,-1,-1,5.5,-1,6,-1.0,-1.0,-1.0,5.5,-1.0,6.0,22.04.2023 napastnik (90'),Polska,26.04.2023"
"Stanislaw Kolczak,309465911,18.092,,297,WC 36,12,Continental Championship  Matchday 10,12/04/2024,87,10,5,-1,-1,-1,-1,1,5.0,-1.0,-1.0,-1.0,-1.0,-1.0,22.04.2023 bramkarz (90'),Polska,26.04.2023"
"Vasyl Umanetskyi,327570055,16.015,,24,WC 37,25,World Cup - Round I  Matchday 10,07/02/2025,90,5,-1,3,-1,4.5,-1,-1,-1.0,3.0,-1.0,4.5,-1.0,-1.0,22.04.2023 pomocnik (90'),Polska,26.04.2023"
"Walery Tos,323375155,16.003,,87,WC 37,28,World Cup - Round II  Matchday 3,21/02/2025,90,7,-1,3.5,4.5,3,5.5,3.5,-1.0,3.5,-1.0,-1.0,4.5,3.5,22.04.2023 skrzydlowy (90'),Polska,26.04.2023"
"Witold Postrach,322150435,16.028,U,59,WC 37,23,World Cup - Round I  Matchday 8,24/01/2025,90,3,-1,-1,-1,5,5,6,-1.0,-1.0,-1.0,5.0,5.0,6.0,15.04.2023 skrzydlowy (37'),Polska,26.04.2023"
"Andrzej Bawiec,318354365,16.104,Q,169,WC 37,10,Continental Championship  Matchday 8,08/11/2024,89,8,-1,4,5,2.5,5,6,-1.0,-1.0,5.0,-1.0,-1.0,-1.0,26.04.2023 boczny_obronca (90'),Polska,26.04.2023"
"Dymitr Janiszewski,324119281,16.032,H,49,WC 37,23,World Cup - Round I  Matchday 8,24/01/2025,90,3,-1,2,-1,3,4,5.5,-1.0,2.0,-1.0,3.0,-1.0,-1.0,26.04.2023 stoper (90'),Polska,26.04.2023"
"Edward Siemiejczuk,311491985,17.087,,220,WC 36,34,World Cup - Round III  Matchday 3,09/08/2024,88,11,-1,-1,4.5,3.5,4.5,5.5,-1.0,-1.0,-1.0,-1.0,-1.0,5.5,23.02.2023 napastnik (90'),Polska,26.04.2023"
"Emil Pohl,320819928,16.109,,122,WC 37,10,Continental Championship  Matchday 8,08/11/2024,89,8,-1,-1,-1,-1,-1,4,-1.0,-1.0,-1.0,-1.0,-1.0,4.0,11.01.2023 napastnik (90'),Polska,26.04.2023"
"Emilian Bulenda,320028299,17.000,,94,WC 37,9,Continental Championship  Matchday 7,01/11/2024,89,7,-1,-1,4.5,-1,-1,-1,-1.0,-1.0,4.5,-1.0,-1.0,-1.0,26.04.2023 boczny_obronca (90'),Polska,26.04.2023"
"Ferdynand Zygmunt,326195264,16.021,,45,WC 37,24,World Cup - Round I  Matchday 9,31/01/2025,90,4,-1,-1,-1,4,-1,4.5,-1.0,-1.0,-1.0,4.0,-1.0,4.5,26.04.2023 pomocnik (90'),Polska,26.04.2023"
"Grzegorz Kelm,319634039,16.085,,142,WC 37,14,Continental Championship - Semifinals,02/12/2024,89,12,-1,-1,-1,4,4.5,7,-1.0,-1.0,-1.0,-1.0,4.5,-1.0,26.04.2023 skrzydlowy (90'),Polska,26.04.2023"
"Jaropelk Podlaski,325168272,16.073,,9,WC 37,16,World Cup - Round I  Matchday 1,13/12/2024,89,13,-1,-1,-1,-1,-1,-1,-1.0,-1.0,-1.0,-1.0,-1.0,-1.0,--------,Polska,26.04.2023"
"Kazimierz Kawecki,318979482,16.089,,148,WC 37,12,Continental Championship  Matchday 10,22/11/2024,89,10,-1,4,-1,4.5,-1,4.5,-1.0,-1.0,-1.0,4.5,-1.0,-1.0,26.04.2023 pomocnik (90'),Polska,26.04.2023"
"Leopold Galazewski,322262554,16.014,P,108,WC 37,25,World Cup - Round I  Matchday 10,07/02/2025,90,5,-1,4,-1,-1,5.5,6,-1.0,-1.0,-1.0,-1.0,-1.0,6.0,26.04.2023 napastnik (90'),Polska,26.04.2023"
"Lukasz Niedopytalski,316364432,18.007,,164,WC 36,27,World Cup - Round II  Matchday 2,08/07/2024,88,7,4.5,-1,-1,-1,-1,-1,4.0,-1.0,-1.0,-1.0,-1.0,-1.0,23.02.2023 bramkarz (90'),Polska,26.04.2023"
"Lukasz Rytka,316741979,18.036,,206,WC 36,22,World Cup - Round I  Matchday 7,07/06/2024,88,2,-1,-1,-1,3.5,-1,4,-1.0,-1.0,-1.0,3.5,-1.0,4.0,26.04.2023 pomocnik (90'),Polska,26.04.2023"
"Slawomir Ferko,316739964,18.038,,184,WC 36,22,World Cup - Round I  Matchday 7,07/06/2024,88,2,-1,5,5.5,5,5.5,-1,-1.0,-1.0,-1.0,-1.0,5.5,-1.0,26.04.2023 skrzydlowy (90'),Polska,26.04.2023"
"Tomasz Bakala,320848936,16.066,U,68,WC 37,18,World Cup - Round I  Matchday 3,20/12/2024,89,14,-1,-1,-1,2.5,3.5,4,-1.0,-1.0,-1.0,2.5,-1.0,4.0,12.04.2023 pomocnik (90'),Polska,26.04.2023"
"Zbigniew Baszkiewicz,323283678,16.004,,80,WC 37,28,World Cup - Round II  Matchday 3,21/02/2025,90,7,4.5,-1,-1,-1,-1,0.5,4.5,-1.0,-1.0,-1.0,-1.0,-1.0,26.04.2023 bramkarz (90'),Polska,26.04.2023"
"Zygmunt Mroncz,326499711,15.099,,17,WC 37,31,World Cup - Round II  Matchday 6,07/03/2025,90,9,-1,-1,-1,-1,-1,3.5,-1.0,-1.0,-1.0,-1.0,-1.0,3.5,26.04.2023 napastnik (90'),Polska,26.04.2023"
"Adam Filusz,320920931,16.104,T,121,WC 37,10,Continental Championship  Matchday 8,08/11/2024,89,8,1,3,3.5,5,5,4.5,-1.0,3.0,-1.0,4.5,-1.0,-1.0,25.04.2023 pomocnik (90'),Polska,26.04.2023"
"Albert Holysz,326152249,15.065,P,26,WC 37,38,World Cup - Round V  Matchday 1,11/04/2025,90,14,-1,6,6,-1,-1,-1,-1.0,6.0,6.0,-1.0,-1.0,-1.0,25.04.2023 stoper (90'),Polska,26.04.2023"
"Bartlomiej Marchewka,318807439,17.027,,171,WC 37,4,Continental Championship  Matchday 2,07/10/2024,89,4,2,4,4,3,3,3,2.0,-1.0,4.0,-1.0,-1.0,3.0,08.03.2023 napastnik (90'),Polska,26.04.2023"
"Damian Przybys,315950846,17.009,,227,WC 37,8,Continental Championship  Matchday 6,25/10/2024,89,6,-1,4.5,5,4,4.5,5,-1.0,-1.0,-1.0,-1.0,4.5,-1.0,21.04.2023 skrzydlowy (90'),Polska,26.04.2023"
"Dariusz Opyd,323352164,17.031,Q,86,WC 37,3,Continental Championship  Matchday 1,04/10/2024,89,3,1,-1,3,-1,5,6.5,1.0,-1.0,-1.0,-1.0,-1.0,6.0,14.04.2023 bramkarz (90'),Polska,26.04.2023"
"Edgar Niewiadomski,319172120,16.062,,151,WC 37,18,World Cup - Round I  Matchday 3,20/12/2024,89,14,1,2.5,-1,4.5,4.5,3.5,1.0,-1.0,-1.0,4.5,-1.0,-1.0,25.04.2023 bramkarz (90'),Polska,26.04.2023"
"Ernest Zbyszynski,323691571,16.068,T,72,WC 37,17,World Cup - Round I  Matchday 2,16/12/2024,89,14,-1,4,-1,4,5.5,6,-1.0,4.0,-1.0,-1.0,-1.0,-1.0,25.04.2023 stoper (90'),Polska,26.04.2023"
"Gerard Wojciechowski,322053962,16.019,,101,WC 37,24,World Cup - Round I  Matchday 9,31/01/2025,90,4,-1,-1,3.5,4.5,4,5.5,-1.0,-1.0,3.5,4.5,-1.0,-1.0,25.04.2023 pomocnik (90'),Polska,26.04.2023"
"Gustaw Grabik,328202818,15.059,,7,WC 37,40,World Cup - Round V  Matchday 3,18/04/2025,90,15,-1,-1,3,-1,-1,-1,-1.0,-1.0,3.0,-1.0,-1.0,-1.0,25.04.2023 boczny_obronca (90'),Polska,26.04.2023"
"Henryk Zyzak,325728515,16.030,U,45,WC 37,23,World Cup - Round I  Matchday 8,24/01/2025,90,3,-1,-1,3.5,2,4,4,-1.0,-1.0,3.5,2.0,-1.0,-1.0,25.04.2023 boczny_obronca (90'),Polska,26.04.2023"
"Kazimierz Synak,326152239,17.015,,35,WC 37,7,Continental Championship  Matchday 5,18/10/2024,89,5,-1,-1,-1,-1,1.5,-1,-1.0,-1.0,-1.0,-1.0,-1.0,-1.0,21.04.2023 skrzydlowy (43'),Polska,26.04.2023"
"Marcin Barszczewski,327451198,15.042,,1,WC 38,1,Friendly,02/05/2025,91,1,-1,-1,-1,-1,3.5,-1,-1.0,-1.0,-1.0,-1.0,3.5,-1.0,25.04.2023 skrzydlowy (90'),Polska,26.04.2023"
"Marcin Ufnal,322988000,16.044,U,90,WC 37,21,World Cup - Round I  Matchday 6,10/01/2025,90,1,1.5,-1,3,4,4.5,5,-1.0,-1.0,-1.0,4.0,4.0,-1.0,25.04.2023 skrzydlowy (90'),Polska,26.04.2023"
"Pawel Wielechowski,321605714,16.060,,129,WC 37,19,World Cup - Round I  Matchday 4,27/12/2024,89,15,-1,2,2.5,4.5,4,5,-1.0,2.0,-1.0,4.5,-1.0,-1.0,25.04.2023 pomocnik (90'),Polska,26.04.2023"
"Piotr Ciesla,321271090,16.080,,115,WC 37,15,Continental Championship - Finals,06/12/2024,89,12,-1,4,4.5,4.5,4.5,5.5,-1.0,4.0,-1.0,-1.0,4.5,-1.0,25.04.2023 stoper (90'),Polska,26.04.2023"
"Adam Koroluk,311206069,17.091,,247,WC 36,33,World Cup - Round III  Matchday 2,05/08/2024,88,11,4.5,-1,2.5,2,-1,-1,4.5,-1.0,-1.0,-1.0,-1.0,-1.0,17.04.2023 bramkarz (90'),Polska,26.04.2023"
"Arkadiusz Szofer,327785976,15.024,U,7,WC 38,5,Continental Championship  Matchday 3,23/05/2025,91,4,-1,-1,-1,-1,-1,-1,-1.0,-1.0,-1.0,-1.0,-1.0,-1.0,--------,Polska,26.04.2023"
"Artur Drygiel,313323239,18.025,U,219,WC 36,24,World Cup - Round I  Matchday 9,21/06/2024,88,4,-1,-1,3,5.5,4.5,5.5,-1.0,-1.0,-1.0,-1.0,4.5,-1.0,17.04.2023 skrzydlowy (90'),Polska,26.04.2023"
"Bernard Wscieklica,316640712,17.010,H,206,WC 37,8,Continental Championship  Matchday 6,25/10/2024,89,6,-1,3.5,3.5,5.5,4,4.5,-1.0,-1.0,3.5,5.0,-1.0,-1.0,24.04.2023 pomocnik (90'),Polska,26.04.2023"
"Dariusz Pawliczek,324682819,16.008,,23,WC 37,27,World Cup - Round II  Matchday 2,17/02/2025,90,7,-1,-1,3.5,-1,-1,-1,-1.0,-1.0,3.5,-1.0,-1.0,-1.0,24.04.2023 boczny_obronca (90'),Polska,26.04.2023"
"Dobrogost Purski,314172832,18.000,,128,WC 36,29,World Cup - Round II  Matchday 4,15/07/2024,88,8,-1,-1,2.5,5.5,3.5,3.5,-1.0,-1.0,-1.0,5.5,-1.0,-1.0,24.04.2023 pomocnik (90'),Polska,26.04.2023"
"Emanuel Dygon,317813952,18.036,,185,WC 36,22,World Cup - Round I  Matchday 7,07/06/2024,88,2,-1,5.5,5.5,4.5,5,5,-1.0,5.5,-1.0,-1.0,-1.0,-1.0,17.04.2023 stoper (90'),Polska,26.04.2023"
"Jacek Radgowski,324276538,16.047,,30,WC 37,20,World Cup - Round I  Matchday 5,03/01/2025,89,16,-1,2.5,-1,-1,3.5,-1,-1.0,2.5,-1.0,-1.0,3.5,-1.0,24.04.2023 skrzydlowy (90'),Polska,26.04.2023"
"Jakub Pietras,311873057,18.000,,288,WC 36,29,World Cup - Round II  Matchday 4,15/07/2024,88,8,-1,-1,4,3,6,4.5,-1.0,-1.0,-1.0,-1.0,4.5,4.5,24.04.2023 skrzydlowy (90'),Polska,26.04.2023"
"Kajetan Piec,318423433,16.092,,100,WC 37,12,Continental Championship  Matchday 10,22/11/2024,89,10,-1,3.5,-1,-1,4.5,7,-1.0,3.5,-1.0,-1.0,-1.0,7.0,24.04.2023 napastnik (90'),Polska,26.04.2023"
"Kasper Magiera,317367601,17.012,,135,WC 37,7,Continental Championship  Matchday 5,18/10/2024,89,5,-1,4,4,-1,4.5,6,-1.0,4.0,-1.0,-1.0,-1.0,-1.0,24.04.2023 stoper (90'),Polska,26.04.2023"
"Korneliusz Wiacek,326534325,16.041,P,45,WC 37,21,World Cup - Round I  Matchday 6,10/01/2025,90,1,-1,3,3.5,-1,-1,-1,-1.0,3.0,3.5,-1.0,-1.0,-1.0,24.04.2023 stoper (90'),Polska,26.04.2023"
"Leon Bytnar,322965171,16.023,,51,WC 37,24,World Cup - Round I  Matchday 9,31/01/2025,90,4,-1,-1,6,5.5,-1,-1,-1.0,-1.0,6.0,5.5,-1.0,-1.0,24.04.2023 boczny_obronca (90'),Polska,26.04.2023"
"Onufry Platkowski,328423210,15.061,,1,WC 37,39,World Cup - Round V  Matchday 2,14/04/2025,90,15,-1,-1,-1,-1,-1,-1,-1.0,-1.0,-1.0,-1.0,-1.0,-1.0,--------,Polska,26.04.2023"
"Patryk Slazak,310066067,18.012,,226,WC 36,25,World Cup - Round I  Matchday 10,28/06/2024,88,5,-1,-1,3.5,5.5,5,3.5,-1.0,-1.0,3.5,-1.0,4.5,-1.0,17.04.2023 skrzydlowy (90'),Polska,26.04.2023"
"Przemyslaw Olechnowicz,314701376,17.059,,241,WC 36,40,World Cup - Round V  Matchday 3,06/09/2024,88,15,4,-1,1.5,-1,-1,-1,4.0,-1.0,1.5,-1.0,-1.0,-1.0,24.04.2023 bramkarz (90'),Polska,26.04.2023"
"Radogost Kuchnicki,318860232,18.002,,163,WC 36,28,World Cup - Round II  Matchday 3,12/07/2024,88,7,-1,4.5,-1,7,6,5,-1.0,4.5,-1.0,7.0,-1.0,-1.0,24.04.2023 stoper (90'),Polska,26.04.2023"
"Arkadiusz Picewicz,324110802,16.060,P,78,WC 37,19,World Cup - Round I  Matchday 4,27/12/2024,89,15,-1,5.5,-1,6,5.5,-1,-1.0,5.5,-1.0,-1.0,-1.0,-1.0,20.04.2023 stoper (90'),Polska,26.04.2023"
"Aleksander Kubicki,326558371,15.070,T,44,WC 37,37,World Cup - Round IV  Matchday 3,04/04/2025,90,13,-1,-1,4,3.5,-1,5,-1.0,-1.0,4.0,-1.0,-1.0,5.0,20.04.2023 napastnik (90'),Polska,26.04.2023"
"Antoni Durnas,321345706,16.037,,58,WC 37,22,World Cup - Round I  Matchday 7,17/01/2025,90,2,-1,-1,2.5,4,4,-1,-1.0,-1.0,-1.0,4.0,-1.0,-1.0,20.04.2023 pomocnik (90'),Polska,26.04.2023"
"Damian Rodzik,320670528,16.041,,111,WC 37,21,World Cup - Round I  Matchday 6,10/01/2025,90,1,-1,4.5,-1,5,5.5,3.5,-1.0,-1.0,-1.0,-1.0,-1.0,3.5,20.04.2023 napastnik (90'),Polska,26.04.2023"
"Dawid Snitko,308620394,18.049,,344,WC 36,20,World Cup - Round I  Matchday 5,24/05/2024,87,16,-1,-1,4.5,4.5,5,5,-1.0,-1.0,-1.0,4.5,-1.0,-1.0,13.04.2023 pomocnik (90'),Polska,26.04.2023"
"Ernest Flont,324063023,16.009,,36,WC 37,26,World Cup - Round II  Matchday 1,14/02/2025,90,6,-1,3,-1,4,3.5,-1,-1.0,3.0,-1.0,4.0,3.5,-1.0,20.04.2023 pomocnik (90'),Polska,26.04.2023"
"Jakub Zuberek,314701178,17.055,,186,WC 36,41,World Cup - Semifinals,09/09/2024,88,16,-1,2,3,-1,-1,7,-1.0,2.0,-1.0,-1.0,-1.0,-1.0,13.01.2023 stoper (42'),Polska,26.04.2023"
"Kazimierz Kalista,320947943,16.111,,134,WC 37,9,Continental Championship  Matchday 7,01/11/2024,89,7,-1,3.5,5,-1,6,4.5,-1.0,-1.0,-1.0,-1.0,6.0,-1.0,20.04.2023 skrzydlowy (90'),Polska,26.04.2023"
"Kornel Wodzynski,309845257,18.087,Q,330,WC 36,13,Continental Championship - Quarterfinals,19/04/2024,87,11,1.5,-1,-1,3,3.5,5.5,1.5,-1.0,-1.0,-1.0,3.5,-1.0,28.03.2023 bramkarz (90'),Polska,26.04.2023"
"Mariusz Wybierala,312423111,17.069,T,260,WC 36,37,World Cup - Round IV  Matchday 3,23/08/2024,88,13,-1,3.5,4,3,4.5,3.5,-1.0,3.5,-1.0,-1.0,-1.0,-1.0,28.03.2023 stoper (90'),Polska,26.04.2023"
"Mariusz Zatylny,327548025,15.106,,8,WC 37,30,World Cup - Round II  Matchday 5,28/02/2025,90,8,-1,3.5,-1,-1,-1,-1,-1.0,3.5,-1.0,-1.0,-1.0,-1.0,20.04.2023 stoper (90'),Polska,26.04.2023"
"Michal Lukowicz,315797033,17.027,,152,WC 37,4,Continental Championship  Matchday 2,07/10/2024,89,4,-1,-1,-1,-1,5,6.5,-1.0,-1.0,-1.0,-1.0,-1.0,6.5,28.03.2023 napastnik (90'),Polska,26.04.2023"
"Pawel Andrzejczyk,321292238,16.100,Q,121,WC 37,11,Continental Championship  Matchday 9,15/11/2024,89,9,2,4.5,4.5,4.5,4,3,2.0,-1.0,-1.0,-1.0,-1.0,-1.0,20.04.2023 bramkarz (90'),Polska,26.04.2023"
"Pawel Dytlow,326708932,15.057,U,30,WC 37,41,World Cup - Semifinals,21/04/2025,90,16,-1,5.5,6,-1,5.5,-1,-1.0,5.5,6.0,-1.0,-1.0,-1.0,20.04.2023 boczny_obronca (90'),Polska,26.04.2023"
"Roman Chudzinski,323691524,17.037,,68,WC 37,2,Friendly,27/09/2024,89,2,-1,-1,-1,5.5,6,-1,-1.0,-1.0,-1.0,-1.0,6.0,-1.0,20.04.2023 skrzydlowy (90'),Polska,26.04.2023"
"Sylwester Nasuta,317250742,16.104,,169,WC 37,10,Continental Championship  Matchday 8,08/11/2024,89,8,-1,4.5,-1,4,4.5,4,-1.0,4.5,-1.0,-1.0,4.5,-1.0,07.03.2023 skrzydlowy (90'),Polska,26.04.2023"
"Wieslaw Bonin,322915216,16.040,T,51,WC 37,21,World Cup - Round I  Matchday 6,10/01/2025,90,1,-1,-1,5,5.5,-1,-1,-1.0,-1.0,5.0,-1.0,-1.0,-1.0,20.04.2023 boczny_obronca (90'),Polska,26.04.2023"
"Pawel Swirszcz,322174608,16.026,,113,WC 37,23,World Cup - Round I  Matchday 8,24/01/2025,90,3,-1,-1,3.5,-1,5,5,-1.0,-1.0,3.5,-1.0,5.0,-1.0,25.04.2023 skrzydlowy (90'),Polska,26.04.2023"
"Czeslaw Truskowski,320220785,16.080,H,80,WC 37,15,Continental Championship - Finals,06/12/2024,89,12,-1,-1,-1,-1,5.5,-1,-1.0,-1.0,-1.0,-1.0,5.0,-1.0,25.04.2023 skrzydlowy (90'),Polska,26.04.2023"
"Wojciech Dlugaj,318813017,16.094,,171,WC 37,12,Continental Championship  Matchday 10,22/11/2024,89,10,-1,-1,3,3.5,3.5,8,-1.0,-1.0,-1.0,-1.0,3.5,7.5,25.04.2023 napastnik (90'),Polska,26.04.2023"
"Adam Lucki,327019553,16.069,,17,WC 37,17,World Cup - Round I  Matchday 2,16/12/2024,89,14,-1,-1,-1,-1,5,-1,-1.0,-1.0,-1.0,-1.0,5.0,-1.0,16.04.2023 skrzydlowy (90'),Polska,26.04.2023"
"Artur Wachowicz,321647680,16.058,,66,WC 37,19,World Cup - Round I  Matchday 4,27/12/2024,89,15,-1,-1,4.5,3,-1,-1,-1.0,-1.0,4.5,3.0,-1.0,-1.0,25.04.2023 boczny_obronca (90'),Polska,26.04.2023"
"Dominik Borys,318449518,16.104,T,129,WC 37,10,Continental Championship  Matchday 8,08/11/2024,89,8,-1,-1,3.5,4,-1,4.5,-1.0,-1.0,3.5,-1.0,-1.0,-1.0,25.04.2023 boczny_obronca (90'),Polska,26.04.2023"
"Ignacy Lepicki,323809169,17.024,,38,WC 37,5,Continental Championship  Matchday 3,11/10/2024,89,4,-1,1.5,-1,-1,-1,7,-1.0,1.5,-1.0,-1.0,-1.0,7.0,25.04.2023 stoper (90'),Polska,26.04.2023"
"Kuba Tataruch,318449262,16.081,,101,WC 37,15,Continental Championship - Finals,06/12/2024,89,12,-1,-1,-1,3.5,-1,5,-1.0,-1.0,-1.0,3.5,-1.0,-1.0,25.04.2023 pomocnik (90'),Polska,26.04.2023"
"Marcin Heliasz,320053012,16.092,,73,WC 37,12,Continental Championship  Matchday 10,22/11/2024,89,10,-1,2.5,-1,-1,-1,7,-1.0,2.5,-1.0,-1.0,-1.0,7.0,25.04.2023 stoper (90'),Polska,26.04.2023"
"Mariusz Dziudzik,318040213,16.111,,178,WC 37,9,Continental Championship  Matchday 7,01/11/2024,89,7,3.5,0.5,-1,-1,-1,-1,3.0,-1.0,-1.0,-1.0,-1.0,-1.0,25.04.2023 bramkarz (90'),Polska,26.04.2023"
"Miroslaw Bielinski,321067389,16.037,P,136,WC 37,22,World Cup - Round I  Matchday 7,17/01/2025,90,2,-1,-1,-1,4,4.5,5.5,-1.0,-1.0,-1.0,-1.0,-1.0,5.5,25.04.2023 napastnik (90'),Polska,26.04.2023"
"Wlodzimierz Czak,324316577,16.101,,31,WC 37,11,Continental Championship  Matchday 9,15/11/2024,89,9,-1,4.5,-1,-1,-1,-1,-1.0,4.5,-1.0,-1.0,-1.0,-1.0,25.04.2023 stoper (90'),Polska,26.04.2023"
"Adam Skowronski,318955563,17.040,,101,WC 37,1,Friendly,20/09/2024,89,1,-1,-1,-1,-1,5.5,-1,-1.0,-1.0,-1.0,-1.0,-1.0,-1.0,22.02.2023 skrzydlowy (38'),Polska,26.04.2023"
"Anzelm Kempa,323009014,16.063,,50,WC 37,18,World Cup - Round I  Matchday 3,20/12/2024,89,14,-1,-1,-1,-1,-1,-1,-1.0,-1.0,-1.0,-1.0,-1.0,-1.0,--------,Polska,26.04.2023"
"Bartlomiej Brejwo,319504554,17.024,,139,WC 37,5,Continental Championship  Matchday 3,11/10/2024,89,4,-1,3.5,-1,3.5,-1,4,-1.0,3.5,-1.0,-1.0,-1.0,-1.0,26.04.2023 stoper (90'),Polska,26.04.2023"
"Dariusz Bogdaniuk,321750950,16.052,,86,WC 37,20,World Cup - Round I  Matchday 5,03/01/2025,89,16,-1,-1,-1,4,4,-1,-1.0,-1.0,-1.0,4.0,-1.0,-1.0,12.04.2023 pomocnik (90'),Polska,26.04.2023"
"Dominik Sep,326999794,16.106,,3,WC 37,10,Continental Championship  Matchday 8,08/11/2024,89,8,-1,-1,4.5,-1,-1,-1,-1.0,-1.0,4.5,-1.0,-1.0,-1.0,26.04.2023 boczny_obronca (90'),Polska,26.04.2023"
"Edmund Solyga,320490383,16.085,,129,WC 37,14,Continental Championship - Semifinals,02/12/2024,89,12,-1,3,-1,-1,-1,-1,-1.0,3.0,-1.0,-1.0,-1.0,-1.0,16.03.2023 stoper (90'),Polska,26.04.2023"
"Filip Molendowski,327702567,16.105,T,24,WC 37,10,Continental Championship  Matchday 8,08/11/2024,89,8,-1,-1,-1,-1,-1,-1,-1.0,-1.0,-1.0,-1.0,-1.0,-1.0,--------,Polska,26.04.2023"
"Grodzislaw Idec,321121557,17.031,,69,WC 37,3,Continental Championship  Matchday 1,04/10/2024,89,3,-1,-1,-1,1,-1,-1,-1.0,-1.0,-1.0,1.0,-1.0,-1.0,26.04.2023 pomocnik (90'),Polska,26.04.2023"
"Jacek Czubek,322984289,17.005,,37,WC 37,8,Continental Championship  Matchday 6,25/10/2024,89,6,-1,-1,-1,-1,-1,7,-1.0,-1.0,-1.0,-1.0,-1.0,7.0,26.04.2023 napastnik (90'),Polska,26.04.2023"
"Jan Oswiecimski,320929882,16.050,,80,WC 37,20,World Cup - Round I  Matchday 5,03/01/2025,89,16,-1,-1,-1,-1,-1,-1,-1.0,-1.0,-1.0,-1.0,-1.0,-1.0,--------,Polska,26.04.2023"
"Jan Rotkiewicz,315944993,17.041,P,224,WC 37,1,Friendly,20/09/2024,89,1,-1,5,4.5,4,5,-1,-1.0,-1.0,-1.0,-1.0,5.0,-1.0,26.04.2023 skrzydlowy (90'),Polska,26.04.2023"
"Krzysztof Czerwien,323217919,16.026,,58,WC 37,23,World Cup - Round I  Matchday 8,24/01/2025,90,3,-1,-1,5,-1,-1,6,-1.0,-1.0,5.0,-1.0,-1.0,6.0,26.04.2023 napastnik (90'),Polska,26.04.2023"
"Lech Szymeczko,324189916,16.010,,43,WC 37,26,World Cup - Round II  Matchday 1,14/02/2025,90,6,2,-1,-1,-1,-1,-1,2.0,-1.0,-1.0,-1.0,-1.0,-1.0,26.04.2023 bramkarz (90'),Polska,26.04.2023"
"Michal Roslaniec,320044426,16.090,P,147,WC 37,12,Continental Championship  Matchday 10,22/11/2024,89,10,-1,5.5,6,5,5,-1,-1.0,-1.0,6.0,-1.0,-1.0,-1.0,26.04.2023 boczny_obronca (90'),Polska,26.04.2023"
"Patryk Pietrowicz,323963995,16.034,,30,WC 37,22,World Cup - Round I  Matchday 7,17/01/2025,90,2,-1,-1,-1,-1,-1,-1,-1.0,-1.0,-1.0,-1.0,-1.0,-1.0,--------,Polska,26.04.2023"
"Pawel Grzelczak,327762116,16.039,,15,WC 37,22,World Cup - Round I  Matchday 7,17/01/2025,90,2,-1,-1,-1,-1,6,-1,-1.0,-1.0,-1.0,-1.0,6.0,-1.0,26.04.2023 skrzydlowy (90'),Polska,26.04.2023"
"Racimir Sznaza,328615829,15.064,,9,WC 37,39,World Cup - Round V  Matchday 2,14/04/2025,90,15,-1,-1,-1,4.5,-1,-1,-1.0,-1.0,-1.0,4.5,-1.0,-1.0,26.04.2023 pomocnik (90'),Polska,26.04.2023"
"Stanislaw Czaja,317691611,16.108,,169,WC 37,10,Continental Championship  Matchday 8,08/11/2024,89,8,-1,5.5,-1,7,5,3,-1.0,-1.0,-1.0,7.0,-1.0,-1.0,26.04.2023 pomocnik (90'),Polska,26.04.2023"
"Abel Makowczynski,321648086,16.031,,73,WC 37,23,World Cup - Round I  Matchday 8,24/01/2025,90,3,-1,-1,-1,4.5,4.5,5,-1.0,-1.0,-1.0,4.5,-1.0,5.0,25.04.2023 napastnik (90'),Polska,26.04.2023"
"Ambrozy Brutkowski,321251980,16.050,,135,WC 37,20,World Cup - Round I  Matchday 5,03/01/2025,89,16,-1,3,4,3.5,5,7.5,-1.0,3.0,4.0,-1.0,-1.0,6.0,15.04.2023 napastnik (7'),Polska,26.04.2023"
"Apoloniusz Kryszak,326945761,16.107,,24,WC 37,10,Continental Championship  Matchday 8,08/11/2024,89,8,-1,4.5,-1,-1,-1,4.5,-1.0,4.5,-1.0,-1.0,-1.0,4.5,24.04.2023 stoper (90'),Polska,26.04.2023"
"Bogdan Fura,326405923,16.089,,2,WC 37,12,Continental Championship  Matchday 10,22/11/2024,89,10,-1,-1,-1,4,-1,-1,-1.0,-1.0,-1.0,4.0,-1.0,-1.0,25.04.2023 pomocnik (90'),Polska,26.04.2023"
"Bronislav Horbach,327230361,16.023,U,17,WC 37,24,World Cup - Round I  Matchday 9,31/01/2025,90,4,-1,-1,-1,-1,4,6.5,-1.0,-1.0,-1.0,-1.0,4.0,6.5,25.04.2023 skrzydlowy (90'),Polska,26.04.2023"
"Cezary Zydziak,321251986,16.110,Q,115,WC 37,9,Continental Championship  Matchday 7,01/11/2024,89,7,-1,-1,4.5,5,6,5.5,-1.0,-1.0,-1.0,5.0,6.0,-1.0,25.04.2023 pomocnik (90'),Polska,26.04.2023"
"Edmund Konstantynowicz,322823318,16.053,,93,WC 37,20,World Cup - Round I  Matchday 5,03/01/2025,89,16,-1,4,-1,5.5,6.5,-1,-1.0,4.0,-1.0,5.0,-1.0,-1.0,25.04.2023 stoper (90'),Polska,26.04.2023"
"Kamil Krosta,325331356,16.009,,9,WC 37,26,World Cup - Round II  Matchday 1,14/02/2025,90,6,-1,3,-1,3,-1,-1,-1.0,3.0,-1.0,3.0,-1.0,-1.0,25.04.2023 stoper (90'),Polska,26.04.2023"
"Marek Bula,325734703,16.002,,59,WC 37,28,World Cup - Round II  Matchday 3,21/02/2025,90,7,-1,-1,-1,3,4,5.5,-1.0,-1.0,-1.0,3.0,4.0,5.5,25.04.2023 napastnik (90'),Polska,26.04.2023"
"Norbert Barcik,309964004,18.019,,304,WC 36,24,World Cup - Round I  Matchday 9,21/06/2024,88,4,4.5,-1,-1,-1,-1,-1,4.5,-1.0,-1.0,-1.0,-1.0,-1.0,25.04.2023 bramkarz (90'),Polska,26.04.2023"
"Pawel Prindisz,322823317,16.084,U,101,WC 37,14,Continental Championship - Semifinals,02/12/2024,89,12,-1,-1,4,5,5.5,8,-1.0,-1.0,-1.0,-1.0,-1.0,8.0,25.04.2023 napastnik (90'),Polska,26.04.2023"
"Pawel Szymanowski,320451201,16.042,P,149,WC 37,21,World Cup - Round I  Matchday 6,10/01/2025,90,1,-1,4.5,-1,4,-1,-1,-1.0,4.5,-1.0,-1.0,-1.0,-1.0,25.04.2023 pomocnik (74'),Polska,26.04.2023"
"Rudolf Szczesny,324086390,16.098,,87,WC 37,11,Continental Championship  Matchday 9,15/11/2024,89,9,-1,-1,4,4,5.5,6,-1.0,-1.0,4.0,-1.0,5.5,-1.0,24.04.2023 skrzydlowy (90'),Polska,26.04.2023"
"Tadeusz Krasna,326158664,17.032,,45,WC 37,3,Continental Championship  Matchday 1,04/10/2024,89,3,-1,3,-1,4.5,-1,-1,-1.0,3.0,-1.0,4.5,-1.0,-1.0,01.04.2023 stoper (90'),Polska,26.04.2023"
"Tomasz Siarkiewicz,325026606,16.074,,65,WC 37,16,World Cup - Round I  Matchday 1,13/12/2024,89,13,-1,-1,-1,3.5,-1,-1,-1.0,-1.0,-1.0,3.5,-1.0,-1.0,21.02.2023 pomocnik (90'),Polska,26.04.2023"
"Wieslaw Walach,321273789,16.029,H,121,WC 37,23,World Cup - Round I  Matchday 8,24/01/2025,90,3,-1,4,4,6.5,4.5,4.5,-1.0,3.5,-1.0,5.0,-1.0,-1.0,25.04.2023 pomocnik (16'),Polska,26.04.2023"
"Zbyslaw Huras,322463569,16.026,,80,WC 37,23,World Cup - Round I  Matchday 8,24/01/2025,90,3,-1,-1,-1,5,-1,5.5,-1.0,-1.0,-1.0,5.0,-1.0,5.5,24.04.2023 napastnik (90'),Polska,26.04.2023"
"Zdzislaw Dragon,327391002,15.066,,31,WC 37,38,World Cup - Round V  Matchday 1,11/04/2025,90,14,-1,-1,3,-1,4,5,-1.0,-1.0,3.0,-1.0,4.0,5.0,25.04.2023 skrzydlowy (90'),Polska,26.04.2023"
"Aleksander Kopij,313063820,18.030,,213,WC 36,23,World Cup - Round I  Matchday 8,14/06/2024,88,3,-1,-1,-1,4,-1,4.5,-1.0,-1.0,-1.0,-1.0,-1.0,4.5,21.04.2023 napastnik (90'),Polska,26.04.2023"
"Benedykt Wasyluk,318476992,16.101,,183,WC 37,11,Continental Championship  Matchday 9,15/11/2024,89,9,-1,-1,3.5,-1,-1,-1,-1.0,-1.0,3.5,-1.0,-1.0,-1.0,21.04.2023 boczny_obronca (90'),Polska,26.04.2023"
"Edmund Swida,308164817,18.094,,283,WC 36,12,Continental Championship  Matchday 10,12/04/2024,87,10,-1,5.5,4.5,3.5,-1,-1,-1.0,5.5,-1.0,-1.0,-1.0,-1.0,21.04.2023 stoper (90'),Polska,26.04.2023"
"Eggerd Mortensen,316838240,18.063,,206,WC 36,18,World Cup - Round I  Matchday 3,10/05/2024,87,14,-1,-1,-1,4,-1,-1,-1.0,-1.0,-1.0,3.5,-1.0,-1.0,21.04.2023 pomocnik (90'),Polska,26.04.2023"
"Kazimierz Dymowski,314446931,18.064,,248,WC 36,18,World Cup - Round I  Matchday 3,10/05/2024,87,14,-1,3.5,-1,4,-1,-1,-1.0,-1.0,-1.0,4.0,-1.0,-1.0,21.04.2023 pomocnik (90'),Polska,26.04.2023"
"Leszek Grygierzec,312296004,18.037,,276,WC 36,22,World Cup - Round I  Matchday 7,07/06/2024,88,2,-1,2.5,-1,2,2.5,4.5,-1.0,2.5,-1.0,-1.0,-1.0,4.5,05.10.2022 napastnik (90'),Polska,26.04.2023"
"Maciej Synakiewicz,314734221,18.051,,224,WC 36,20,World Cup - Round I  Matchday 5,24/05/2024,87,16,-1,1.5,-1,-1,-1,4.5,-1.0,-1.0,-1.0,-1.0,-1.0,4.5,21.04.2023 napastnik (90'),Polska,26.04.2023"
"Pawel Gad,316741946,17.062,,199,WC 36,39,World Cup - Round V  Matchday 2,02/09/2024,88,15,-1,-1,3.5,-1,-1,-1,-1.0,-1.0,3.5,-1.0,-1.0,-1.0,21.10.2022 boczny_obronca (90'),Polska,26.04.2023"
"Radoslaw Dziendziel,310594782,19.010,,269,WC 36,8,Continental Championship  Matchday 6,15/03/2024,87,6,-1,-1,-1,-1,-1,-1,-1.0,-1.0,-1.0,-1.0,-1.0,-1.0,--------,Polska,26.04.2023"
"Szymon Gawrych,309013238,18.014,,344,WC 36,25,World Cup - Round I  Matchday 10,28/06/2024,88,5,5,-1,-1,-1,-1,-1,4.5,-1.0,-1.0,-1.0,-1.0,-1.0,21.04.2023 bramkarz (90'),Polska,26.04.2023"
"Tadeusz Paruzel,315501678,17.019,,192,WC 37,6,Continental Championship  Matchday 4,14/10/2024,89,5,-1,-1,2.5,-1,-1,-1,-1.0,-1.0,2.5,-1.0,-1.0,-1.0,21.04.2023 boczny_obronca (90'),Polska,26.04.2023"
"Waldemar Walat,315213890,18.093,,231,WC 36,12,Continental Championship  Matchday 10,12/04/2024,87,10,-1,-1,-1,-1,-1,-1,-1.0,-1.0,-1.0,-1.0,-1.0,-1.0,--------,Polska,26.04.2023"
"Wladyslaw Klaja,314347456,17.078,Q,241,WC 36,36,World Cup - Round IV  Matchday 2,19/08/2024,88,13,-1,5,-1,-1,4.5,3,-1.0,5.0,-1.0,-1.0,-1.0,-1.0,21.04.2023 stoper (90'),Polska,26.04.2023"
"Wlodzimierz Krynicki,312353423,19.040,,283,WC 36,1,Friendly,09/02/2024,87,1,-1,3.5,-1,5,6.5,-1,-1.0,-1.0,-1.0,-1.0,6.0,-1.0,10.03.2023 skrzydlowy (90'),Polska,26.04.2023"
"Adrian Walerczak,309884066,18.006,,325,WC 36,27,World Cup - Round II  Matchday 2,08/07/2024,88,7,5,-1,-1,-1,-1,-1,4.5,-1.0,-1.0,-1.0,-1.0,-1.0,06.02.2023 bramkarz (90'),Polska,26.04.2023"
"Albert Steplowski,322060027,16.079,T,108,WC 37,15,Continental Championship - Finals,06/12/2024,89,12,-1,-1,-1,3,-1,7,-1.0,-1.0,-1.0,-1.0,-1.0,7.0,21.04.2023 napastnik (90'),Polska,26.04.2023"
"Baltazar Motyka,320031384,17.088,H,94,WC 36,34,World Cup - Round III  Matchday 3,09/08/2024,88,11,-1,-1,4.5,4,5,5.5,-1.0,-1.0,-1.0,-1.0,-1.0,5.5,07.04.2023 napastnik (90'),Polska,26.04.2023"
"Gustaw Szarejko,313521377,18.051,Q,227,WC 36,20,World Cup - Round I  Matchday 5,24/05/2024,87,16,-1,5,5,5.5,6,4.5,-1.0,5.0,-1.0,5.5,6.0,-1.0,21.04.2023 skrzydlowy (90'),Polska,26.04.2023"
"Jakub Hoffman,322173070,16.079,,87,WC 37,15,Continental Championship - Finals,06/12/2024,89,12,4.5,1.5,-1,-1,-1,-1,4.5,-1.0,-1.0,-1.0,-1.0,-1.0,21.04.2023 bramkarz (90'),Polska,26.04.2023"
"Jedrzej Strzemecki,315329717,17.025,Q,220,WC 37,5,Continental Championship  Matchday 3,11/10/2024,89,4,-1,5,-1,5.5,4,4.5,-1.0,5.0,-1.0,5.5,-1.0,-1.0,21.04.2023 stoper (90'),Polska,26.04.2023"
"Juliusz Szecel,317774061,17.066,,171,WC 36,38,World Cup - Round V  Matchday 1,30/08/2024,88,14,-1,5,6.5,-1,4.5,-1,-1.0,-1.0,5.0,-1.0,4.5,-1.0,31.03.2023 boczny_obronca (90'),Polska,26.04.2023"
"Kamil Kalisz,325087120,15.069,,59,WC 37,37,World Cup - Round IV  Matchday 3,04/04/2025,90,13,-1,-1,3.5,5,-1,3.5,-1.0,-1.0,-1.0,5.0,-1.0,-1.0,21.04.2023 pomocnik (90'),Polska,26.04.2023"
"Krzysztof Groszek,320801783,16.049,,143,WC 37,20,World Cup - Round I  Matchday 5,03/01/2025,89,16,-1,-1,4,3.5,5.5,7.5,-1.0,-1.0,4.0,-1.0,5.5,-1.0,21.04.2023 skrzydlowy (90'),Polska,26.04.2023"
"Krzysztof Niedzwiedzki,324365945,16.013,,24,WC 37,25,World Cup - Round I  Matchday 10,07/02/2025,90,5,-1,-1,-1,4,-1,-1,-1.0,-1.0,-1.0,4.0,-1.0,-1.0,05.04.2023 pomocnik (90'),Polska,26.04.2023"
"Marek Chociewicz,322823109,17.028,,73,WC 37,4,Continental Championship  Matchday 2,07/10/2024,89,4,-1,-1,5,-1,4.5,5.5,-1.0,-1.0,5.0,-1.0,4.5,5.5,21.04.2023 boczny_obronca (90'),Polska,26.04.2023"
"Przemyslaw Wycislo,326969684,15.103,,17,WC 37,30,World Cup - Round II  Matchday 5,28/02/2025,90,8,-1,-1,-1,3,-1,4,-1.0,-1.0,-1.0,3.0,-1.0,4.0,21.04.2023 napastnik (90'),Polska,26.04.2023"
"Radoslaw Lara,316235572,17.027,U,164,WC 37,4,Continental Championship  Matchday 2,07/10/2024,89,4,-1,-1,5.5,3.5,5,-1,-1.0,-1.0,5.5,-1.0,5.0,-1.0,21.04.2023 boczny_obronca (90'),Polska,26.04.2023"
"Stanislaw Mrowinski,314727197,18.021,U,185,WC 36,24,World Cup - Round I  Matchday 9,21/06/2024,88,4,-1,3,4,6,6,7.5,-1.0,-1.0,-1.0,6.0,6.0,7.5,21.04.2023 pomocnik (90'),Polska,26.04.2023"
"Witold Mejka,328381123,16.004,,10,WC 37,28,World Cup - Round II  Matchday 3,21/02/2025,90,7,-1,-1,-1,5.5,-1,-1,-1.0,-1.0,-1.0,5.5,-1.0,-1.0,21.04.2023 pomocnik (90'),Polska,26.04.2023"
"Adrian Dysko,305832617,19.015,T,325,WC 36,7,Continental Championship  Matchday 5,08/03/2024,87,5,1.5,-1,-1,4,5.5,-1,-1.0,-1.0,-1.0,-1.0,5.5,-1.0,09.04.2023 skrzydlowy (90'),Polska,26.04.2023"
"Bartlomiej Kajdasz,320134037,16.081,U,101,WC 37,15,Continental Championship - Finals,06/12/2024,89,12,1.5,-1,-1,-1,4.5,-1,1.5,-1.0,-1.0,-1.0,-1.0,-1.0,25.04.2023 bramkarz (90'),Polska,26.04.2023"
"Bronislaw Romanow,324543772,16.007,P,38,WC 37,27,World Cup - Round II  Matchday 2,17/02/2025,90,7,-1,-1,-1,6,-1,-1,-1.0,-1.0,-1.0,5.5,-1.0,-1.0,25.04.2023 pomocnik (90'),Polska,26.04.2023"
"Feliks Grzeszczyk,323755335,16.051,T,16,WC 37,20,World Cup - Round I  Matchday 5,03/01/2025,89,16,-1,-1,4,-1,4,-1,-1.0,-1.0,4.0,-1.0,4.0,-1.0,25.04.2023 boczny_obronca (90'),Polska,26.04.2023"
"Jacek Fila,308061791,18.028,T,185,WC 36,23,World Cup - Round I  Matchday 8,14/06/2024,88,3,-1,-1,-1,-1,-1,4,-1.0,-1.0,-1.0,-1.0,-1.0,3.0,25.04.2023 napastnik (90'),Polska,26.04.2023"
"Jan Chilinski,313113192,17.057,,108,WC 36,41,World Cup - Semifinals,09/09/2024,88,16,-1,-1,-1,-1,-1,3.5,-1.0,-1.0,-1.0,-1.0,-1.0,3.5,25.04.2023 napastnik (90'),Polska,26.04.2023"
"Jaroslaw Garczewski,324189078,16.081,,3,WC 37,15,Continental Championship - Finals,06/12/2024,89,12,-1,-1,-1,-1,-1,-1,-1.0,-1.0,-1.0,-1.0,-1.0,-1.0,--------,Polska,26.04.2023"
"Jedrzej Laks,319772196,17.039,,149,WC 37,2,Friendly,27/09/2024,89,2,-1,-1,3.5,-1,4.5,4.5,-1.0,-1.0,3.5,-1.0,4.5,-1.0,25.04.2023 skrzydlowy (90'),Polska,26.04.2023"
"Jozef Berej,321257062,17.030,U,66,WC 37,3,Continental Championship  Matchday 1,04/10/2024,89,3,-1,-1,-1,5.5,-1,4.5,-1.0,-1.0,-1.0,-1.0,-1.0,4.5,25.04.2023 napastnik (90'),Polska,26.04.2023"
"Kasper Grygiel,308427926,18.029,H,353,WC 36,23,World Cup - Round I  Matchday 8,14/06/2024,88,3,-1,5,5.5,4,-1,-1,-1.0,-1.0,5.5,-1.0,-1.0,-1.0,25.04.2023 boczny_obronca (90'),Polska,26.04.2023"
"Konstanty Kwasniak,321121367,16.103,U,31,WC 37,10,Continental Championship  Matchday 8,08/11/2024,89,8,-1,-1,-1,5,-1,-1,-1.0,-1.0,-1.0,5.0,-1.0,-1.0,25.04.2023 pomocnik (90'),Polska,26.04.2023"
"Lucjan Gawerski,307308388,18.068,,318,WC 36,17,World Cup - Round I  Matchday 2,06/05/2024,87,14,-1,-1,-1,-1,5,5,-1.0,-1.0,-1.0,-1.0,5.0,-1.0,25.04.2023 skrzydlowy (90'),Polska,26.04.2023"
"Marceli Skawski,323246465,17.000,H,24,WC 37,9,Continental Championship  Matchday 7,01/11/2024,89,7,-1,-1,-1,5.5,-1,-1,-1.0,-1.0,-1.0,5.5,-1.0,-1.0,25.04.2023 pomocnik (90'),Polska,26.04.2023"
"Marek Stodulski,312694631,19.020,P,255,WC 36,6,Continental Championship  Matchday 4,04/03/2024,87,5,2.5,5,6,-1,-1,-1,-1.0,-1.0,5.5,-1.0,-1.0,-1.0,02.04.2023 boczny_obronca (90'),Polska,26.04.2023"
"August Lizon,300781814,19.098,,457,WC 36,,Final,,,,1.5,3.5,4,3.5,5,6.5,-1.0,3.5,-1.0,-1.0,-1.0,6.5,13.01.2023 stoper (90'),Polska,26.04.2023"
"Bartosz Jucha,327510598,16.052,,6,WC 37,20,World Cup - Round I  Matchday 5,03/01/2025,89,16,-1,-1,-1,-1,-1,-1,-1.0,-1.0,-1.0,-1.0,-1.0,-1.0,--------,Polska,26.04.2023"
"Cyprian Stekla,323892194,16.099,,74,WC 37,11,Continental Championship  Matchday 9,15/11/2024,89,9,-1,4.5,-1,-1,5,5.5,-1.0,4.5,-1.0,-1.0,5.0,4.5,22.04.2023 stoper (90'),Polska,26.04.2023"
"Drogomir Mackowiak,320629573,16.102,,19,WC 37,11,Continental Championship  Matchday 9,15/11/2024,89,9,-1,-1,-1,-1,4.5,-1,-1.0,-1.0,-1.0,-1.0,4.5,-1.0,22.04.2023 skrzydlowy (90'),Polska,26.04.2023"
"Edmund Siemienczuk,324922455,16.097,,26,WC 37,11,Continental Championship  Matchday 9,15/11/2024,89,9,4.5,-1,-1,-1,-1,0.5,4.5,-1.0,-1.0,-1.0,-1.0,0.5,22.04.2023 bramkarz (90'),Polska,26.04.2023"
"Janusz Andraka,315621475,17.015,,198,WC 37,7,Continental Championship  Matchday 5,18/10/2024,89,5,2.5,5.5,5,4,4,4.5,2.5,5.5,5.0,-1.0,-1.0,-1.0,22.04.2023 stoper (90'),Polska,26.04.2023"
"Jaroslaw Nieruchalski,321526843,16.069,,87,WC 37,17,World Cup - Round I  Matchday 2,16/12/2024,89,14,-1,-1,3,3,3.5,5.5,-1.0,-1.0,3.0,3.0,3.5,-1.0,22.04.2023 boczny_obronca (90'),Polska,26.04.2023"
"Jozef Kutyna,320694662,16.082,,101,WC 37,14,Continental Championship - Semifinals,02/12/2024,89,12,-1,-1,-1,4.5,4,4,-1.0,-1.0,-1.0,4.5,-1.0,4.0,22.04.2023 napastnik (90'),Polska,26.04.2023"
"Kajetan Maciejasz,305748113,20.010,H,375,WC 36,,Final,,,,-1,5,5,4,4.5,3.5,-1.0,5.0,5.0,-1.0,-1.0,-1.0,23.12.2022 boczny_obronca (90'),Polska,26.04.2023"
"Konstanty Strojny,298769974,19.090,U,500,WC 36,,Final,,,,2.5,5,5.5,4,4.5,3.5,2.5,-1.0,5.5,-1.0,-1.0,-1.0,21.01.2023 bramkarz (90'),Polska,26.04.2023"
"Leszek Pawlikowski,324723429,16.061,T,35,WC 37,18,World Cup - Round I  Matchday 3,20/12/2024,89,14,-1,2.5,-1,-1,-1,4,-1.0,2.5,-1.0,-1.0,-1.0,4.0,22.04.2023 stoper (90'),Polska,26.04.2023"
"Marian Skaluba,316838441,17.026,,52,WC 37,4,Continental Championship  Matchday 2,07/10/2024,89,4,-1,3,3.5,-1,-1,3.5,-1.0,3.0,3.5,-1.0,-1.0,3.5,22.04.2023 napastnik (90'),Polska,26.04.2023"
"Stanislaw Kobierski,300608639,19.097,,478,WC 36,,Final,,,,1.5,3,4,3.5,4.5,7,-1.0,-1.0,4.0,-1.0,-1.0,7.0,13.01.2023 boczny_obronca (90'),Polska,26.04.2023"
"Stanislaw Wasacz,320586558,16.104,,130,WC 37,10,Continental Championship  Matchday 8,08/11/2024,89,8,-1,-1,4.5,6,5,6,-1.0,-1.0,4.5,6.0,-1.0,6.0,22.04.2023 napastnik (90'),Polska,26.04.2023"
"Wojciech Garejko,320008216,17.093,,120,WC 36,32,World Cup - Round III  Matchday 1,02/08/2024,88,10,-1,5,-1,5,5.5,6,-1.0,5.0,-1.0,-1.0,5.5,-1.0,22.04.2023 skrzydlowy (90'),Polska,26.04.2023"
"Aleksander Brychcy,311106029,18.021,Q,290,WC 36,24,World Cup - Round I  Matchday 9,21/06/2024,88,4,-1,2.5,-1,3,-1,4.5,-1.0,2.5,-1.0,-1.0,-1.0,-1.0,20.04.2023 stoper (90'),Polska,26.04.2023"
"Andrzej Karkowski,316510395,17.060,Q,178,WC 36,40,World Cup - Round V  Matchday 3,06/09/2024,88,15,-1,-1,-1,3.5,4,-1,-1.0,-1.0,-1.0,3.5,4.0,-1.0,20.04.2023 pomocnik (90'),Polska,26.04.2023"
"Bogusz Snarski,323870829,16.104,,59,WC 37,10,Continental Championship  Matchday 8,08/11/2024,89,8,-1,-1,-1,-1,-1,-1,-1.0,-1.0,-1.0,-1.0,-1.0,-1.0,--------,Polska,26.04.2023"
"Gustaw Skowronski,308012039,18.056,P,311,WC 36,19,World Cup - Round I  Matchday 4,17/05/2024,87,15,-1,-1,-1,-1,5.5,-1,-1.0,-1.0,-1.0,-1.0,5.0,-1.0,19.11.2022 skrzydlowy (90'),Polska,26.04.2023"
"Hilary Paskiewicz,311841973,17.095,,283,WC 36,32,World Cup - Round III  Matchday 1,02/08/2024,88,10,-1,-1,2.5,2.5,-1,-1,-1.0,-1.0,2.5,2.5,-1.0,-1.0,29.07.2022 boczny_obronca (90'),Polska,26.04.2023"
"Ireneusz Dzieciol,313630426,17.069,H,252,WC 36,37,World Cup - Round IV  Matchday 3,23/08/2024,88,13,1.5,-1,-1,-1,-1,-1,1.5,-1.0,-1.0,-1.0,-1.0,-1.0,20.04.2023 bramkarz (90'),Polska,26.04.2023"
"Jozef Horoszko,315649067,17.050,P,171,WC 37,,Final,,,,-1,-1,5.5,-1,-1,3,-1.0,-1.0,5.0,-1.0,-1.0,-1.0,20.04.2023 boczny_obronca (90'),Polska,26.04.2023"
"Lukasz Peterek,319348120,16.087,H,157,WC 37,13,Continental Championship - Quarterfinals,29/11/2024,89,11,-1,-1,-1,4.5,5,7,-1.0,-1.0,-1.0,4.5,5.0,7.0,20.04.2023 skrzydlowy (90'),Polska,26.04.2023"
"Marcin Wroblewski,304508897,19.023,P,381,WC 36,5,Continental Championship  Matchday 3,01/03/2024,87,4,-1,3,3.5,4,3.5,3.5,-1.0,-1.0,3.5,-1.0,-1.0,-1.0,26.11.2022 boczny_obronca (90'),Polska,26.04.2023"
"Michal Czyzewicz,326996850,16.048,,3,WC 37,20,World Cup - Round I  Matchday 5,03/01/2025,89,16,-1,-1,-1,-1,-1,-1,-1.0,-1.0,-1.0,-1.0,-1.0,-1.0,--------,Polska,26.04.2023"
"Piotr Gabor,318547025,16.085,,115,WC 37,14,Continental Championship - Semifinals,02/12/2024,89,12,-1,-1,-1,3.5,-1,3.5,-1.0,-1.0,-1.0,-1.0,-1.0,3.5,20.04.2023 napastnik (90'),Polska,26.04.2023"
"Remigiusz Czerniec,314779118,17.040,Q,206,WC 37,1,Friendly,20/09/2024,89,1,-1,-1,-1,4.5,-1,5,-1.0,-1.0,-1.0,4.5,-1.0,-1.0,09.03.2023 pomocnik (90'),Polska,26.04.2023"
"Roman Foremny,320432808,16.052,Q,108,WC 37,20,World Cup - Round I  Matchday 5,03/01/2025,89,16,-1,-1,-1,3.5,-1,5.5,-1.0,-1.0,-1.0,3.5,-1.0,5.5,20.04.2023 napastnik (90'),Polska,26.04.2023"
"Sebastian Bieniasz,323531741,16.051,,87,WC 37,20,World Cup - Round I  Matchday 5,03/01/2025,89,16,-1,-1,-1,2.5,-1,5.5,-1.0,-1.0,-1.0,2.5,-1.0,-1.0,20.04.2023 pomocnik (73'),Polska,26.04.2023"
"Tadeusz Ciezkowski,322025929,16.029,H,45,WC 37,23,World Cup - Round I  Matchday 8,24/01/2025,90,3,-1,-1,-1,3.5,-1,-1,-1.0,-1.0,-1.0,3.5,-1.0,-1.0,20.04.2023 pomocnik (90'),Polska,26.04.2023"
"Tomasz Nowotny,312283304,17.096,,241,WC 36,31,World Cup - Round II  Matchday 6,26/07/2024,88,9,2,4,-1,5,4.5,5,-1.0,-1.0,-1.0,-1.0,-1.0,5.0,20.04.2023 pomocnik (17'),Polska,26.04.2023"
"Walery Ciapala,314700752,17.025,,192,WC 37,5,Continental Championship  Matchday 3,11/10/2024,89,4,-1,-1,-1,4,5,5,-1.0,-1.0,-1.0,-1.0,5.0,-1.0,20.04.2023 skrzydlowy (90'),Polska,26.04.2023"
"Wojciech Pietrasz,320844031,17.007,,142,WC 37,8,Continental Championship  Matchday 6,25/10/2024,89,6,-1,-1,-1,4.5,-1,4.5,-1.0,-1.0,-1.0,-1.0,-1.0,4.5,20.04.2023 napastnik (90'),Polska,26.04.2023"
"Bertram Spustek,323763813,16.007,,29,WC 37,27,World Cup - Round II  Matchday 2,17/02/2025,90,7,-1,-1,3,4,-1,5,-1.0,-1.0,-1.0,4.0,-1.0,5.0,24.04.2023 napastnik (90'),Polska,26.04.2023"
"Daniel Kurpiewski,320895814,16.107,,122,WC 37,10,Continental Championship  Matchday 8,08/11/2024,89,8,-1,-1,4.5,4.5,5.5,6.5,-1.0,-1.0,-1.0,4.5,-1.0,-1.0,24.04.2023 pomocnik (90'),Polska,26.04.2023"
"Dominik Renusz,323277536,16.027,,66,WC 37,23,World Cup - Round I  Matchday 8,24/01/2025,90,3,-1,2.5,2.5,4.5,-1,6,-1.0,2.5,2.5,-1.0,-1.0,6.0,24.04.2023 napastnik (90'),Polska,26.04.2023"
"Dorian Ogrodnik,321245058,16.109,,129,WC 37,10,Continental Championship  Matchday 8,08/11/2024,89,8,-1,2.5,3,3,-1,7,-1.0,-1.0,3.0,-1.0,-1.0,6.5,24.04.2023 boczny_obronca (90'),Polska,26.04.2023"
"Emil Kowolik,320586916,16.054,,136,WC 37,19,World Cup - Round I  Matchday 4,27/12/2024,89,15,-1,-1,4,5.5,4.5,-1,-1.0,-1.0,-1.0,5.5,-1.0,-1.0,24.04.2023 pomocnik (90'),Polska,26.04.2023"
"Ireneusz Paterski,314723918,17.077,,234,WC 36,36,World Cup - Round IV  Matchday 2,19/08/2024,88,13,1,2.5,3.5,-1,5,4,1.0,2.5,-1.0,-1.0,-1.0,4.0,11.04.2023 stoper (90'),Polska,26.04.2023"
"Jan Cwiakala,321880096,16.076,T,101,WC 37,15,Continental Championship - Finals,06/12/2024,89,12,-1,4,5,4,5.5,-1,-1.0,-1.0,5.0,-1.0,5.5,-1.0,24.04.2023 skrzydlowy (71'),Polska,26.04.2023"
"Leszek Jaruga,325334806,15.076,,17,WC 37,36,World Cup - Round IV  Matchday 2,31/03/2025,90,13,-1,-1,-1,4.5,4,-1,-1.0,-1.0,-1.0,4.5,4.0,-1.0,24.04.2023 pomocnik (90'),Polska,26.04.2023"
"Marcin Krawczynski,322266137,16.037,Q,94,WC 37,22,World Cup - Round I  Matchday 7,17/01/2025,90,2,-1,-1,-1,-1,6.5,4.5,-1.0,-1.0,-1.0,-1.0,6.5,-1.0,24.04.2023 skrzydlowy (90'),Polska,26.04.2023"
"Mieczyslaw Nartowicz,317691572,16.089,,108,WC 37,12,Continental Championship  Matchday 10,22/11/2024,89,10,2,4.5,-1,-1,-1,-1,2.0,4.5,-1.0,-1.0,-1.0,-1.0,24.04.2023 bramkarz (90'),Polska,26.04.2023"
"Radomir Zwierciadlowski,322582121,16.069,,10,WC 37,17,World Cup - Round I  Matchday 2,16/12/2024,89,14,-1,3.5,-1,-1,-1,-1,-1.0,3.5,-1.0,-1.0,-1.0,-1.0,24.04.2023 stoper (90'),Polska,26.04.2023"
"Walery Stepek,326576809,16.077,,38,WC 37,15,Continental Championship - Finals,06/12/2024,89,12,-1,-1,4.5,-1,-1,-1,-1.0,-1.0,4.5,-1.0,-1.0,-1.0,24.04.2023 boczny_obronca (90'),Polska,26.04.2023"
"Albert Symonowicz,324233875,16.075,,80,WC 37,15,Continental Championship - Finals,06/12/2024,89,12,-1,4.5,5.5,-1,-1,4.5,-1.0,-1.0,5.5,-1.0,-1.0,-1.0,25.04.2023 boczny_obronca (90'),Polska,26.04.2023"
"Alojzy Fengler,320262187,17.032,P,87,WC 37,3,Continental Championship  Matchday 1,04/10/2024,89,3,-1,3,2.5,-1,4.5,-1,-1.0,3.0,2.5,-1.0,4.5,-1.0,25.04.2023 skrzydlowy (90'),Polska,26.04.2023"
"Antoni Lanski,328190401,15.020,U,3,WC 38,6,Continental Championship  Matchday 4,26/05/2025,91,5,-1,-1,-1,4.5,-1,-1,-1.0,-1.0,-1.0,4.5,-1.0,-1.0,25.04.2023 pomocnik (90'),Polska,26.04.2023"
"Bartlomiej Byskiniewicz,322914402,16.075,,73,WC 37,15,Continental Championship - Finals,06/12/2024,89,12,-1,3,3.5,4.5,4.5,6,-1.0,-1.0,-1.0,-1.0,-1.0,6.0,19.04.2023 napastnik (90'),Polska,26.04.2023"
"Bogdan Dominko,318999735,16.079,,149,WC 37,15,Continental Championship - Finals,06/12/2024,89,12,-1,3.5,-1,4.5,5,3.5,-1.0,-1.0,-1.0,-1.0,5.0,3.5,25.04.2023 napastnik (90'),Polska,26.04.2023"
"Dobromir Bystry,326119619,15.066,,31,WC 37,38,World Cup - Round V  Matchday 1,11/04/2025,90,14,-1,-1,-1,3.5,-1,-1,-1.0,-1.0,-1.0,3.5,-1.0,-1.0,25.04.2023 pomocnik (90'),Polska,26.04.2023"
"Jerzy Bazant,324641120,16.006,,45,WC 37,27,World Cup - Round II  Matchday 2,17/02/2025,90,7,-1,-1,-1,4,-1,5,-1.0,-1.0,-1.0,4.0,-1.0,-1.0,19.04.2023 pomocnik (90'),Polska,26.04.2023"
"Kordian Basinski,322076514,17.064,,115,WC 36,39,World Cup - Round V  Matchday 2,02/09/2024,88,15,-1,-1,4,6,5,5,-1.0,-1.0,-1.0,5.5,-1.0,5.0,25.04.2023 pomocnik (90'),Polska,26.04.2023"
"Krzysztof Sztubecki,319284931,16.080,U,129,WC 37,15,Continental Championship - Finals,06/12/2024,89,12,-1,-1,-1,3,4.5,8.5,-1.0,-1.0,-1.0,-1.0,4.5,7.0,25.04.2023 napastnik (90'),Polska,26.04.2023"
"Kuba Maciejewski,321653151,17.029,,108,WC 37,4,Continental Championship  Matchday 2,07/10/2024,89,4,4.5,-1,1,-1,-1,-1,4.5,-1.0,-1.0,-1.0,-1.0,-1.0,25.04.2023 bramkarz (90'),Polska,26.04.2023"
"Pawel Kempinski,322557984,17.006,,38,WC 37,8,Continental Championship  Matchday 6,25/10/2024,89,6,-1,-1,-1,-1,-1,-1,-1.0,-1.0,-1.0,-1.0,-1.0,-1.0,--------,Polska,26.04.2023"
"Przemyslaw Kanclerski,320315707,16.109,U,100,WC 37,10,Continental Championship  Matchday 8,08/11/2024,89,8,-1,-1,-1,4,4.5,8.5,-1.0,-1.0,-1.0,4.0,4.5,-1.0,25.04.2023 skrzydlowy (90'),Polska,26.04.2023"
"Stanislaw Bronikowski,323277791,16.016,T,52,WC 37,25,World Cup - Round I  Matchday 10,07/02/2025,90,5,-1,-1,4.5,-1,3.5,-1,-1.0,-1.0,4.5,-1.0,-1.0,-1.0,19.04.2023 boczny_obronca (90'),Polska,26.04.2023"
"Tadeusz Sukiennik,320869139,16.043,,58,WC 37,21,World Cup - Round I  Matchday 6,10/01/2025,90,1,-1,-1,4,-1,4,3.5,-1.0,-1.0,4.0,-1.0,-1.0,3.5,25.04.2023 boczny_obronca (90'),Polska,26.04.2023"
"Andrzej Kuspit,317466154,17.047,H,80,WC 37,,Final,,,,2,-1,-1,3.5,4,-1,2.0,-1.0,-1.0,3.5,4.0,-1.0,31.03.2023 pomocnik (90'),Polska,26.04.2023"
"Antoni Steinborn,327406041,16.060,,24,WC 37,19,World Cup - Round I  Matchday 4,27/12/2024,89,15,-1,-1,5.5,-1,-1,-1,-1.0,-1.0,5.5,-1.0,-1.0,-1.0,23.04.2023 boczny_obronca (90'),Polska,26.04.2023"
"Ferdynand Zyczkowski,323782354,17.008,S,45,WC 37,8,Continental Championship  Matchday 6,25/10/2024,89,6,-1,-1,-1,-1,5,-1,-1.0,-1.0,-1.0,-1.0,5.0,-1.0,23.04.2023 skrzydlowy (90'),Polska,26.04.2023"
"Gustaw Felczak,321373675,16.027,,66,WC 37,23,World Cup - Round I  Matchday 8,24/01/2025,90,3,-1,4.5,5,5,5,4,-1.0,-1.0,-1.0,5.0,5.0,-1.0,23.04.2023 pomocnik (90'),Polska,26.04.2023"
"Gustaw Konarski,309920626,18.074,,283,WC 36,16,World Cup - Round I  Matchday 1,03/05/2024,87,13,4.5,1.5,1,1,1,0.5,4.0,-1.0,-1.0,-1.0,-1.0,-1.0,23.04.2023 bramkarz (90'),Polska,26.04.2023"
"Jacek Gawrych,323462755,15.099,,73,WC 37,31,World Cup - Round II  Matchday 6,07/03/2025,90,9,-1,-1,4,-1,4.5,4,-1.0,-1.0,4.0,-1.0,4.5,-1.0,23.04.2023 boczny_obronca (90'),Polska,26.04.2023"
"Kazimierz Tulacz,322648739,16.046,,87,WC 37,21,World Cup - Round I  Matchday 6,10/01/2025,90,1,4,2.5,2,1,1.5,1,-1.0,2.5,2.0,1.0,-1.0,1.0,09.04.2023 stoper (90'),Polska,26.04.2023"
"Lukasz Kubacki,315950394,17.014,,150,WC 37,7,Continental Championship  Matchday 5,18/10/2024,89,5,-1,3,4,3.5,4.5,4.5,-1.0,3.0,-1.0,3.5,4.5,-1.0,16.04.2023 pomocnik (90'),Polska,26.04.2023"
"Marcin Blecharz,322476379,16.109,Q,94,WC 37,10,Continental Championship  Matchday 8,08/11/2024,89,8,1,-1,3,4,4.5,6,1.0,-1.0,3.0,-1.0,-1.0,6.0,31.03.2023 napastnik (90'),Polska,26.04.2023"
"Marek Zych,327093243,15.058,,3,WC 37,40,World Cup - Round V  Matchday 3,18/04/2025,90,15,-1,-1,-1,4,-1,-1,-1.0,-1.0,-1.0,4.0,-1.0,-1.0,23.04.2023 pomocnik (90'),Polska,26.04.2023"
"Przemyslaw Domachowski,327481830,15.042,,10,WC 38,1,Friendly,02/05/2025,91,1,-1,2.5,-1,-1,-1,-1,-1.0,2.5,-1.0,-1.0,-1.0,-1.0,23.04.2023 stoper (90'),Polska,26.04.2023"
"Roland Junke,324256597,16.105,,17,WC 37,10,Continental Championship  Matchday 8,08/11/2024,89,8,-1,4.5,-1,5,-1,-1,-1.0,4.5,-1.0,5.0,-1.0,-1.0,23.04.2023 stoper (90'),Polska,26.04.2023"
"Stanislaw Grzonkowski,320007881,16.083,,136,WC 37,14,Continental Championship - Semifinals,02/12/2024,89,12,-1,4,4,5,5,6.5,-1.0,4.0,-1.0,5.0,-1.0,-1.0,23.04.2023 pomocnik (90'),Polska,26.04.2023"
"Stanislaw Kasprzykowski,316055491,17.012,,108,WC 37,7,Continental Championship  Matchday 5,18/10/2024,89,5,1.5,2.5,-1,4,-1,3.5,1.5,2.5,-1.0,4.0,-1.0,3.5,31.03.2023 stoper (90'),Polska,26.04.2023"
"Sylwester Gajos,326987611,15.072,,31,WC 37,37,World Cup - Round IV  Matchday 3,04/04/2025,90,13,-1,-1,4.5,-1,5,-1,-1.0,-1.0,4.5,-1.0,5.0,-1.0,23.04.2023 skrzydlowy (90'),Polska,26.04.2023"
"Zdzislaw Goly,325834421,15.076,,52,WC 37,36,World Cup - Round IV  Matchday 2,31/03/2025,90,13,-1,-1,-1,3.5,4.5,-1,-1.0,-1.0,-1.0,3.5,4.5,-1.0,07.04.2023 pomocnik (90'),Polska,26.04.2023"
"Zdzislaw Panski,317280283,17.019,U,115,WC 37,6,Continental Championship  Matchday 4,14/10/2024,89,5,-1,-1,2.5,4,3.5,-1,-1.0,-1.0,-1.0,4.0,3.5,-1.0,07.04.2023 pomocnik (90'),Polska,26.04.2023"
"Adrian Mincewicz,315370371,18.038,,164,WC 36,22,World Cup - Round I  Matchday 7,07/06/2024,88,2,-1,5,5.5,5,-1,-1,-1.0,-1.0,5.5,5.0,-1.0,-1.0,26.04.2023 boczny_obronca (90'),Polska,26.04.2023"
"Edmund Holysz,321432754,17.011,,129,WC 37,8,Continental Championship  Matchday 6,25/10/2024,89,6,-1,5,5,4.5,-1,-1,-1.0,5.0,-1.0,-1.0,-1.0,-1.0,26.04.2023 stoper (90'),Polska,26.04.2023"
"Florian Latus,328851187,15.066,,3,WC 37,38,World Cup - Round V  Matchday 1,11/04/2025,90,14,-1,3.5,-1,-1,-1,-1,-1.0,3.5,-1.0,-1.0,-1.0,-1.0,26.04.2023 stoper (90'),Polska,26.04.2023"
"Herman Poddebniak,318937657,16.106,T,107,WC 37,10,Continental Championship  Matchday 8,08/11/2024,89,8,-1,-1,-1,3.5,5,6.5,-1.0,-1.0,-1.0,-1.0,5.0,-1.0,20.04.2023 skrzydlowy (90'),Polska,26.04.2023"
"Jacek Labieniec,323267037,17.023,,87,WC 37,5,Continental Championship  Matchday 3,11/10/2024,89,4,-1,5,-1,5.5,-1,-1,-1.0,5.0,-1.0,-1.0,-1.0,-1.0,26.04.2023 stoper (90'),Polska,26.04.2023"
"Jozef Kutyna,324275824,17.031,T,66,WC 37,3,Continental Championship  Matchday 1,04/10/2024,89,3,-1,-1,-1,3.5,-1,5,-1.0,-1.0,-1.0,-1.0,-1.0,5.0,26.04.2023 napastnik (90'),Polska,26.04.2023"
"Jozef Kuzmicki,320221298,16.076,,59,WC 37,15,Continental Championship - Finals,06/12/2024,89,12,-1,-1,-1,3.5,3.5,5,-1.0,-1.0,-1.0,3.5,3.5,5.0,05.04.2023 skrzydlowy (90'),Polska,26.04.2023"
"Maciej Dmochowski,307015521,18.111,,360,WC 36,9,Continental Championship  Matchday 7,22/03/2024,87,7,-1,3,-1,3.5,4,6,-1.0,-1.0,-1.0,-1.0,-1.0,5.5,26.04.2023 napastnik (90'),Polska,26.04.2023"
"Olaf Serniak,324317353,17.031,,80,WC 37,3,Continental Championship  Matchday 1,04/10/2024,89,3,-1,4.5,-1,5,-1,6,-1.0,-1.0,-1.0,4.5,-1.0,6.0,19.04.2023 napastnik (90'),Polska,26.04.2023"
"Pawel Tyszko,314530040,18.043,,185,WC 36,21,World Cup - Round I  Matchday 6,31/05/2024,88,1,-1,5,5,5.5,-1,-1,-1.0,-1.0,-1.0,5.5,-1.0,-1.0,26.04.2023 pomocnik (90'),Polska,26.04.2023"
"Sebastian Kostysz,309614693,19.001,,332,WC 36,9,Continental Championship  Matchday 7,22/03/2024,87,7,5.5,2,-1,-1,2,0.5,4.5,-1.0,-1.0,-1.0,-1.0,-1.0,19.04.2023 bramkarz (90'),Polska,26.04.2023"
"Stanislaw Rogala,307880365,18.037,,317,WC 36,22,World Cup - Round I  Matchday 7,07/06/2024,88,2,-1,4,4.5,4.5,4.5,5.5,-1.0,-1.0,4.0,4.5,-1.0,5.5,26.04.2023 pomocnik (90'),Polska,26.04.2023"
"Stefan Zaczek,323224526,16.080,,38,WC 37,15,Continental Championship - Finals,06/12/2024,89,12,-1,-1,-1,-1,-1,5.5,-1.0,-1.0,-1.0,-1.0,-1.0,5.5,26.04.2023 napastnik (90'),Polska,26.04.2023"
"Walter Klajn,326708674,15.060,,17,WC 37,40,World Cup - Round V  Matchday 3,18/04/2025,90,15,4.5,2.5,-1,-1,-1,-1,4.5,2.5,-1.0,-1.0,-1.0,-1.0,26.04.2023 bramkarz (90'),Polska,26.04.2023"
"Zdzislaw Loda,319622107,17.108,,143,WC 36,30,World Cup - Round II  Matchday 5,19/07/2024,88,8,-1,4.5,5.5,5,-1,-1,-1.0,-1.0,5.5,5.0,-1.0,-1.0,26.04.2023 boczny_obronca (90'),Polska,26.04.2023"
"Boleslaw Redzia,323421021,16.076,,59,WC 37,15,Continental Championship - Finals,06/12/2024,89,12,-1,-1,-1,-1,-1,7,-1.0,-1.0,-1.0,-1.0,-1.0,7.0,21.04.2023 napastnik (90'),Polska,26.04.2023"
"Cezary Niewiatowski,324469426,17.001,,45,WC 37,9,Continental Championship  Matchday 7,01/11/2024,89,7,-1,-1,5.5,4,-1,5.5,-1.0,-1.0,5.5,4.0,-1.0,5.5,21.04.2023 boczny_obronca (90'),Polska,26.04.2023"
"Daniel Bartyzel,326196334,17.009,,38,WC 37,8,Continental Championship  Matchday 6,25/10/2024,89,6,4,-1,-1,-1,-1,-1,4.0,-1.0,-1.0,-1.0,-1.0,-1.0,21.04.2023 bramkarz (90'),Polska,26.04.2023"
"Ferdynand Szombierski,316798939,16.110,H,185,WC 37,9,Continental Championship  Matchday 7,01/11/2024,89,7,2,4,5,3.5,5.5,4,-1.0,-1.0,-1.0,3.5,5.5,-1.0,21.04.2023 pomocnik (90'),Polska,26.04.2023"
"Henryk Kubala,325970445,15.088,Q,52,WC 37,34,World Cup - Round III  Matchday 3,21/03/2025,90,11,-1,-1,-1,2.5,4,5,-1.0,-1.0,-1.0,2.5,4.0,-1.0,21.04.2023 skrzydlowy (90'),Polska,26.04.2023"
"Jedrzej Powierza,324449831,16.088,Q,72,WC 37,13,Continental Championship - Quarterfinals,29/11/2024,89,11,-1,-1,-1,5.5,5,6,-1.0,-1.0,-1.0,5.5,5.0,-1.0,21.04.2023 skrzydlowy (90'),Polska,26.04.2023"
"Jerzy Marcinek,321292206,16.049,,86,WC 37,20,World Cup - Round I  Matchday 5,03/01/2025,89,16,-1,4.5,5,3.5,-1,3.5,-1.0,4.5,-1.0,-1.0,-1.0,-1.0,14.04.2023 stoper (90'),Polska,26.04.2023"
"Jozef Lopat,327662939,15.108,T,10,WC 37,30,World Cup - Round II  Matchday 5,28/02/2025,90,8,-1,-1,4.5,-1,-1,-1,-1.0,-1.0,4.5,-1.0,-1.0,-1.0,21.04.2023 boczny_obronca (90'),Polska,26.04.2023"
"Maciej Ciesluk,319366041,16.073,,163,WC 37,16,World Cup - Round I  Matchday 1,13/12/2024,89,13,2,4,4.5,-1,4.5,4,-1.0,-1.0,4.5,-1.0,-1.0,4.0,21.04.2023 napastnik (90'),Polska,26.04.2023"
"Marcin Ryczkowski,327097415,15.058,,2,WC 37,40,World Cup - Round V  Matchday 3,18/04/2025,90,15,-1,-1,-1,-1,-1,-1,-1.0,-1.0,-1.0,-1.0,-1.0,-1.0,--------,Polska,26.04.2023"
"Piotr Mozdzen,320895718,16.063,Q,115,WC 37,18,World Cup - Round I  Matchday 3,20/12/2024,89,14,-1,4,-1,3.5,-1,5,-1.0,3.5,-1.0,3.5,-1.0,-1.0,21.04.2023 stoper (90'),Polska,26.04.2023"
"Przemyslaw Gapys,327610734,15.106,,24,WC 37,30,World Cup - Round II  Matchday 5,28/02/2025,90,8,-1,-1,-1,-1,-1,5.5,-1.0,-1.0,-1.0,-1.0,-1.0,5.5,14.04.2023 napastnik (90'),Polska,26.04.2023"
"Stanislaw Gladys,320856418,16.057,U,107,WC 37,19,World Cup - Round I  Matchday 4,27/12/2024,89,15,-1,5.5,-1,-1,5,5,-1.0,5.5,-1.0,-1.0,5.0,-1.0,21.04.2023 stoper (90'),Polska,26.04.2023"
"Wladyslaw Dzienkowski,318140364,16.087,,175,WC 37,13,Continental Championship - Quarterfinals,29/11/2024,89,11,1.5,4,3.5,5,4.5,7.5,-1.0,4.0,-1.0,-1.0,-1.0,7.0,21.04.2023 stoper (90'),Polska,26.04.2023"
"Czeslaw Kajzer,320410714,16.072,U,150,WC 37,16,World Cup - Round I  Matchday 1,13/12/2024,89,13,-1,4,4.5,5,5.5,8.5,-1.0,-1.0,-1.0,-1.0,-1.0,8.5,19.04.2023 napastnik (90'),Polska,26.04.2023"
"Damian Cholewa,327662784,16.077,,24,WC 37,15,Continental Championship - Finals,06/12/2024,89,12,-1,-1,3.5,4.5,-1,-1,-1.0,-1.0,3.5,4.5,-1.0,-1.0,19.04.2023 boczny_obronca (90'),Polska,26.04.2023"
"Dawid Zawacki,327390672,16.069,,17,WC 37,17,World Cup - Round I  Matchday 2,16/12/2024,89,14,-1,-1,-1,4.5,-1,-1,-1.0,-1.0,-1.0,4.5,-1.0,-1.0,19.04.2023 pomocnik (90'),Polska,26.04.2023"
"Feliks Lesniczek,323055517,16.018,,73,WC 37,25,World Cup - Round I  Matchday 10,07/02/2025,90,5,-1,4.5,-1,4,5.5,5.5,-1.0,4.5,-1.0,4.0,5.5,-1.0,19.04.2023 skrzydlowy (90'),Polska,26.04.2023"
"Janusz Cisek,322472982,16.065,,101,WC 37,18,World Cup - Round I  Matchday 3,20/12/2024,89,14,-1,-1,4,5.5,5,4.5,-1.0,-1.0,-1.0,5.5,5.0,-1.0,19.04.2023 pomocnik (90'),Polska,26.04.2023"
"Janusz Smolen,320895493,16.093,,129,WC 37,12,Continental Championship  Matchday 10,22/11/2024,89,10,1.5,3.5,4.5,3.5,5,-1,1.5,-1.0,4.5,-1.0,-1.0,-1.0,19.04.2023 bramkarz (90'),Polska,26.04.2023"
"Jerzy Tajchert,326609693,16.084,H,31,WC 37,14,Continental Championship - Semifinals,02/12/2024,89,12,1,-1,-1,-1,-1,5,0.5,-1.0,-1.0,-1.0,-1.0,5.0,19.04.2023 napastnik (90'),Polska,26.04.2023"
"Konrad Kuklewicz,324903062,16.083,,38,WC 37,14,Continental Championship - Semifinals,02/12/2024,89,12,-1,-1,-1,-1,4.5,5,-1.0,-1.0,-1.0,-1.0,4.5,5.0,19.04.2023 napastnik (90'),Polska,26.04.2023"
"Lech Rode,318372619,16.078,,143,WC 37,15,Continental Championship - Finals,06/12/2024,89,12,-1,3.5,-1,6,6.5,6,-1.0,-1.0,-1.0,6.0,6.5,-1.0,19.04.2023 skrzydlowy (90'),Polska,26.04.2023"
"Rafal Stiller,326925967,15.099,,3,WC 37,31,World Cup - Round II  Matchday 6,07/03/2025,90,9,-1,-1,-1,-1,-1,-1,-1.0,-1.0,-1.0,-1.0,-1.0,-1.0,--------,Polska,26.04.2023"
"Raslaw Mostek,322457096,16.052,,80,WC 37,20,World Cup - Round I  Matchday 5,03/01/2025,89,16,-1,-1,3.5,4,5,5,-1.0,-1.0,3.5,4.0,-1.0,-1.0,19.04.2023 boczny_obronca (90'),Polska,26.04.2023"
"Wilhelm Gomulak,328239943,16.067,,10,WC 37,18,World Cup - Round I  Matchday 3,20/12/2024,89,14,-1,-1,-1,4,-1,-1,-1.0,-1.0,-1.0,4.0,-1.0,-1.0,19.04.2023 pomocnik (90'),Polska,26.04.2023"
"Daniel Bielicz,322097667,16.046,H,108,WC 37,21,World Cup - Round I  Matchday 6,10/01/2025,90,1,-1,-1,-1,3.5,4,6.5,-1.0,-1.0,-1.0,-1.0,-1.0,6.5,26.04.2023 napastnik (90'),Polska,26.04.2023"
"Jacek Lasecki,322025936,16.097,,115,WC 37,11,Continental Championship  Matchday 9,15/11/2024,89,9,-1,-1,-1,6,5.5,4.5,-1.0,-1.0,-1.0,-1.0,5.5,-1.0,26.04.2023 skrzydlowy (90'),Polska,26.04.2023"
"Wladyslaw Parzyszek,319622055,16.082,,150,WC 37,14,Continental Championship - Semifinals,02/12/2024,89,12,-1,3.5,3.5,5,5,-1,-1.0,-1.0,-1.0,5.0,-1.0,-1.0,26.04.2023 pomocnik (90'),Polska,26.04.2023"
"Ariel Poneta,318002923,17.042,,185,WC 37,1,Friendly,20/09/2024,89,1,5.5,2.5,-1,2,-1,-1,5.5,-1.0,-1.0,-1.0,-1.0,-1.0,26.04.2023 bramkarz (90'),Polska,26.04.2023"
"Kazimierz Szczesnowicz,318630157,17.046,U,164,WC 37,1,Friendly,20/09/2024,89,1,-1,4,4.5,-1,5,5,-1.0,4.0,-1.0,-1.0,-1.0,-1.0,26.04.2023 stoper (90'),Polska,26.04.2023"
"Mieczyslaw Bagienski,314778991,17.031,,178,WC 37,3,Continental Championship  Matchday 1,04/10/2024,89,3,2,5,-1,4,-1,5.5,-1.0,-1.0,-1.0,4.0,-1.0,-1.0,26.04.2023 pomocnik (90'),Polska,26.04.2023"
"Dominik Kudlak,323032602,16.002,,80,WC 37,28,World Cup - Round II  Matchday 3,21/02/2025,90,7,-1,-1,5,5,-1,4.5,-1.0,-1.0,-1.0,4.5,-1.0,-1.0,26.04.2023 pomocnik (90'),Polska,26.04.2023"
"Mateusz Kulewicz,322132632,16.051,,73,WC 37,20,World Cup - Round I  Matchday 5,03/01/2025,89,16,-1,-1,5.5,4,-1,6,-1.0,-1.0,-1.0,-1.0,-1.0,6.0,26.04.2023 napastnik (90'),Polska,26.04.2023"
"Patryk Rejchert,323963523,16.075,U,52,WC 37,15,Continental Championship - Finals,06/12/2024,89,12,-1,-1,-1,4,-1,5,-1.0,-1.0,-1.0,-1.0,-1.0,5.0,26.04.2023 napastnik (90'),Polska,26.04.2023"
"Roman Lopuszanski,325157515,16.033,,59,WC 37,22,World Cup - Round I  Matchday 7,17/01/2025,90,2,-1,-1,-1,4.5,4,4.5,-1.0,-1.0,-1.0,-1.0,4.0,-1.0,26.04.2023 skrzydlowy (90'),Polska,26.04.2023"
"Wladyslaw Buzuk,322914703,16.045,,10,WC 37,21,World Cup - Round I  Matchday 6,10/01/2025,90,1,-1,-1,-1,-1,-1,-1,-1.0,-1.0,-1.0,-1.0,-1.0,-1.0,--------,Polska,26.04.2023"
"Alan Kulec,323652983,16.072,,71,WC 37,16,World Cup - Round I  Matchday 1,13/12/2024,89,13,4,-1,2.5,-1,-1,-1,4.0,-1.0,-1.0,-1.0,-1.0,-1.0,26.04.2023 bramkarz (90'),Polska,26.04.2023"
"Antoni Machura,323246549,16.072,,85,WC 37,16,World Cup - Round I  Matchday 1,13/12/2024,89,13,-1,4,4,5,5,4.5,-1.0,-1.0,-1.0,5.0,-1.0,4.5,26.04.2023 pomocnik (90'),Polska,26.04.2023"
"Bonifacy Radwanski,324162695,16.005,,45,WC 37,27,World Cup - Round II  Matchday 2,17/02/2025,90,7,-1,2.5,3,4,-1,-1,-1.0,-1.0,3.0,4.0,-1.0,-1.0,26.04.2023 boczny_obronca (90'),Polska,26.04.2023"
"Cecylian Ruchniewicz,305970461,18.090,,381,WC 36,12,Continental Championship  Matchday 10,12/04/2024,87,10,-1,2.5,3.5,4.5,4.5,4.5,-1.0,2.5,3.5,4.0,-1.0,-1.0,26.04.2023 stoper (90'),Polska,26.04.2023"
"Jan Szymko,326514979,17.003,,38,WC 37,9,Continental Championship  Matchday 7,01/11/2024,89,7,-1,-1,-1,-1,-1,-1,-1.0,-1.0,-1.0,-1.0,-1.0,-1.0,--------,Polska,26.04.2023"
"Jaroslaw Szreiber,322007381,17.038,,93,WC 37,2,Friendly,27/09/2024,89,2,-1,2.5,3,4,3.5,2.5,-1.0,-1.0,-1.0,4.0,-1.0,2.5,22.04.2023 napastnik (90'),Polska,26.04.2023"
"Jedrzej Szurek,322098110,16.033,H,119,WC 37,22,World Cup - Round I  Matchday 7,17/01/2025,90,2,-1,4,-1,5.5,5,4.5,-1.0,-1.0,-1.0,5.5,-1.0,-1.0,26.04.2023 pomocnik (90'),Polska,26.04.2023"
"Kajetan Leski,326554496,15.054,Q,17,WC 37,41,World Cup - Semifinals,21/04/2025,90,16,-1,-1,3.5,-1,-1,-1,-1.0,-1.0,3.5,-1.0,-1.0,-1.0,26.04.2023 boczny_obronca (90'),Polska,26.04.2023"
"Marcin Grzejszczyk,324663449,16.056,,52,WC 37,19,World Cup - Round I  Matchday 4,27/12/2024,89,15,1.5,-1,-1,2.5,-1,-1,1.5,-1.0,-1.0,2.5,-1.0,-1.0,25.03.2023 bramkarz (90'),Polska,26.04.2023"
"Marek Musial,323852601,16.042,,65,WC 37,21,World Cup - Round I  Matchday 6,10/01/2025,90,1,-1,5,6,3.5,5.5,-1,-1.0,-1.0,6.0,-1.0,5.5,-1.0,26.04.2023 skrzydlowy (90'),Polska,26.04.2023"
"Marian Kozlarek,308205469,18.100,,353,WC 36,11,Continental Championship  Matchday 9,05/04/2024,87,9,2.5,4.5,5,3.5,6.5,-1,2.5,4.5,-1.0,-1.0,-1.0,-1.0,26.04.2023 stoper (90'),Polska,26.04.2023"
"Maurycy Milowski,325331354,16.074,,59,WC 37,16,World Cup - Round I  Matchday 1,13/12/2024,89,13,-1,3,4,4,5.5,-1,-1.0,-1.0,-1.0,-1.0,5.5,-1.0,26.04.2023 skrzydlowy (90'),Polska,26.04.2023"
"Rajmund Walczak,322468928,16.024,,108,WC 37,24,World Cup - Round I  Matchday 9,31/01/2025,90,4,-1,-1,4.5,5,5.5,4.5,-1.0,-1.0,-1.0,5.0,5.5,-1.0,26.04.2023 pomocnik (90'),Polska,26.04.2023"
"Stanislaw Chmielarski,316484055,17.033,,178,WC 37,2,Friendly,27/09/2024,89,2,-1,3.5,4,3.5,4,5,-1.0,3.5,-1.0,-1.0,-1.0,5.0,26.04.2023 stoper (90'),Polska,26.04.2023"
"Wladyslaw Gburek,327355072,15.064,,24,WC 37,39,World Cup - Round V  Matchday 2,14/04/2025,90,15,-1,-1,-1,3.5,-1,4.5,-1.0,-1.0,-1.0,3.5,-1.0,4.5,22.04.2023 pomocnik (90'),Polska,26.04.2023"
"Boleslaw Sugalski,319190190,17.080,,143,WC 36,35,World Cup - Round IV  Matchday 1,16/08/2024,88,12,-1,4.5,5,5,5.5,-1,-1.0,-1.0,5.0,4.5,-1.0,-1.0,26.04.2023 boczny_obronca (90'),Polska,26.04.2023"
"Daniel Zajko,317731711,17.023,T,178,WC 37,5,Continental Championship  Matchday 3,11/10/2024,89,4,-1,4,4.5,3.5,4.5,-1,-1.0,-1.0,4.5,3.5,4.5,-1.0,26.04.2023 boczny_obronca (90'),Polska,26.04.2023"
"Fabian Telesinski,321121417,16.084,T,108,WC 37,14,Continental Championship - Semifinals,02/12/2024,89,12,-1,4.5,4.5,4.5,3.5,-1,-1.0,4.5,4.5,4.0,-1.0,-1.0,19.04.2023 stoper (90'),Polska,26.04.2023"
"Grzegorz Duchna,318139623,16.107,,122,WC 37,10,Continental Championship  Matchday 8,08/11/2024,89,8,-1,-1,4,3.5,4,4.5,-1.0,-1.0,-1.0,3.5,-1.0,4.5,26.04.2023 pomocnik (90'),Polska,26.04.2023"
"Hubert Gargula,323526182,16.036,U,73,WC 37,22,World Cup - Round I  Matchday 7,17/01/2025,90,2,-1,3,-1,4,-1,4.5,-1.0,-1.0,-1.0,4.0,-1.0,4.5,26.04.2023 napastnik (90'),Polska,26.04.2023"
"Jaroslaw Niezgoda,321857934,16.057,,66,WC 37,19,World Cup - Round I  Matchday 4,27/12/2024,89,15,4.5,2,1.5,-1,-1,-1,4.5,-1.0,1.5,-1.0,-1.0,-1.0,12.04.2023 bramkarz (90'),Polska,26.04.2023"
"Jerzy Czyzewski,318140391,16.105,,94,WC 37,10,Continental Championship  Matchday 8,08/11/2024,89,8,2,4.5,5,-1,4.5,4,-1.0,4.5,-1.0,-1.0,-1.0,4.0,19.04.2023 skrzydlowy (82'),Polska,26.04.2023"
"Jozef Dudaczyk,319503687,16.098,U,136,WC 37,11,Continental Championship  Matchday 9,15/11/2024,89,9,5,2.5,2.5,-1,-1,-1,-1.0,-1.0,2.5,-1.0,-1.0,-1.0,03.04.2023 boczny_obronca (90'),Polska,26.04.2023"
"Konrad Gogolinski,318813187,16.091,P,171,WC 37,12,Continental Championship  Matchday 10,22/11/2024,89,10,-1,-1,3,5,4.5,-1,-1.0,-1.0,-1.0,5.0,4.5,-1.0,26.04.2023 pomocnik (90'),Polska,26.04.2023"
"Krystian Skoczylas,327185226,15.106,Q,17,WC 37,30,World Cup - Round II  Matchday 5,28/02/2025,90,8,-1,-1,-1,3.5,3,3.5,-1.0,-1.0,-1.0,3.5,3.0,3.5,26.04.2023 skrzydlowy (90'),Polska,26.04.2023"
"Marcel Jankiewicz,318907478,16.096,,129,WC 37,11,Continental Championship  Matchday 9,15/11/2024,89,9,-1,2.5,-1,3.5,3.5,5,-1.0,2.5,-1.0,3.5,-1.0,5.0,26.04.2023 pomocnik (90'),Polska,26.04.2023"
"Marceli Gawluk,323911844,16.047,,31,WC 37,20,World Cup - Round I  Matchday 5,03/01/2025,89,16,5,-1,2,-1,-1,-1,5.0,-1.0,2.0,-1.0,-1.0,-1.0,26.04.2023 bramkarz (90'),Polska,26.04.2023"
"Mateusz Rzeczycki,327505018,15.094,,10,WC 37,32,World Cup - Round III  Matchday 1,14/03/2025,90,10,-1,-1,-1,-1,5,5.5,-1.0,-1.0,-1.0,-1.0,5.0,5.5,26.04.2023 skrzydlowy (90'),Polska,26.04.2023"
"Pawel Marcinek,320432832,16.072,,87,WC 37,16,World Cup - Round I  Matchday 1,13/12/2024,89,13,-1,-1,-1,4,3.5,4.5,-1.0,-1.0,-1.0,4.0,-1.0,4.5,26.04.2023 napastnik (90'),Polska,26.04.2023"
"Radoslaw Czerski,327817142,16.082,,3,WC 37,14,Continental Championship - Semifinals,02/12/2024,89,12,-1,-1,-1,-1,-1,-1,-1.0,-1.0,-1.0,-1.0,-1.0,-1.0,--------,Polska,26.04.2023"
"Wlodzimierz Chodnicki,322457705,16.093,,80,WC 37,12,Continental Championship  Matchday 10,22/11/2024,89,10,-1,2,-1,-1,4.5,5.5,-1.0,-1.0,-1.0,-1.0,4.5,5.5,26.04.2023 napastnik (90'),Polska,26.04.2023"
"Wlodzimierz Jarmijak,318397465,16.111,,150,WC 37,9,Continental Championship  Matchday 7,01/11/2024,89,7,-1,-1,3.5,-1,4,-1,-1.0,-1.0,3.5,-1.0,4.0,-1.0,04.03.2023 skrzydlowy (90'),Polska,26.04.2023"
