"Andrzej Kaliszewski,327502842,16.102,,1,WC 37,8,Continental Championship  Matchday 6,25/10/2024,89,6,-1,-1,-1,-1,-1,-1,-1.0,-1.0,-1.0,-1.0,-1.0,-1.0,--------,Polska"
"Radoslaw Moczydlowski,327502857,16.032,,9,WC 37,20,World Cup - Round I  Matchday 5,03/01/2025,89,16,-1,-1,-1,-1,-1,-1,-1.0,-1.0,-1.0,-1.0,-1.0,-1.0,--------,Polska"
"Daniel Mynarski,327502883,16.000,,8,WC 37,25,World Cup - Round I  Matchday 10,07/02/2025,90,5,-1,-1,-1,5,-1,-1,-1.0,-1.0,-1.0,5.0,-1.0,-1.0,08.04.2023 pomocnik (90'),Polska"
"Andrzej Salaj,327502894,15.053,,6,WC 37,37,World Cup - Round IV  Matchday 3,04/04/2025,90,13,-1,-1,-1,-1,3.5,-1,-1.0,-1.0,-1.0,-1.0,3.5,-1.0,09.04.2023 skrzydlowy (90'),Polska"
"Jaroslaw Siejko,327503429,16.073,,12,WC 37,12,Continental Championship  Matchday 10,22/11/2024,89,10,-1,2,-1,-1,-1,-1,-1.0,-1.0,-1.0,-1.0,-1.0,-1.0,03.04.2023 stoper (44'),Polska"
"Miroslaw Szudzik,327503430,16.012,,12,WC 37,23,World Cup - Round I  Matchday 8,24/01/2025,90,3,1.5,-1,-1,-1,-1,-1,1.5,-1.0,-1.0,-1.0,-1.0,-1.0,03.04.2023 bramkarz (90'),Polska"
"Julian Kargul,327503431,15.051,,12,WC 37,38,World Cup - Round V  Matchday 1,11/04/2025,90,14,-1,-1,-1,-1,2,-1,-1.0,-1.0,-1.0,-1.0,2.0,-1.0,03.04.2023 skrzydlowy (90'),Polska"
"Achacy Dolna,327503432,17.011,,12,WC 37,4,Continental Championship  Matchday 2,07/10/2024,89,4,-1,-1,-1,-1,-1,-1,-1.0,-1.0,-1.0,-1.0,-1.0,-1.0,--------,Polska"
"Zenon Kulawiec,327503433,16.066,,12,WC 37,14,Continental Championship - Semifinals,02/12/2024,89,12,-1,-1,-1,-1,-1,4,-1.0,-1.0,-1.0,-1.0,-1.0,-1.0,03.04.2023 napastnik (44'),Polska"
"Miroslaw Ledwoch,327503434,16.015,,12,WC 37,23,World Cup - Round I  Matchday 8,24/01/2025,90,3,-1,-1,-1,2.5,-1,-1,-1.0,-1.0,-1.0,-1.0,-1.0,-1.0,03.04.2023 pomocnik (46'),Polska"
"Bronislaw Drozdowicz,327503435,17.000,,12,WC 37,7,Continental Championship  Matchday 5,18/10/2024,89,5,-1,2.5,-1,-1,-1,-1,-1.0,-1.0,-1.0,-1.0,-1.0,-1.0,03.04.2023 stoper (46'),Polska"
"Stefan Szulim,327503436,16.065,,12,WC 37,15,Continental Championship - Finals,06/12/2024,89,12,-1,-1,-1,2,-1,-1,-1.0,-1.0,-1.0,-1.0,-1.0,-1.0,03.04.2023 pomocnik (44'),Polska"
"Miroslaw Dlugon,327503437,16.072,,12,WC 37,13,Continental Championship - Quarterfinals,29/11/2024,89,11,-1,-1,-1,-1,-1,-1,-1.0,-1.0,-1.0,-1.0,-1.0,-1.0,--------,Polska"
"Walerian Siek,327503438,16.051,,12,WC 37,18,World Cup - Round I  Matchday 3,20/12/2024,89,14,-1,-1,-1,-1,-1,-1,-1.0,-1.0,-1.0,-1.0,-1.0,-1.0,--------,Polska"
"Arkadiusz Trzpiola,327503439,15.038,,12,WC 37,41,World Cup - Semifinals,21/04/2025,90,16,-1,2.5,-1,-1,-1,-1,-1.0,2.5,-1.0,-1.0,-1.0,-1.0,03.04.2023 stoper (90'),Polska"
"Bartlomiej Szews,327503440,16.057,,12,WC 37,16,World Cup - Round I  Matchday 1,13/12/2024,89,13,-1,3,-1,-1,-1,-1,-1.0,3.0,-1.0,-1.0,-1.0,-1.0,03.04.2023 stoper (90'),Polska"
"Lutogniew Mayer,327503441,15.084,,12,WC 37,31,World Cup - Round II  Matchday 6,07/03/2025,90,9,-1,-1,-1,2,-1,-1,-1.0,-1.0,-1.0,2.0,-1.0,-1.0,03.04.2023 pomocnik (90'),Polska"
"Franciszek Michalewski,327503442,15.085,,12,WC 37,31,World Cup - Round II  Matchday 6,07/03/2025,90,9,-1,-1,-1,2,-1,-1,-1.0,-1.0,-1.0,2.0,-1.0,-1.0,03.04.2023 pomocnik (90'),Polska"
"Beniamin Kostuch,327503443,15.054,,12,WC 37,37,World Cup - Round IV  Matchday 3,04/04/2025,90,13,-1,-1,-1,-1,2.5,-1,-1.0,-1.0,-1.0,-1.0,2.5,-1.0,03.04.2023 skrzydlowy (90'),Polska"
"Tomasz Wajszczyk,327503863,16.100,,7,WC 37,9,Continental Championship  Matchday 7,01/11/2024,89,7,-1,-1,-1,4.5,-1,-1,-1.0,-1.0,-1.0,4.5,-1.0,-1.0,07.04.2023 pomocnik (90'),Polska"
"Emil Ulrich,327503894,16.078,H,7,WC 37,12,Continental Championship  Matchday 10,22/11/2024,89,10,-1,-1,-1,3.5,-1,-1,-1.0,-1.0,-1.0,3.5,-1.0,-1.0,06.04.2023 pomocnik (90'),Polska"
"Stanislaw Chrzan,327503898,16.052,,1,WC 37,17,World Cup - Round I  Matchday 2,16/12/2024,89,14,-1,-1,-1,-1,-1,-1,-1.0,-1.0,-1.0,-1.0,-1.0,-1.0,--------,Polska"
"Artur Czuma,327503911,15.025,,8,WC 38,1,Friendly,02/05/2025,91,1,-1,-1,-1,-1,-1,4,-1.0,-1.0,-1.0,-1.0,-1.0,4.0,07.04.2023 napastnik (90'),Polska"
"Jan Borzucki,327504982,15.048,,8,WC 37,39,World Cup - Round V  Matchday 2,14/04/2025,90,15,-1,-1,-1,5,-1,-1,-1.0,-1.0,-1.0,5.0,-1.0,-1.0,04.04.2023 pomocnik (90'),Polska"
"Arek Szymoniak,327505016,16.010,,7,WC 37,23,World Cup - Round I  Matchday 8,24/01/2025,90,3,-1,-1,-1,-1,-1,-1,-1.0,-1.0,-1.0,-1.0,-1.0,-1.0,--------,Polska"
"Gwidon Nalewkowicz,327505986,16.032,,0,WC 37,20,World Cup - Round I  Matchday 5,03/01/2025,89,16,-1,-1,-1,-1,4,-1,-1.0,-1.0,-1.0,-1.0,4.0,-1.0,10.04.2023 skrzydlowy (90'),Polska"
"Dominik Lenz,327507034,16.085,,8,WC 37,11,Continental Championship  Matchday 9,15/11/2024,89,9,-1,-1,-1,-1,-1,-1,-1.0,-1.0,-1.0,-1.0,-1.0,-1.0,--------,Polska"
"Szymon Rola,327507386,15.068,,12,WC 37,34,World Cup - Round III  Matchday 3,21/03/2025,90,11,-1,-1,-1,-1,-1,4.5,-1.0,-1.0,-1.0,-1.0,-1.0,4.5,07.04.2023 napastnik (90'),Polska"
"Maciej Switala,327507388,16.090,,12,WC 37,10,Continental Championship  Matchday 8,08/11/2024,89,8,-1,-1,-1,2,-1,-1,-1.0,-1.0,-1.0,-1.0,-1.0,-1.0,07.04.2023 pomocnik (61'),Polska"
"Dariusz Zawadka,327507390,16.030,,12,WC 37,21,World Cup - Round I  Matchday 6,10/01/2025,90,1,-1,-1,2.5,2,-1,-1,-1.0,-1.0,2.5,2.0,-1.0,-1.0,07.04.2023 boczny_obronca (90'),Polska"
"Mariusz Lagosz,327507391,16.010,,12,WC 37,23,World Cup - Round I  Matchday 8,24/01/2025,90,3,-1,-1,-1,2.5,-1,-1,-1.0,-1.0,-1.0,2.5,-1.0,-1.0,31.03.2023 pomocnik (90'),Polska"
"Tadeusz Dyk,327507392,16.064,,12,WC 37,15,Continental Championship - Finals,06/12/2024,89,12,-1,-1,-1,-1,-1,-1,-1.0,-1.0,-1.0,-1.0,-1.0,-1.0,--------,Polska"
"Kamil Sawa,327507393,16.046,,12,WC 37,18,World Cup - Round I  Matchday 3,20/12/2024,89,14,-1,1,-1,-1,-1,-1,-1.0,1.0,-1.0,-1.0,-1.0,-1.0,31.03.2023 stoper (90'),Polska"
"Arkadiusz Hinca,327507394,16.056,,12,WC 37,16,World Cup - Round I  Matchday 1,13/12/2024,89,13,-1,-1,-1,-1,3.5,-1,-1.0,-1.0,-1.0,-1.0,3.5,-1.0,07.04.2023 skrzydlowy (90'),Polska"
"Florian Lepczynski,327507395,16.064,,12,WC 37,15,Continental Championship - Finals,06/12/2024,89,12,-1,2.5,2.5,-1,-1,-1,-1.0,2.5,2.5,-1.0,-1.0,-1.0,07.04.2023 stoper (90'),Polska"
"Jozef Zegarski,327507396,15.087,,12,WC 37,30,World Cup - Round II  Matchday 5,28/02/2025,90,8,-1,-1,-1,-1,-1,2.5,-1.0,-1.0,-1.0,-1.0,-1.0,2.5,07.04.2023 napastnik (90'),Polska"
"Rafal Helisz,327507397,16.085,,12,WC 37,11,Continental Championship  Matchday 9,15/11/2024,89,9,-1,-1,2.5,-1,-1,-1,-1.0,-1.0,2.5,-1.0,-1.0,-1.0,07.04.2023 boczny_obronca (90'),Polska"
"Franciszek Antonczak,327507398,16.058,,12,WC 37,16,World Cup - Round I  Matchday 1,13/12/2024,89,13,-1,-1,3.5,3,-1,-1,-1.0,-1.0,3.5,-1.0,-1.0,-1.0,07.04.2023 pomocnik (29'),Polska"
"Adam Bek,327507399,16.055,,12,WC 37,17,World Cup - Round I  Matchday 2,16/12/2024,89,14,1.5,-1,-1,-1,-1,-1,1.5,-1.0,-1.0,-1.0,-1.0,-1.0,07.04.2023 bramkarz (90'),Polska"
"Marek Runowski,327507400,16.007,,12,WC 37,24,World Cup - Round I  Matchday 9,31/01/2025,90,4,-1,-1,-1,3.5,-1,3.5,-1.0,-1.0,-1.0,3.5,-1.0,3.5,07.04.2023 pomocnik (90'),Polska"
"Przemyslaw Losiak,327507401,16.064,,12,WC 37,15,Continental Championship - Finals,06/12/2024,89,12,0.5,-1,-1,-1,-1,-1,0.5,-1.0,-1.0,-1.0,-1.0,-1.0,31.03.2023 bramkarz (90'),Polska"
"Jacek Tomczykiewicz,327507480,17.008,,12,WC 37,5,Continental Championship  Matchday 3,11/10/2024,89,4,-1,-1,-1,-1,-1,-1,-1.0,-1.0,-1.0,-1.0,-1.0,-1.0,--------,Polska"
"Tobiasz Kuzmiak,327507482,16.008,,12,WC 37,24,World Cup - Round I  Matchday 9,31/01/2025,90,4,-1,-1,-1,-1,-1,-1,-1.0,-1.0,-1.0,-1.0,-1.0,-1.0,--------,Polska"
"Jedrzej Kuzniar,327507483,16.089,,12,WC 37,10,Continental Championship  Matchday 8,08/11/2024,89,8,-1,-1,-1,-1,-1,-1,-1.0,-1.0,-1.0,-1.0,-1.0,-1.0,--------,Polska"
"Szymon Kurzyna,327507486,15.088,,12,WC 37,30,World Cup - Round II  Matchday 5,28/02/2025,90,8,-1,-1,-1,-1,-1,-1,-1.0,-1.0,-1.0,-1.0,-1.0,-1.0,--------,Polska"
"Rafal Czuma,327507487,15.073,,12,WC 37,33,World Cup - Round III  Matchday 2,17/03/2025,90,11,-1,-1,-1,-1,-1,-1,-1.0,-1.0,-1.0,-1.0,-1.0,-1.0,--------,Polska"
"Ernest Plochocki,327507488,16.111,,12,WC 37,7,Continental Championship  Matchday 5,18/10/2024,89,5,-1,-1,-1,-1,-1,-1,-1.0,-1.0,-1.0,-1.0,-1.0,-1.0,--------,Polska"
"Jan Muszynski,327507489,16.067,,12,WC 37,14,Continental Championship - Semifinals,02/12/2024,89,12,-1,-1,-1,-1,-1,-1,-1.0,-1.0,-1.0,-1.0,-1.0,-1.0,--------,Polska"
"Bogumil Wojkowski,327507490,15.047,,12,WC 37,39,World Cup - Round V  Matchday 2,14/04/2025,90,15,-1,-1,-1,-1,-1,-1,-1.0,-1.0,-1.0,-1.0,-1.0,-1.0,--------,Polska"
"Bartosz Bokota,327507491,17.008,,12,WC 37,5,Continental Championship  Matchday 3,11/10/2024,89,4,-1,-1,-1,-1,-1,-1,-1.0,-1.0,-1.0,-1.0,-1.0,-1.0,--------,Polska"
"Boguslaw Jaroszynski,327507492,17.001,,12,WC 37,7,Continental Championship  Matchday 5,18/10/2024,89,5,-1,-1,-1,-1,-1,-1,-1.0,-1.0,-1.0,-1.0,-1.0,-1.0,--------,Polska"
"Gerard Osetek,327507493,16.089,,12,WC 37,10,Continental Championship  Matchday 8,08/11/2024,89,8,-1,-1,-1,-1,-1,-1,-1.0,-1.0,-1.0,-1.0,-1.0,-1.0,--------,Polska"
"Slawomir Hamerski,327507494,16.090,,12,WC 37,10,Continental Championship  Matchday 8,08/11/2024,89,8,-1,-1,-1,-1,-1,-1,-1.0,-1.0,-1.0,-1.0,-1.0,-1.0,--------,Polska"
"Jerzy Wrebiak,327507495,16.091,,12,WC 37,10,Continental Championship  Matchday 8,08/11/2024,89,8,-1,-1,-1,-1,-1,-1,-1.0,-1.0,-1.0,-1.0,-1.0,-1.0,--------,Polska"
"Ludomir Stodolkiewicz,327507496,16.016,,12,WC 37,23,World Cup - Round I  Matchday 8,24/01/2025,90,3,-1,-1,-1,-1,-1,-1,-1.0,-1.0,-1.0,-1.0,-1.0,-1.0,--------,Polska"
"Emilian Sopala,327507509,15.049,,12,WC 37,38,World Cup - Round V  Matchday 1,11/04/2025,90,14,-1,-1,-1,-1,-1,-1,-1.0,-1.0,-1.0,-1.0,-1.0,-1.0,--------,Polska"
"Dariusz Waszczuk,327507993,15.020,,1,WC 38,2,Friendly,09/05/2025,91,2,-1,-1,-1,-1,-1,-1,-1.0,-1.0,-1.0,-1.0,-1.0,-1.0,--------,Polska"
"Gabriel Forszpaniak,327508003,15.031,U,7,WC 38,,Final,,,,-1,-1,-1,3.5,-1,-1,-1.0,-1.0,-1.0,3.5,-1.0,-1.0,02.04.2023 pomocnik (90'),Polska"
"Tomasz Szczesiul,327508006,16.045,,2,WC 37,18,World Cup - Round I  Matchday 3,20/12/2024,89,14,-1,-1,-1,-1,-1,-1,-1.0,-1.0,-1.0,-1.0,-1.0,-1.0,--------,Polska"
"Przemyslaw Witkowicz,327508016,15.061,,0,WC 37,36,World Cup - Round IV  Matchday 2,31/03/2025,90,13,-1,-1,-1,-1,-1,-1,-1.0,-1.0,-1.0,-1.0,-1.0,-1.0,--------,Polska"
"Stanislaw Majrowski,327508028,16.098,,0,WC 37,9,Continental Championship  Matchday 7,01/11/2024,89,7,-1,-1,-1,-1,-1,-1,-1.0,-1.0,-1.0,-1.0,-1.0,-1.0,--------,Polska"
"Krzysztof Gurtatowski,327508046,16.062,,11,WC 37,15,Continental Championship - Finals,06/12/2024,89,12,-1,-1,-1,-1,-1,-1,-1.0,-1.0,-1.0,-1.0,-1.0,-1.0,--------,Polska"
"Arkadiusz Zolynski,327508048,16.108,,8,WC 37,7,Continental Championship  Matchday 5,18/10/2024,89,5,-1,-1,-1,-1,-1,-1,-1.0,-1.0,-1.0,-1.0,-1.0,-1.0,--------,Polska"
"Pawel Sobczyk,327509058,15.062,,3,WC 37,36,World Cup - Round IV  Matchday 2,31/03/2025,90,13,-1,-1,-1,-1,4,-1,-1.0,-1.0,-1.0,-1.0,4.0,-1.0,09.04.2023 skrzydlowy (90'),Polska"
"Ludwik Grala,327509957,16.040,,11,WC 37,19,World Cup - Round I  Matchday 4,27/12/2024,89,15,4,-1,-1,-1,-1,-1,4.0,-1.0,-1.0,-1.0,-1.0,-1.0,08.04.2023 bramkarz (90'),Polska"
"Jedrzej Kecki,327510581,15.043,U,7,WC 37,40,World Cup - Round V  Matchday 3,18/04/2025,90,15,-1,-1,-1,-1,-1,4.5,-1.0,-1.0,-1.0,-1.0,-1.0,4.5,05.04.2023 napastnik (90'),Polska"
"Waldemar Mastalerz,327510586,15.017,,8,WC 38,2,Friendly,09/05/2025,91,2,-1,-1,-1,3.5,-1,-1,-1.0,-1.0,-1.0,3.5,-1.0,-1.0,07.04.2023 pomocnik (90'),Polska"
"Marek Prusak,327526744,16.107,,1,WC 37,8,Continental Championship  Matchday 6,25/10/2024,89,6,-1,-1,-1,-1,-1,-1,-1.0,-1.0,-1.0,-1.0,-1.0,-1.0,--------,Polska"
"Wlodzimierz Larysz,327526759,15.081,,7,WC 37,31,World Cup - Round II  Matchday 6,07/03/2025,90,9,-1,5,-1,-1,-1,-1,-1.0,5.0,-1.0,-1.0,-1.0,-1.0,08.04.2023 stoper (90'),Polska"
"Marcin Dudka,327526778,15.021,,4,WC 38,2,Friendly,09/05/2025,91,2,-1,-1,4.5,2,-1,-1,-1.0,-1.0,4.5,2.0,-1.0,-1.0,08.04.2023 pomocnik (90'),Polska"
"Marek Kosmalski,327526785,15.080,,1,WC 37,31,World Cup - Round II  Matchday 6,07/03/2025,90,9,-1,-1,-1,-1,-1,-1,-1.0,-1.0,-1.0,-1.0,-1.0,-1.0,--------,Polska"
"Wlodzimierz Wolfowicz,327526795,15.031,,7,WC 38,,Final,,,,-1,-1,-1,-1,5,-1,-1.0,-1.0,-1.0,-1.0,-1.0,-1.0,06.04.2023 skrzydlowy (59'),Polska"
"Artur Badon,327526815,16.024,,7,WC 37,21,World Cup - Round I  Matchday 6,10/01/2025,90,1,-1,-1,-1,-1,-1,-1,-1.0,-1.0,-1.0,-1.0,-1.0,-1.0,--------,Polska"
"Witold Lacny,327526816,17.002,,9,WC 37,7,Continental Championship  Matchday 5,18/10/2024,89,5,-1,-1,-1,-1,-1,-1,-1.0,-1.0,-1.0,-1.0,-1.0,-1.0,--------,Polska"
"Slawomir Jedrzejewski,327526822,15.030,,7,WC 38,1,Friendly,02/05/2025,91,1,-1,-1,-1,4.5,-1,-1,-1.0,-1.0,-1.0,4.5,-1.0,-1.0,06.04.2023 pomocnik (90'),Polska"
"Witold Matysiak,327526859,15.069,,8,WC 37,34,World Cup - Round III  Matchday 3,21/03/2025,90,11,-1,-1,-1,5,-1,-1,-1.0,-1.0,-1.0,5.0,-1.0,-1.0,08.04.2023 pomocnik (90'),Polska"
"Aleksander Lojszczyk,327526872,16.046,,8,WC 37,18,World Cup - Round I  Matchday 3,20/12/2024,89,14,-1,-1,-1,4.5,-1,-1,-1.0,-1.0,-1.0,4.5,-1.0,-1.0,05.04.2023 pomocnik (90'),Polska"
"Dominik Pruchnicki,327526901,15.099,,8,WC 37,28,World Cup - Round II  Matchday 3,21/02/2025,90,7,-1,-1,4.5,-1,-1,-1,-1.0,-1.0,4.5,-1.0,-1.0,-1.0,05.04.2023 boczny_obronca (90'),Polska"
"Gerwazy Gibowicz,327526935,15.039,,7,WC 37,41,World Cup - Semifinals,21/04/2025,90,16,-1,-1,-1,5,-1,-1,-1.0,-1.0,-1.0,5.0,-1.0,-1.0,04.04.2023 pomocnik (90'),Polska"
"Bohdan Petriak,327526938,15.056,,9,WC 37,37,World Cup - Round IV  Matchday 3,04/04/2025,90,13,-1,-1,3.5,-1,-1,-1,-1.0,-1.0,3.5,-1.0,-1.0,-1.0,09.04.2023 boczny_obronca (90'),Polska"
"Jan Zygmunt,327526967,16.037,,0,WC 37,20,World Cup - Round I  Matchday 5,03/01/2025,89,16,-1,-1,-1,-1,-1,-1,-1.0,-1.0,-1.0,-1.0,-1.0,-1.0,--------,Polska"
"Radomir Czerkas,327527054,15.094,,8,WC 37,29,World Cup - Round II  Matchday 4,24/02/2025,90,8,-1,-1,-1,-1,4,-1,-1.0,-1.0,-1.0,-1.0,4.0,-1.0,08.04.2023 skrzydlowy (90'),Polska"
"Mieczyslaw Lasota,327527114,16.029,,1,WC 37,21,World Cup - Round I  Matchday 6,10/01/2025,90,1,-1,-1,-1,-1,3.5,-1,-1.0,-1.0,-1.0,-1.0,3.5,-1.0,09.04.2023 skrzydlowy (90'),Polska"
"Witold Rylko,327527129,15.042,,0,WC 37,40,World Cup - Round V  Matchday 3,18/04/2025,90,15,-1,-1,-1,-1,-1,-1,-1.0,-1.0,-1.0,-1.0,-1.0,-1.0,--------,Polska"
"Milosz Dubaj,327527158,16.038,Q,0,WC 37,19,World Cup - Round I  Matchday 4,27/12/2024,89,15,-1,-1,-1,-1,-1,-1,-1.0,-1.0,-1.0,-1.0,-1.0,-1.0,--------,Polska"
"Jan Borysiak,327527180,15.096,,1,WC 37,29,World Cup - Round II  Matchday 4,24/02/2025,90,8,-1,-1,-1,-1,-1,-1,-1.0,-1.0,-1.0,-1.0,-1.0,-1.0,--------,Polska"
"Jan Torzewski,327527188,16.019,T,1,WC 37,22,World Cup - Round I  Matchday 7,17/01/2025,90,2,-1,-1,-1,-1,-1,-1,-1.0,-1.0,-1.0,-1.0,-1.0,-1.0,--------,Polska"
"Mariusz Reclik,327527193,15.037,,0,WC 38,,Final,,,,-1,-1,-1,-1,-1,-1,-1.0,-1.0,-1.0,-1.0,-1.0,-1.0,--------,Polska"
"Leszek Opara,327527208,15.108,,7,WC 37,25,World Cup - Round I  Matchday 10,07/02/2025,90,5,-1,4,-1,-1,-1,-1,-1.0,4.0,-1.0,-1.0,-1.0,-1.0,08.04.2023 stoper (90'),Polska"
"Alan Gradus,327527218,16.099,,9,WC 37,9,Continental Championship  Matchday 7,01/11/2024,89,7,-1,-1,-1,-1,-1,-1,-1.0,-1.0,-1.0,-1.0,-1.0,-1.0,--------,Polska"
"Piotr Galazka,327527251,15.084,,8,WC 37,31,World Cup - Round II  Matchday 6,07/03/2025,90,9,-1,-1,-1,-1,-1,-1,-1.0,-1.0,-1.0,-1.0,-1.0,-1.0,--------,Polska"
"Arkadiusz Cop,327527252,16.091,,8,WC 37,10,Continental Championship  Matchday 8,08/11/2024,89,8,-1,-1,-1,-1,-1,-1,-1.0,-1.0,-1.0,-1.0,-1.0,-1.0,--------,Polska"
"Fryderyk Barwinski,327527349,15.047,,0,WC 37,39,World Cup - Round V  Matchday 2,14/04/2025,90,15,-1,-1,-1,-1,-1,-1,-1.0,-1.0,-1.0,-1.0,-1.0,-1.0,--------,Polska"
"Bogdan Wlodarczak,327527425,15.070,,8,WC 37,34,World Cup - Round III  Matchday 3,21/03/2025,90,11,-1,2.5,-1,-1,-1,-1,-1.0,2.5,-1.0,-1.0,-1.0,-1.0,03.04.2023 stoper (90'),Polska"
"Ryszard Reiss,327527428,15.058,,1,WC 37,37,World Cup - Round IV  Matchday 3,04/04/2025,90,13,-1,-1,-1,-1,4.5,-1,-1.0,-1.0,-1.0,-1.0,4.5,-1.0,09.04.2023 skrzydlowy (90'),Polska"
"Jedrek Huzarski,327527432,15.028,,6,WC 38,1,Friendly,02/05/2025,91,1,-1,-1,-1,3,-1,-1,-1.0,-1.0,-1.0,-1.0,-1.0,-1.0,05.04.2023 pomocnik (75'),Polska"
"Artur Kacowski,327527461,15.060,,0,WC 37,36,World Cup - Round IV  Matchday 2,31/03/2025,90,13,-1,-1,-1,-1,-1,-1,-1.0,-1.0,-1.0,-1.0,-1.0,-1.0,--------,Polska"
"Alfred Stawecki,327527465,15.061,,7,WC 37,36,World Cup - Round IV  Matchday 2,31/03/2025,90,13,-1,-1,-1,-1,-1,8,-1.0,-1.0,-1.0,-1.0,-1.0,-1.0,06.04.2023 napastnik (56'),Polska"
"Siecieslaw Giertak,327527466,16.019,,0,WC 37,22,World Cup - Round I  Matchday 7,17/01/2025,90,2,-1,-1,-1,-1,-1,-1,-1.0,-1.0,-1.0,-1.0,-1.0,-1.0,--------,Polska"
"Pawel Szydlo,327527467,16.002,,0,WC 37,25,World Cup - Round I  Matchday 10,07/02/2025,90,5,-1,-1,-1,-1,-1,-1,-1.0,-1.0,-1.0,-1.0,-1.0,-1.0,--------,Polska"
"Radoslaw Paszenda,327527470,16.060,,6,WC 37,15,Continental Championship - Finals,06/12/2024,89,12,4.5,-1,-1,-1,-1,-1,4.5,-1.0,-1.0,-1.0,-1.0,-1.0,05.04.2023 bramkarz (90'),Polska"
"Piotr Gajos,327527533,15.044,,7,WC 37,40,World Cup - Round V  Matchday 3,18/04/2025,90,15,-1,-1,-1,-1,5,-1,-1.0,-1.0,-1.0,-1.0,5.0,-1.0,06.04.2023 skrzydlowy (90'),Polska"
"Przemyslaw Hemmerling,327527554,15.102,,8,WC 37,27,World Cup - Round II  Matchday 2,17/02/2025,90,7,-1,-1,-1,3.5,-1,3.5,-1.0,-1.0,-1.0,3.5,-1.0,3.5,09.04.2023 pomocnik (90'),Polska"
"Slawomir Czechura,327527559,16.082,,0,WC 37,11,Continental Championship  Matchday 9,15/11/2024,89,9,-1,-1,-1,-1,-1,-1,-1.0,-1.0,-1.0,-1.0,-1.0,-1.0,--------,Polska"
"Cezary Stanislawiak,327527582,16.046,,0,WC 37,18,World Cup - Round I  Matchday 3,20/12/2024,89,14,-1,-1,-1,-1,-1,-1,-1.0,-1.0,-1.0,-1.0,-1.0,-1.0,--------,Polska"
"Cezary Bochniak,327527585,16.027,,7,WC 37,21,World Cup - Round I  Matchday 6,10/01/2025,90,1,-1,-1,-1,-1,5.5,-1,-1.0,-1.0,-1.0,-1.0,5.5,-1.0,10.04.2023 skrzydlowy (90'),Polska"
"Wlodzimierz Jedrusiak,327527590,15.037,,7,WC 38,,Final,,,,-1,-1,-1,-1,-1,-1,-1.0,-1.0,-1.0,-1.0,-1.0,-1.0,--------,Polska"
"Sebastian Kuklik,327527606,16.111,,5,WC 37,7,Continental Championship  Matchday 5,18/10/2024,89,5,-1,-1,-1,-1,-1,-1,-1.0,-1.0,-1.0,-1.0,-1.0,-1.0,--------,Polska"
"Wojciech Misiek,327527614,16.098,T,8,WC 37,9,Continental Championship  Matchday 7,01/11/2024,89,7,-1,4.5,-1,-1,-1,-1,-1.0,4.5,-1.0,-1.0,-1.0,-1.0,09.04.2023 stoper (90'),Polska"
"Erazm Konecki,327527631,15.021,U,4,WC 38,2,Friendly,09/05/2025,91,2,-1,-1,-1,-1,-1,-1,-1.0,-1.0,-1.0,-1.0,-1.0,-1.0,--------,Polska"
"Waldemar Wytrwal,327527658,15.053,Q,7,WC 37,37,World Cup - Round IV  Matchday 3,04/04/2025,90,13,-1,-1,-1,-1,5,-1,-1.0,-1.0,-1.0,-1.0,5.0,-1.0,04.04.2023 skrzydlowy (90'),Polska"
"Czeslaw Kirkiewicz,327527698,16.023,,7,WC 37,22,World Cup - Round I  Matchday 7,17/01/2025,90,2,-1,-1,-1,-1,5,-1,-1.0,-1.0,-1.0,-1.0,3.5,-1.0,09.04.2023 skrzydlowy (90'),Polska"
"Radoslaw Modrak,327527728,16.066,,5,WC 37,14,Continental Championship - Semifinals,02/12/2024,89,12,-1,-1,3,-1,-1,-1,-1.0,-1.0,3.0,-1.0,-1.0,-1.0,05.04.2023 boczny_obronca (90'),Polska"
"Radoslaw Ozimek,327527747,15.069,,1,WC 37,34,World Cup - Round III  Matchday 3,21/03/2025,90,11,-1,-1,-1,-1,-1,-1,-1.0,-1.0,-1.0,-1.0,-1.0,-1.0,--------,Polska"
"Sobieslaw Dziedziela,327527799,15.054,,1,WC 37,37,World Cup - Round IV  Matchday 3,04/04/2025,90,13,-1,-1,-1,-1,-1,-1,-1.0,-1.0,-1.0,-1.0,-1.0,-1.0,--------,Polska"
"Jozef Oleszko,327527809,15.028,,1,WC 38,1,Friendly,02/05/2025,91,1,-1,-1,-1,-1,-1,-1,-1.0,-1.0,-1.0,-1.0,-1.0,-1.0,--------,Polska"
"Andi Hieracker,327527837,15.012,,7,WC 38,4,Continental Championship  Matchday 2,19/05/2025,91,4,-1,-1,-1,-1,-1,3.5,-1.0,-1.0,-1.0,-1.0,-1.0,3.5,09.04.2023 napastnik (90'),Polska"
"Marian Niedziela,327527853,15.080,,3,WC 37,31,World Cup - Round II  Matchday 6,07/03/2025,90,9,-1,-1,-1,3.5,-1,-1,-1.0,-1.0,-1.0,3.5,-1.0,-1.0,07.04.2023 pomocnik (90'),Polska"
"Zenon Witynski,327527868,15.095,,9,WC 37,29,World Cup - Round II  Matchday 4,24/02/2025,90,8,-1,-1,-1,-1,-1,-1,-1.0,-1.0,-1.0,-1.0,-1.0,-1.0,--------,Polska"
"Rafal Strelczuk,327527877,16.025,,0,WC 37,21,World Cup - Round I  Matchday 6,10/01/2025,90,1,-1,-1,-1,-1,-1,-1,-1.0,-1.0,-1.0,-1.0,-1.0,-1.0,--------,Polska"
"Pawel Sapota,327527878,15.020,T,8,WC 38,2,Friendly,09/05/2025,91,2,-1,-1,-1,5,-1,-1,-1.0,-1.0,-1.0,5.0,-1.0,-1.0,08.04.2023 pomocnik (90'),Polska"
"Walenty Rostalski,327527942,15.074,,11,WC 37,33,World Cup - Round III  Matchday 2,17/03/2025,90,11,-1,-1,-1,-1,-1,4,-1.0,-1.0,-1.0,-1.0,-1.0,4.0,08.04.2023 napastnik (90'),Polska"
"Wojciech Wiesek,327527952,15.064,,1,WC 37,35,World Cup - Round IV  Matchday 1,28/03/2025,90,12,-1,-1,-1,-1,-1,-1,-1.0,-1.0,-1.0,-1.0,-1.0,-1.0,--------,Polska"
"Roman Andrzejczak,327546303,15.022,,12,WC 38,2,Friendly,09/05/2025,91,2,-1,-1,-1,-1,-1,3,-1.0,-1.0,-1.0,-1.0,-1.0,3.0,10.04.2023 napastnik (90'),Polska"
"Miroslaw Saczawa,327546304,16.016,,12,WC 37,23,World Cup - Round I  Matchday 8,24/01/2025,90,3,-1,-1,-1,-1,-1,-1,-1.0,-1.0,-1.0,-1.0,-1.0,-1.0,--------,Polska"
"Andrzej Malej,327546305,16.022,,12,WC 37,22,World Cup - Round I  Matchday 7,17/01/2025,90,2,-1,-1,-1,-1,-1,-1,-1.0,-1.0,-1.0,-1.0,-1.0,-1.0,--------,Polska"
"Cezary Korniluk,327546306,17.007,,12,WC 37,5,Continental Championship  Matchday 3,11/10/2024,89,4,0.5,-1,-1,-1,-1,-1,0.5,-1.0,-1.0,-1.0,-1.0,-1.0,10.04.2023 bramkarz (90'),Polska"
"Radoslaw Paruszewski,327546307,15.032,,12,WC 38,,Final,,,,-1,-1,-1,-1,-1,3,-1.0,-1.0,-1.0,-1.0,-1.0,3.0,10.04.2023 napastnik (90'),Polska"
"Leopold Osoba,327546308,16.090,,12,WC 37,10,Continental Championship  Matchday 8,08/11/2024,89,8,-1,0.5,-1,-1,-1,-1,-1.0,0.5,-1.0,-1.0,-1.0,-1.0,10.04.2023 stoper (90'),Polska"
"Hubert Krajewski,327546309,16.052,,12,WC 37,17,World Cup - Round I  Matchday 2,16/12/2024,89,14,-1,-1,2,-1,-1,-1,-1.0,-1.0,2.0,-1.0,-1.0,-1.0,10.04.2023 boczny_obronca (90'),Polska"
"Michal Brzakalik,327546311,15.084,,12,WC 37,31,World Cup - Round II  Matchday 6,07/03/2025,90,9,-1,-1,-1,1.5,-1,-1,-1.0,-1.0,-1.0,1.5,-1.0,-1.0,10.04.2023 pomocnik (90'),Polska"
"Maksymilian Rybicki,327546312,16.002,,12,WC 37,25,World Cup - Round I  Matchday 10,07/02/2025,90,5,-1,-1,-1,-1,4.5,-1,-1.0,-1.0,-1.0,-1.0,4.5,-1.0,10.04.2023 skrzydlowy (90'),Polska"
"Jedrzej Rak,327546314,16.030,,12,WC 37,21,World Cup - Round I  Matchday 6,10/01/2025,90,1,-1,-1,-1,-1,-1,-1,-1.0,-1.0,-1.0,-1.0,-1.0,-1.0,--------,Polska"
"Jerzy Zabon,327546315,15.097,,12,WC 37,29,World Cup - Round II  Matchday 4,24/02/2025,90,8,-1,-1,-1,-1,3,-1,-1.0,-1.0,-1.0,-1.0,3.0,-1.0,10.04.2023 skrzydlowy (90'),Polska"
"Grzegorz Konowal,327546316,16.048,,12,WC 37,18,World Cup - Round I  Matchday 3,20/12/2024,89,14,-1,-1,-1,-1,-1,-1,-1.0,-1.0,-1.0,-1.0,-1.0,-1.0,--------,Polska"
"Albert Szczek,327546317,15.066,,12,WC 37,34,World Cup - Round III  Matchday 3,21/03/2025,90,11,-1,-1,-1,3.5,-1,-1,-1.0,-1.0,-1.0,3.5,-1.0,-1.0,10.04.2023 pomocnik (90'),Polska"
"Tomasz Kochaj,327546318,16.077,,12,WC 37,12,Continental Championship  Matchday 10,22/11/2024,89,10,-1,1.5,-1,-1,-1,-1,-1.0,1.5,-1.0,-1.0,-1.0,-1.0,10.04.2023 stoper (90'),Polska"
"Patryk Lubinski,327546716,16.079,,0,WC 37,12,Continental Championship  Matchday 10,22/11/2024,89,10,-1,-1,-1,-1,-1,-1,-1.0,-1.0,-1.0,-1.0,-1.0,-1.0,--------,Polska"
"Maciej Bielawa,327547691,16.090,,11,WC 37,10,Continental Championship  Matchday 8,08/11/2024,89,8,-1,-1,-1,2.5,-1,4,-1.0,-1.0,-1.0,2.5,-1.0,4.0,05.04.2023 pomocnik (90'),Polska"
"Michal Obora,327547692,16.015,,11,WC 37,23,World Cup - Round I  Matchday 8,24/01/2025,90,3,0.5,-1,1,-1,-1,-1,0.5,-1.0,1.0,-1.0,-1.0,-1.0,05.04.2023 boczny_obronca (90'),Polska"
"Krzysztof Struski,327547694,16.086,,11,WC 37,11,Continental Championship  Matchday 9,15/11/2024,89,9,-1,-1,-1,1.5,-1,-1,-1.0,-1.0,-1.0,1.5,-1.0,-1.0,05.04.2023 pomocnik (90'),Polska"
"Jan Jatczak,327547695,15.021,,11,WC 38,2,Friendly,09/05/2025,91,2,-1,2,-1,-1,-1,-1,-1.0,2.0,-1.0,-1.0,-1.0,-1.0,05.04.2023 stoper (90'),Polska"
"Jonatan Chodacki,327547696,16.091,,11,WC 37,10,Continental Championship  Matchday 8,08/11/2024,89,8,-1,-1,-1,-1,-1,-1,-1.0,-1.0,-1.0,-1.0,-1.0,-1.0,--------,Polska"
"Andrzej Kisiala,327547697,16.018,,11,WC 37,22,World Cup - Round I  Matchday 7,17/01/2025,90,2,1,-1,-1,-1,-1,-1,1.0,-1.0,-1.0,-1.0,-1.0,-1.0,05.04.2023 bramkarz (90'),Polska"
"Ireneusz Bochat,327547698,16.086,,11,WC 37,11,Continental Championship  Matchday 9,15/11/2024,89,9,-1,-1,-1,2,-1,-1,-1.0,-1.0,-1.0,2.0,-1.0,-1.0,29.03.2023 pomocnik (90'),Polska"
"Wladyslaw Lydzinski,327547699,16.052,,11,WC 37,17,World Cup - Round I  Matchday 2,16/12/2024,89,14,-1,-1,-1,4,-1,-1,-1.0,-1.0,-1.0,4.0,-1.0,-1.0,05.04.2023 pomocnik (90'),Polska"
"Marek Wieteski,327547700,16.039,,11,WC 37,19,World Cup - Round I  Matchday 4,27/12/2024,89,15,-1,-1,-1,-1,-1,-1,-1.0,-1.0,-1.0,-1.0,-1.0,-1.0,--------,Polska"
"Brunon Lukasek,327547701,15.096,,11,WC 37,29,World Cup - Round II  Matchday 4,24/02/2025,90,8,-1,1.5,1.5,-1,-1,-1,-1.0,1.5,1.5,-1.0,-1.0,-1.0,05.04.2023 stoper (90'),Polska"
"Ignacy Lorenz,327547702,15.066,H,11,WC 37,34,World Cup - Round III  Matchday 3,21/03/2025,90,11,-1,2,-1,-1,-1,2,-1.0,2.0,-1.0,-1.0,-1.0,2.0,05.04.2023 napastnik (90'),Polska"
"Wespazjan Grzelaczyk,327547703,15.091,,11,WC 37,30,World Cup - Round II  Matchday 5,28/02/2025,90,8,-1,1,1.5,-1,-1,-1,-1.0,1.0,1.5,-1.0,-1.0,-1.0,05.04.2023 boczny_obronca (90'),Polska"
"Waclaw Gladys,327547704,16.055,,11,WC 37,17,World Cup - Round I  Matchday 2,16/12/2024,89,14,-1,-1,-1,-1,-1,4,-1.0,-1.0,-1.0,-1.0,-1.0,4.0,05.04.2023 napastnik (90'),Polska"
"Arkadiusz Bojanowski,327547705,16.035,,11,WC 37,20,World Cup - Round I  Matchday 5,03/01/2025,89,16,-1,-1,-1,3,-1,-1,-1.0,-1.0,-1.0,3.0,-1.0,-1.0,29.03.2023 pomocnik (90'),Polska"
"Rafal Piwecki,327547706,15.035,,11,WC 38,,Final,,,,-1,3.5,4,-1,-1,-1,-1.0,3.5,4.0,-1.0,-1.0,-1.0,05.04.2023 stoper (90'),Polska"
"Franciszek Pluciennik,327547999,16.082,,8,WC 37,11,Continental Championship  Matchday 9,15/11/2024,89,9,-1,-1,-1,6,-1,-1,-1.0,-1.0,-1.0,6.0,-1.0,-1.0,07.04.2023 pomocnik (90'),Polska"
"Alan Bielawa,327548026,16.053,,7,WC 37,17,World Cup - Round I  Matchday 2,16/12/2024,89,14,-1,3,-1,4.5,-1,-1,-1.0,3.0,-1.0,4.5,-1.0,-1.0,06.04.2023 pomocnik (90'),Polska"
"Seweryn Bugajski,327548351,15.071,,11,WC 37,34,World Cup - Round III  Matchday 3,21/03/2025,90,11,-1,-1,-1,-1,-1,-1,-1.0,-1.0,-1.0,-1.0,-1.0,-1.0,--------,Polska"
"Kajetan Rozinski,327548352,15.052,,11,WC 37,37,World Cup - Round IV  Matchday 3,04/04/2025,90,13,-1,-1,-1,-1,-1,-1,-1.0,-1.0,-1.0,-1.0,-1.0,-1.0,--------,Polska"
"Ariel Radek,327548353,15.043,,11,WC 37,40,World Cup - Round V  Matchday 3,18/04/2025,90,15,-1,-1,-1,-1,-1,-1,-1.0,-1.0,-1.0,-1.0,-1.0,-1.0,--------,Polska"
"Igor Wojtasiewicz,327548354,16.108,,11,WC 37,7,Continental Championship  Matchday 5,18/10/2024,89,5,-1,-1,-1,-1,-1,-1,-1.0,-1.0,-1.0,-1.0,-1.0,-1.0,--------,Polska"
"Zenon Pipka,327548355,15.052,,11,WC 37,37,World Cup - Round IV  Matchday 3,04/04/2025,90,13,-1,-1,-1,-1,-1,-1,-1.0,-1.0,-1.0,-1.0,-1.0,-1.0,--------,Polska"
"Grzegorz Lisowski,327548356,17.003,,11,WC 37,6,Continental Championship  Matchday 4,14/10/2024,89,5,-1,-1,-1,-1,-1,-1,-1.0,-1.0,-1.0,-1.0,-1.0,-1.0,--------,Polska"
"Bogdan Swiderski,327548357,16.098,,11,WC 37,9,Continental Championship  Matchday 7,01/11/2024,89,7,-1,-1,-1,-1,-1,-1,-1.0,-1.0,-1.0,-1.0,-1.0,-1.0,--------,Polska"
"Przemek Brykowski,327548358,15.104,,11,WC 37,27,World Cup - Round II  Matchday 2,17/02/2025,90,7,-1,-1,-1,-1,-1,-1,-1.0,-1.0,-1.0,-1.0,-1.0,-1.0,--------,Polska"
"Zygmunt Malagowski,327548359,16.036,,11,WC 37,20,World Cup - Round I  Matchday 5,03/01/2025,89,16,-1,-1,-1,-1,-1,-1,-1.0,-1.0,-1.0,-1.0,-1.0,-1.0,--------,Polska"
"Adrian Roesler,327548360,17.004,,11,WC 37,6,Continental Championship  Matchday 4,14/10/2024,89,5,-1,-1,-1,-1,-1,-1,-1.0,-1.0,-1.0,-1.0,-1.0,-1.0,--------,Polska"
"Hubert Mizerski,327548361,15.012,,11,WC 38,4,Continental Championship  Matchday 2,19/05/2025,91,4,-1,-1,-1,-1,-1,-1,-1.0,-1.0,-1.0,-1.0,-1.0,-1.0,--------,Polska"
"Jan Bargiel,327548362,16.088,,11,WC 37,10,Continental Championship  Matchday 8,08/11/2024,89,8,-1,-1,-1,-1,-1,-1,-1.0,-1.0,-1.0,-1.0,-1.0,-1.0,--------,Polska"
"Jan Zuraw,327548363,16.051,,11,WC 37,18,World Cup - Round I  Matchday 3,20/12/2024,89,14,-1,-1,-1,-1,-1,-1,-1.0,-1.0,-1.0,-1.0,-1.0,-1.0,--------,Polska"
"Jerzy Gajdzik,327548364,16.045,,11,WC 37,18,World Cup - Round I  Matchday 3,20/12/2024,89,14,-1,-1,-1,-1,-1,-1,-1.0,-1.0,-1.0,-1.0,-1.0,-1.0,--------,Polska"
"Piotr Antonowicz,327548365,16.059,,11,WC 37,15,Continental Championship - Finals,06/12/2024,89,12,-1,-1,-1,-1,-1,-1,-1.0,-1.0,-1.0,-1.0,-1.0,-1.0,--------,Polska"
"Fryderyk Piorczynski,327548712,16.059,,1,WC 37,15,Continental Championship - Finals,06/12/2024,89,12,-1,3.5,-1,-1,-1,-1,-1.0,-1.0,-1.0,-1.0,-1.0,-1.0,09.04.2023 stoper (88'),Polska"
"Jan Januszkiewicz,327548715,16.051,,9,WC 37,18,World Cup - Round I  Matchday 3,20/12/2024,89,14,-1,-1,-1,5,-1,-1,-1.0,-1.0,-1.0,5.0,-1.0,-1.0,04.04.2023 pomocnik (90'),Polska"
"Marek Chodakowski,327548716,15.054,,6,WC 37,37,World Cup - Round IV  Matchday 3,04/04/2025,90,13,-1,-1,-1,-1,-1,-1,-1.0,-1.0,-1.0,-1.0,-1.0,-1.0,--------,Polska"
"Konrad Jeziorski,327549130,15.044,,11,WC 37,40,World Cup - Round V  Matchday 3,18/04/2025,90,15,-1,-1,-1,-1,-1,-1,-1.0,-1.0,-1.0,-1.0,-1.0,-1.0,--------,Polska"
"Radoslaw Stopka,327549131,16.005,,11,WC 37,24,World Cup - Round I  Matchday 9,31/01/2025,90,4,-1,-1,-1,-1,-1,-1,-1.0,-1.0,-1.0,-1.0,-1.0,-1.0,--------,Polska"
"Bogusz Grzempowski,327549132,16.085,,11,WC 37,11,Continental Championship  Matchday 9,15/11/2024,89,9,-1,-1,-1,-1,-1,-1,-1.0,-1.0,-1.0,-1.0,-1.0,-1.0,--------,Polska"
"Ferdynand Binkowski,327549133,15.109,,11,WC 37,25,World Cup - Round I  Matchday 10,07/02/2025,90,5,-1,-1,-1,-1,-1,-1,-1.0,-1.0,-1.0,-1.0,-1.0,-1.0,--------,Polska"
"Wojciech Sujka,327549134,16.067,,11,WC 37,14,Continental Championship - Semifinals,02/12/2024,89,12,-1,-1,-1,-1,-1,-1,-1.0,-1.0,-1.0,-1.0,-1.0,-1.0,--------,Polska"
"Patryk Szwab,327549135,16.001,,11,WC 37,25,World Cup - Round I  Matchday 10,07/02/2025,90,5,-1,-1,-1,-1,-1,-1,-1.0,-1.0,-1.0,-1.0,-1.0,-1.0,--------,Polska"
"Boleslaw Paczos,327549136,16.063,,11,WC 37,15,Continental Championship - Finals,06/12/2024,89,12,-1,-1,-1,-1,-1,-1,-1.0,-1.0,-1.0,-1.0,-1.0,-1.0,--------,Polska"
"Bartlomiej Pilc,327549137,16.012,,11,WC 37,23,World Cup - Round I  Matchday 8,24/01/2025,90,3,-1,-1,-1,-1,-1,-1,-1.0,-1.0,-1.0,-1.0,-1.0,-1.0,--------,Polska"
"Odon Basara,327549138,17.008,,11,WC 37,5,Continental Championship  Matchday 3,11/10/2024,89,4,-1,-1,-1,-1,-1,-1,-1.0,-1.0,-1.0,-1.0,-1.0,-1.0,--------,Polska"
"Dawid Cichacki,327549139,16.048,,11,WC 37,18,World Cup - Round I  Matchday 3,20/12/2024,89,14,-1,-1,-1,-1,-1,-1,-1.0,-1.0,-1.0,-1.0,-1.0,-1.0,--------,Polska"
"Bogdan Madaj,327549140,15.033,,11,WC 38,,Final,,,,-1,-1,-1,-1,-1,-1,-1.0,-1.0,-1.0,-1.0,-1.0,-1.0,--------,Polska"
"Gustaw Dzielinski,327549141,16.033,,11,WC 37,20,World Cup - Round I  Matchday 5,03/01/2025,89,16,-1,-1,-1,-1,-1,-1,-1.0,-1.0,-1.0,-1.0,-1.0,-1.0,--------,Polska"
"Nikodem Przepiorski,327549142,17.006,,11,WC 37,6,Continental Championship  Matchday 4,14/10/2024,89,5,-1,-1,-1,-1,-1,-1,-1.0,-1.0,-1.0,-1.0,-1.0,-1.0,--------,Polska"
"Krzysztof Borowski,327549143,15.109,,11,WC 37,25,World Cup - Round I  Matchday 10,07/02/2025,90,5,-1,-1,-1,-1,-1,-1,-1.0,-1.0,-1.0,-1.0,-1.0,-1.0,--------,Polska"
"Wlodzimierz Walendowski,327549144,16.023,,11,WC 37,22,World Cup - Round I  Matchday 7,17/01/2025,90,2,-1,-1,-1,-1,-1,-1,-1.0,-1.0,-1.0,-1.0,-1.0,-1.0,--------,Polska"
"Tomasz Letkiewicz,327549480,16.059,,8,WC 37,15,Continental Championship - Finals,06/12/2024,89,12,-1,-1,-1,-1,-1,-1,-1.0,-1.0,-1.0,-1.0,-1.0,-1.0,--------,Polska"
"Zbigniew Kacperek,327549487,15.097,,6,WC 37,29,World Cup - Round II  Matchday 4,24/02/2025,90,8,-1,3,-1,3.5,-1,-1,-1.0,3.0,-1.0,3.5,-1.0,-1.0,06.04.2023 stoper (90'),Polska"
"Rafal Makula,327549490,16.022,,8,WC 37,22,World Cup - Round I  Matchday 7,17/01/2025,90,2,-1,-1,-1,4.5,-1,-1,-1.0,-1.0,-1.0,4.5,-1.0,-1.0,05.04.2023 pomocnik (90'),Polska"
"Jozef Gburzynski,327550180,15.085,,1,WC 37,31,World Cup - Round II  Matchday 6,07/03/2025,90,9,-1,-1,-1,-1,-1,-1,-1.0,-1.0,-1.0,-1.0,-1.0,-1.0,--------,Polska"
"Jakub Barcikowski,327550194,15.017,,9,WC 38,2,Friendly,09/05/2025,91,2,-1,-1,-1,4,-1,-1,-1.0,-1.0,-1.0,4.0,-1.0,-1.0,08.04.2023 pomocnik (90'),Polska"
"Witold Gacon,327550196,15.058,H,0,WC 37,37,World Cup - Round IV  Matchday 3,04/04/2025,90,13,-1,-1,-1,-1,-1,-1,-1.0,-1.0,-1.0,-1.0,-1.0,-1.0,--------,Polska"
"Hieronim Gatulak,327550460,16.007,,11,WC 37,24,World Cup - Round I  Matchday 9,31/01/2025,90,4,-1,-1,3,-1,-1,-1,-1.0,-1.0,3.0,-1.0,-1.0,-1.0,05.04.2023 boczny_obronca (90'),Polska"
"Tomasz Cwieka,327550464,15.073,,11,WC 37,33,World Cup - Round III  Matchday 2,17/03/2025,90,11,-1,3.5,-1,-1,-1,-1,-1.0,3.5,-1.0,-1.0,-1.0,-1.0,05.04.2023 stoper (90'),Polska"
"Andrzej Klepczynski,327550465,16.041,,11,WC 37,19,World Cup - Round I  Matchday 4,27/12/2024,89,15,-1,1.5,-1,-1,-1,-1,-1.0,1.5,-1.0,-1.0,-1.0,-1.0,05.04.2023 stoper (90'),Polska"
"Wlodzimierz Fraczek,327550466,16.021,,11,WC 37,22,World Cup - Round I  Matchday 7,17/01/2025,90,2,-1,-1,2.5,-1,-1,-1,-1.0,-1.0,2.5,-1.0,-1.0,-1.0,05.04.2023 boczny_obronca (90'),Polska"
"Jakub Czernik,327550467,16.033,,11,WC 37,20,World Cup - Round I  Matchday 5,03/01/2025,89,16,-1,-1,-1,-1,3.5,-1,-1.0,-1.0,-1.0,-1.0,3.5,-1.0,05.04.2023 skrzydlowy (90'),Polska"
"Jedrzej Kadziola,327550468,16.074,,11,WC 37,12,Continental Championship  Matchday 10,22/11/2024,89,10,-1,-1,-1,2,-1,-1,-1.0,-1.0,-1.0,2.0,-1.0,-1.0,05.04.2023 pomocnik (90'),Polska"
"Mateusz Owczarek,327550470,15.108,,11,WC 37,25,World Cup - Round I  Matchday 10,07/02/2025,90,5,-1,-1,-1,2.5,-1,-1,-1.0,-1.0,-1.0,2.5,-1.0,-1.0,05.04.2023 pomocnik (90'),Polska"
"Marcin Linde,327550471,15.024,,11,WC 38,1,Friendly,02/05/2025,91,1,-1,-1,-1,-1,3,-1,-1.0,-1.0,-1.0,-1.0,3.0,-1.0,05.04.2023 skrzydlowy (90'),Polska"
"Gniewosz Bilewski,327550472,15.062,,11,WC 37,36,World Cup - Round IV  Matchday 2,31/03/2025,90,13,-1,-1,-1,-1,-1,3.5,-1.0,-1.0,-1.0,-1.0,-1.0,3.5,05.04.2023 napastnik (90'),Polska"
"Bronislaw Resiak,327550473,16.074,,11,WC 37,12,Continental Championship  Matchday 10,22/11/2024,89,10,-1,-1,-1,-1,-1,2.5,-1.0,-1.0,-1.0,-1.0,-1.0,2.5,05.04.2023 napastnik (90'),Polska"
"Dawid Bugajski,327550474,16.065,,11,WC 37,15,Continental Championship - Finals,06/12/2024,89,12,-1,-1,-1,-1,-1,-1,-1.0,-1.0,-1.0,-1.0,-1.0,-1.0,--------,Polska"
"Jacek Goreczna,327550475,15.104,,11,WC 37,27,World Cup - Round II  Matchday 2,17/02/2025,90,7,-1,-1,-1,-1,-1,-1,-1.0,-1.0,-1.0,-1.0,-1.0,-1.0,--------,Polska"
"Lech Surdel,327550785,16.028,,0,WC 37,21,World Cup - Round I  Matchday 6,10/01/2025,90,1,1.5,-1,-1,-1,-1,-1,1.5,-1.0,-1.0,-1.0,-1.0,-1.0,09.04.2023 bramkarz (90'),Polska"
"Gustaw Dalidowicz,327550817,15.058,,4,WC 37,37,World Cup - Round IV  Matchday 3,04/04/2025,90,13,-1,-1,-1,-1,-1,4,-1.0,-1.0,-1.0,-1.0,-1.0,4.0,10.04.2023 napastnik (90'),Polska"
"Daniel Majdanik,327551239,15.095,,11,WC 37,29,World Cup - Round II  Matchday 4,24/02/2025,90,8,-1,-1,2,-1,-1,-1,-1.0,-1.0,2.0,-1.0,-1.0,-1.0,04.04.2023 boczny_obronca (90'),Polska"
"Pawel Stachniak,327551242,15.028,,11,WC 38,1,Friendly,02/05/2025,91,1,-1,-1,-1,-1,-1,1.5,-1.0,-1.0,-1.0,-1.0,-1.0,1.5,04.04.2023 napastnik (90'),Polska"
"Daniel Zieminski,327551243,16.004,,11,WC 37,24,World Cup - Round I  Matchday 9,31/01/2025,90,4,-1,2.5,-1,-1,-1,-1,-1.0,2.5,-1.0,-1.0,-1.0,-1.0,04.04.2023 stoper (90'),Polska"
"Daniel Szeszol,327551244,16.080,,11,WC 37,11,Continental Championship  Matchday 9,15/11/2024,89,9,-1,2,-1,-1,-1,-1,-1.0,2.0,-1.0,-1.0,-1.0,-1.0,04.04.2023 stoper (90'),Polska"
"Edward Pec,327551245,16.072,,11,WC 37,13,Continental Championship - Quarterfinals,29/11/2024,89,11,-1,-1,3.5,-1,-1,-1,-1.0,-1.0,3.5,-1.0,-1.0,-1.0,04.04.2023 boczny_obronca (90'),Polska"
"Ireneusz Gidaszewski,327551246,16.078,,11,WC 37,12,Continental Championship  Matchday 10,22/11/2024,89,10,-1,-1,-1,-1,3,-1,-1.0,-1.0,-1.0,-1.0,3.0,-1.0,04.04.2023 skrzydlowy (90'),Polska"
"Radomir Kumiega,327551247,15.075,,11,WC 37,33,World Cup - Round III  Matchday 2,17/03/2025,90,11,-1,-1,-1,-1,-1,2.5,-1.0,-1.0,-1.0,-1.0,-1.0,2.5,04.04.2023 napastnik (90'),Polska"
"Ludoslaw Sutkowski,327551248,15.080,,11,WC 37,31,World Cup - Round II  Matchday 6,07/03/2025,90,9,-1,-1,-1,4,-1,-1,-1.0,-1.0,-1.0,4.0,-1.0,-1.0,04.04.2023 pomocnik (90'),Polska"
"Tadeusz Jakubas,327551249,16.042,,11,WC 37,19,World Cup - Round I  Matchday 4,27/12/2024,89,15,-1,-1,-1,-1,-1,-1,-1.0,-1.0,-1.0,-1.0,-1.0,-1.0,--------,Polska"
"Seweryn Kowolik,327551250,15.046,,11,WC 37,39,World Cup - Round V  Matchday 2,14/04/2025,90,15,-1,-1,-1,-1,-1,-1,-1.0,-1.0,-1.0,-1.0,-1.0,-1.0,--------,Polska"
"Roman Kosinski,327551251,16.097,,11,WC 37,9,Continental Championship  Matchday 7,01/11/2024,89,7,-1,-1,-1,-1,-1,-1,-1.0,-1.0,-1.0,-1.0,-1.0,-1.0,--------,Polska"
"Jan Cytrynski,327551252,16.089,,11,WC 37,10,Continental Championship  Matchday 8,08/11/2024,89,8,-1,-1,-1,-1,2,-1,-1.0,-1.0,-1.0,-1.0,2.0,-1.0,04.04.2023 skrzydlowy (90'),Polska"
"Tobiasz Motowidlo,327551253,16.029,,11,WC 37,21,World Cup - Round I  Matchday 6,10/01/2025,90,1,-1,-1,-1,-1,-1,-1,-1.0,-1.0,-1.0,-1.0,-1.0,-1.0,--------,Polska"
"Krzysztof Marciniak,327551254,16.008,,11,WC 37,24,World Cup - Round I  Matchday 9,31/01/2025,90,4,-1,-1,-1,2,-1,-1,-1.0,-1.0,-1.0,2.0,-1.0,-1.0,04.04.2023 pomocnik (90'),Polska"
"Albert Orwat,327551255,17.000,,11,WC 37,7,Continental Championship  Matchday 5,18/10/2024,89,5,1,-1,-1,-1,-1,-1,1.0,-1.0,-1.0,-1.0,-1.0,-1.0,04.04.2023 bramkarz (90'),Polska"
"Kacper Fiutka,327551631,15.091,,5,WC 37,30,World Cup - Round II  Matchday 5,28/02/2025,90,8,4,-1,-1,-1,-1,-1,4.0,-1.0,-1.0,-1.0,-1.0,-1.0,09.04.2023 bramkarz (90'),Polska"
"Korneliusz Strychalski,327551640,15.071,,0,WC 37,34,World Cup - Round III  Matchday 3,21/03/2025,90,11,-1,-1,-1,-1,-1,-1,-1.0,-1.0,-1.0,-1.0,-1.0,-1.0,--------,Polska"
"Dymitr Franczyk,327551650,15.042,,7,WC 37,40,World Cup - Round V  Matchday 3,18/04/2025,90,15,-1,-1,-1,-1,4.5,-1,-1.0,-1.0,-1.0,-1.0,4.5,-1.0,09.04.2023 skrzydlowy (90'),Polska"
"Wlodzimierz Zalewski,327552269,15.017,,5,WC 38,2,Friendly,09/05/2025,91,2,-1,-1,-1,-1,-1,-1,-1.0,-1.0,-1.0,-1.0,-1.0,-1.0,--------,Polska"
"Mariusz Boguski,327552837,16.060,,1,WC 37,15,Continental Championship - Finals,06/12/2024,89,12,-1,-1,-1,-1,-1,-1,-1.0,-1.0,-1.0,-1.0,-1.0,-1.0,--------,Polska"
"Mieczyslaw Gradalski,327552847,16.075,,0,WC 37,12,Continental Championship  Matchday 10,22/11/2024,89,10,-1,-1,-1,-1,-1,-1,-1.0,-1.0,-1.0,-1.0,-1.0,-1.0,--------,Polska"
"Artur Bielinski,327568916,15.096,,7,WC 37,29,World Cup - Round II  Matchday 4,24/02/2025,90,8,-1,4.5,-1,4.5,-1,-1,-1.0,4.5,-1.0,4.5,-1.0,-1.0,05.04.2023 pomocnik (90'),Polska"
"Mateusz Machera,327568936,16.015,,8,WC 37,23,World Cup - Round I  Matchday 8,24/01/2025,90,3,-1,-1,-1,-1,-1,-1,-1.0,-1.0,-1.0,-1.0,-1.0,-1.0,--------,Polska"
"Maciej Nawara,327568985,15.020,,8,WC 38,2,Friendly,09/05/2025,91,2,-1,-1,-1,5.5,-1,-1,-1.0,-1.0,-1.0,5.5,-1.0,-1.0,09.04.2023 pomocnik (90'),Polska"
"Kazimierz Fabijanski,327568990,15.092,,1,WC 37,30,World Cup - Round II  Matchday 5,28/02/2025,90,8,-1,-1,-1,-1,-1,-1,-1.0,-1.0,-1.0,-1.0,-1.0,-1.0,--------,Polska"
"Marek Minkowski,327569000,16.105,,8,WC 37,8,Continental Championship  Matchday 6,25/10/2024,89,6,-1,2.5,-1,-1,-1,-1,-1.0,2.5,-1.0,-1.0,-1.0,-1.0,08.04.2023 stoper (90'),Polska"
"Wojciech Kawiak,327569032,15.109,,8,WC 37,25,World Cup - Round I  Matchday 10,07/02/2025,90,5,-1,4.5,-1,-1,4.5,-1,-1.0,4.5,-1.0,-1.0,4.5,-1.0,04.04.2023 stoper (90'),Polska"
"Rajmund Trybalski,327569100,16.064,,7,WC 37,15,Continental Championship - Finals,06/12/2024,89,12,-1,-1,-1,-1,-1,-1,-1.0,-1.0,-1.0,-1.0,-1.0,-1.0,--------,Polska"
"Lukasz Krycki,327569162,16.020,,0,WC 37,22,World Cup - Round I  Matchday 7,17/01/2025,90,2,-1,-1,-1,-1,-1,-1,-1.0,-1.0,-1.0,-1.0,-1.0,-1.0,--------,Polska"
"Miroslaw Slodzinski,327569185,16.039,,7,WC 37,19,World Cup - Round I  Matchday 4,27/12/2024,89,15,-1,-1,-1,-1,-1,-1,-1.0,-1.0,-1.0,-1.0,-1.0,-1.0,--------,Polska"
"Mariusz Wlodarczak,327569194,16.075,,9,WC 37,12,Continental Championship  Matchday 10,22/11/2024,89,10,-1,-1,-1,1,-1,-1,-1.0,-1.0,-1.0,1.0,-1.0,-1.0,03.04.2023 pomocnik (90'),Polska"
"Ryszard Hut,327569202,15.015,,2,WC 38,3,Continental Championship  Matchday 1,16/05/2025,91,3,-1,-1,-1,-1,-1,-1,-1.0,-1.0,-1.0,-1.0,-1.0,-1.0,--------,Polska"
"Ireneusz Banaszek,327569272,15.065,,8,WC 37,35,World Cup - Round IV  Matchday 1,28/03/2025,90,12,-1,-1,-1,-1,-1,-1,-1.0,-1.0,-1.0,-1.0,-1.0,-1.0,--------,Polska"
"Dorian Chmielewicz,327569348,16.011,,1,WC 37,23,World Cup - Round I  Matchday 8,24/01/2025,90,3,3,-1,-1,-1,-1,-1,3.0,-1.0,-1.0,-1.0,-1.0,-1.0,09.04.2023 bramkarz (90'),Polska"
"Leszek Gasior,327569359,16.026,,0,WC 37,21,World Cup - Round I  Matchday 6,10/01/2025,90,1,-1,-1,-1,-1,-1,-1,-1.0,-1.0,-1.0,-1.0,-1.0,-1.0,--------,Polska"
"Krzysztof Dopke,327569362,16.061,,2,WC 37,15,Continental Championship - Finals,06/12/2024,89,12,-1,-1,-1,-1,-1,-1,-1.0,-1.0,-1.0,-1.0,-1.0,-1.0,--------,Polska"
"Kamil Holubowski,327569377,15.042,Q,10,WC 37,40,World Cup - Round V  Matchday 3,18/04/2025,90,15,-1,-1,-1,-1,-1,-1,-1.0,-1.0,-1.0,-1.0,-1.0,-1.0,--------,Polska"
"Fryderyk Ochab,327569378,16.100,,7,WC 37,9,Continental Championship  Matchday 7,01/11/2024,89,7,-1,-1,-1,-1,-1,-1,-1.0,-1.0,-1.0,-1.0,-1.0,-1.0,--------,Polska"
"Tytus Urbaniec,327569382,16.020,,1,WC 37,22,World Cup - Round I  Matchday 7,17/01/2025,90,2,-1,-1,-1,-1,-1,-1,-1.0,-1.0,-1.0,-1.0,-1.0,-1.0,--------,Polska"
"Dawid Dybczynski,327569392,15.097,,0,WC 37,29,World Cup - Round II  Matchday 4,24/02/2025,90,8,-1,-1,-1,-1,-1,-1,-1.0,-1.0,-1.0,-1.0,-1.0,-1.0,--------,Polska"
"Robert Skotowski,327569402,16.107,,8,WC 37,8,Continental Championship  Matchday 6,25/10/2024,89,6,-1,-1,-1,-1,5.5,-1,-1.0,-1.0,-1.0,-1.0,5.5,-1.0,09.04.2023 skrzydlowy (90'),Polska"
"Ryszard Lasiewicki,327569433,16.029,,8,WC 37,21,World Cup - Round I  Matchday 6,10/01/2025,90,1,-1,3,-1,3,-1,-1,-1.0,3.0,-1.0,3.0,-1.0,-1.0,06.04.2023 pomocnik (90'),Polska"
"Miroslaw Zgorzak,327569468,15.054,,1,WC 37,37,World Cup - Round IV  Matchday 3,04/04/2025,90,13,-1,-1,-1,-1,-1,-1,-1.0,-1.0,-1.0,-1.0,-1.0,-1.0,--------,Polska"
"Teofil Synowka,327569474,16.060,,0,WC 37,15,Continental Championship - Finals,06/12/2024,89,12,-1,-1,-1,-1,-1,-1,-1.0,-1.0,-1.0,-1.0,-1.0,-1.0,--------,Polska"
"Bartlomiej Ksiezarczyk,327569515,16.110,,8,WC 37,7,Continental Championship  Matchday 5,18/10/2024,89,5,-1,4.5,-1,-1,-1,-1,-1.0,4.5,-1.0,-1.0,-1.0,-1.0,03.04.2023 stoper (90'),Polska"
"Leszek Kiejnich,327569532,16.097,,7,WC 37,9,Continental Championship  Matchday 7,01/11/2024,89,7,-1,-1,-1,-1,-1,-1,-1.0,-1.0,-1.0,-1.0,-1.0,-1.0,--------,Polska"
"Gustaw Gembicki,327569533,15.086,S,8,WC 37,31,World Cup - Round II  Matchday 6,07/03/2025,90,9,-1,5,-1,5.5,-1,-1,-1.0,5.0,-1.0,5.5,-1.0,-1.0,08.04.2023 stoper (90'),Polska"
"Stanislaw Tulinski,327569553,15.094,Q,1,WC 37,29,World Cup - Round II  Matchday 4,24/02/2025,90,8,-1,-1,-1,-1,-1,-1,-1.0,-1.0,-1.0,-1.0,-1.0,-1.0,--------,Polska"
"Igor Jedrusik,327569589,15.062,,1,WC 37,36,World Cup - Round IV  Matchday 2,31/03/2025,90,13,-1,-1,-1,-1,-1,-1,-1.0,-1.0,-1.0,-1.0,-1.0,-1.0,--------,Polska"
"Radoslaw Rochalski,327569598,15.103,,1,WC 37,27,World Cup - Round II  Matchday 2,17/02/2025,90,7,-1,-1,-1,-1,-1,-1,-1.0,-1.0,-1.0,-1.0,-1.0,-1.0,--------,Polska"
"Jonatan Jara,327569643,15.049,,6,WC 37,38,World Cup - Round V  Matchday 1,11/04/2025,90,14,-1,-1,-1,5,-1,-1,-1.0,-1.0,-1.0,5.0,-1.0,-1.0,04.04.2023 pomocnik (90'),Polska"
"Marek Psuj,327569654,16.062,,0,WC 37,15,Continental Championship - Finals,06/12/2024,89,12,-1,-1,-1,-1,-1,-1,-1.0,-1.0,-1.0,-1.0,-1.0,-1.0,--------,Polska"
"Maciej Kopytko,327569669,16.062,,8,WC 37,15,Continental Championship - Finals,06/12/2024,89,12,-1,-1,4.5,-1,-1,6.5,-1.0,-1.0,4.5,-1.0,-1.0,-1.0,06.04.2023 napastnik (44'),Polska"
"Antoni Baranczuk,327569681,16.061,,7,WC 37,15,Continental Championship - Finals,06/12/2024,89,12,-1,-1,-1,-1,6,-1,-1.0,-1.0,-1.0,-1.0,-1.0,-1.0,08.04.2023 skrzydlowy (15'),Polska"
"Laurencjusz Kacperski,327569691,15.080,,7,WC 37,31,World Cup - Round II  Matchday 6,07/03/2025,90,9,-1,-1,4,-1,-1,-1,-1.0,-1.0,4.0,-1.0,-1.0,-1.0,06.04.2023 boczny_obronca (90'),Polska"
"Olaf Misiek,327569736,15.051,,1,WC 37,38,World Cup - Round V  Matchday 1,11/04/2025,90,14,-1,-1,-1,-1,-1,-1,-1.0,-1.0,-1.0,-1.0,-1.0,-1.0,--------,Polska"
"Karol Kotos,327569753,16.065,,8,WC 37,15,Continental Championship - Finals,06/12/2024,89,12,-1,-1,-1,-1,-1,5.5,-1.0,-1.0,-1.0,-1.0,-1.0,5.5,04.04.2023 napastnik (90'),Polska"
"Eugeniusz Rasiak,327569764,15.042,,1,WC 37,40,World Cup - Round V  Matchday 3,18/04/2025,90,15,-1,-1,-1,-1,-1,-1,-1.0,-1.0,-1.0,-1.0,-1.0,-1.0,--------,Polska"
"Andrzej Leonczyk,327569766,16.025,,0,WC 37,21,World Cup - Round I  Matchday 6,10/01/2025,90,1,-1,-1,-1,-1,-1,-1,-1.0,-1.0,-1.0,-1.0,-1.0,-1.0,--------,Polska"
"Karol Zawadzki,327569848,16.044,,5,WC 37,19,World Cup - Round I  Matchday 4,27/12/2024,89,15,-1,-1,-1,-1,-1,-1,-1.0,-1.0,-1.0,-1.0,-1.0,-1.0,--------,Polska"
"Zbigniew Ul,327569868,16.033,,2,WC 37,20,World Cup - Round I  Matchday 5,03/01/2025,89,16,-1,-1,3.5,-1,-1,-1,-1.0,-1.0,3.5,-1.0,-1.0,-1.0,08.04.2023 boczny_obronca (90'),Polska"
"Bonifacy Rzepka,327569905,15.099,,7,WC 37,28,World Cup - Round II  Matchday 3,21/02/2025,90,7,-1,2,-1,-1,-1,-1,-1.0,2.0,-1.0,-1.0,-1.0,-1.0,08.04.2023 stoper (90'),Polska"
"Konrad Kesy,327569912,16.088,,1,WC 37,10,Continental Championship  Matchday 8,08/11/2024,89,8,-1,-1,-1,-1,-1,-1,-1.0,-1.0,-1.0,-1.0,-1.0,-1.0,--------,Polska"
"Ryszard Zbrzeski,327569921,15.059,,7,WC 37,36,World Cup - Round IV  Matchday 2,31/03/2025,90,13,-1,-1,3,-1,-1,-1,-1.0,-1.0,3.0,-1.0,-1.0,-1.0,09.04.2023 boczny_obronca (90'),Polska"
"Stanislaw Chodynicki,327569924,16.053,P,7,WC 37,17,World Cup - Round I  Matchday 2,16/12/2024,89,14,-1,-1,3,-1,-1,-1,-1.0,-1.0,3.0,-1.0,-1.0,-1.0,09.04.2023 boczny_obronca (90'),Polska"
"Rudolf Pitura,327569947,15.027,H,1,WC 38,1,Friendly,02/05/2025,91,1,-1,-1,-1,-1,-1,-1,-1.0,-1.0,-1.0,-1.0,-1.0,-1.0,--------,Polska"
"Erwin Bartecki,327569953,15.051,H,0,WC 37,38,World Cup - Round V  Matchday 1,11/04/2025,90,14,-1,-1,-1,-1,-1,-1,-1.0,-1.0,-1.0,-1.0,-1.0,-1.0,--------,Polska"
"Gustaw Knurowski,327569983,15.072,,7,WC 37,34,World Cup - Round III  Matchday 3,21/03/2025,90,11,4.5,-1,-1,-1,-1,-1,4.5,-1.0,-1.0,-1.0,-1.0,-1.0,08.04.2023 bramkarz (90'),Polska"
"Jozef Dlugolecki,327570033,15.018,Q,7,WC 38,2,Friendly,09/05/2025,91,2,-1,-1,-1,3.5,3.5,-1,-1.0,-1.0,-1.0,3.5,3.5,-1.0,05.04.2023 skrzydlowy (90'),Polska"
"Aleksander Makowski,327570040,16.070,,8,WC 37,13,Continental Championship - Quarterfinals,29/11/2024,89,11,-1,-1,-1,-1,-1,-1,-1.0,-1.0,-1.0,-1.0,-1.0,-1.0,--------,Polska"
"Patryk Sajak,327570047,15.090,,7,WC 37,30,World Cup - Round II  Matchday 5,28/02/2025,90,8,-1,-1,-1,-1,-1,5,-1.0,-1.0,-1.0,-1.0,-1.0,5.0,03.04.2023 napastnik (90'),Polska"
"Pawel Plucinski,327570049,16.028,H,0,WC 37,21,World Cup - Round I  Matchday 6,10/01/2025,90,1,-1,-1,-1,-1,-1,-1,-1.0,-1.0,-1.0,-1.0,-1.0,-1.0,--------,Polska"
"Przemyslaw Kierznowski,327570052,15.089,,4,WC 37,30,World Cup - Round II  Matchday 5,28/02/2025,90,8,-1,-1,-1,-1,-1,4,-1.0,-1.0,-1.0,-1.0,-1.0,4.0,07.04.2023 napastnik (90'),Polska"
"Vasyl Umanetskyi,327570055,15.111,,8,WC 37,25,World Cup - Round I  Matchday 10,07/02/2025,90,5,-1,3,-1,4.5,-1,-1,-1.0,3.0,-1.0,4.5,-1.0,-1.0,08.04.2023 stoper (90'),Polska"
"Marian Piatek,327570064,15.017,,8,WC 38,2,Friendly,09/05/2025,91,2,-1,-1,-1,3.5,-1,-1,-1.0,-1.0,-1.0,3.5,-1.0,-1.0,09.04.2023 pomocnik (90'),Polska"
"Filomen Rymon-Lipinski,327570065,16.013,,9,WC 37,23,World Cup - Round I  Matchday 8,24/01/2025,90,3,-1,-1,-1,-1,-1,5,-1.0,-1.0,-1.0,-1.0,-1.0,5.0,07.04.2023 napastnik (90'),Polska"
"Czeslaw Zjawinski,327570068,15.053,Q,1,WC 37,37,World Cup - Round IV  Matchday 3,04/04/2025,90,13,-1,4.5,-1,-1,-1,-1,-1.0,4.5,-1.0,-1.0,-1.0,-1.0,09.04.2023 stoper (90'),Polska"
"Mateusz Zajaczkowski,327570072,15.099,,7,WC 37,28,World Cup - Round II  Matchday 3,21/02/2025,90,7,-1,-1,3.5,-1,-1,-1,-1.0,-1.0,3.5,-1.0,-1.0,-1.0,06.04.2023 boczny_obronca (90'),Polska"
"Krzysztof Teter,327570075,15.044,,5,WC 37,40,World Cup - Round V  Matchday 3,18/04/2025,90,15,-1,-1,-1,-1,-1,-1,-1.0,-1.0,-1.0,-1.0,-1.0,-1.0,--------,Polska"
"Jakub Jakubiak,327570077,16.000,P,6,WC 37,25,World Cup - Round I  Matchday 10,07/02/2025,90,5,-1,5,-1,-1,-1,-1,-1.0,5.0,-1.0,-1.0,-1.0,-1.0,04.04.2023 stoper (90'),Polska"
"Krzysztof Ratynski,327570089,15.067,,8,WC 37,34,World Cup - Round III  Matchday 3,21/03/2025,90,11,-1,-1,-1,-1,-1,-1,-1.0,-1.0,-1.0,-1.0,-1.0,-1.0,--------,Polska"
"Bartosz Bernatowicz,327570093,15.095,,10,WC 37,29,World Cup - Round II  Matchday 4,24/02/2025,90,8,4.5,-1,-1,-1,-1,-1,4.5,-1.0,-1.0,-1.0,-1.0,-1.0,07.04.2023 bramkarz (90'),Polska"
"Radoslaw Kocis,327570133,15.080,,8,WC 37,31,World Cup - Round II  Matchday 6,07/03/2025,90,9,-1,4,-1,-1,3.5,-1,-1.0,4.0,-1.0,-1.0,3.5,-1.0,09.04.2023 stoper (90'),Polska"
"Zdzislaw Gornicki,327570134,15.033,,8,WC 38,,Final,,,,-1,-1,-1,3.5,-1,-1,-1.0,-1.0,-1.0,3.5,-1.0,-1.0,07.04.2023 pomocnik (90'),Polska"
"Wincenty Stanko,327570145,15.089,,6,WC 37,30,World Cup - Round II  Matchday 5,28/02/2025,90,8,-1,-1,-1,-1,-1,-1,-1.0,-1.0,-1.0,-1.0,-1.0,-1.0,--------,Polska"
"Stefan Kalka,327570154,15.107,,6,WC 37,26,World Cup - Round II  Matchday 1,14/02/2025,90,6,-1,-1,-1,-1,3.5,-1,-1.0,-1.0,-1.0,-1.0,3.5,-1.0,04.04.2023 skrzydlowy (90'),Polska"
"Ernest Semeniuk,327589284,16.047,,0,WC 37,18,World Cup - Round I  Matchday 3,20/12/2024,89,14,-1,-1,-1,-1,-1,-1,-1.0,-1.0,-1.0,-1.0,-1.0,-1.0,--------,Polska"
"Lukasz Galgan,327589733,15.046,,8,WC 37,39,World Cup - Round V  Matchday 2,14/04/2025,90,15,-1,3,-1,-1,-1,2.5,-1.0,3.0,-1.0,-1.0,-1.0,2.5,10.04.2023 napastnik (90'),Polska"
"Henryk Michalczuk,327589742,16.025,,1,WC 37,21,World Cup - Round I  Matchday 6,10/01/2025,90,1,-1,-1,-1,-1,-1,-1,-1.0,-1.0,-1.0,-1.0,-1.0,-1.0,--------,Polska"
"Juliusz Bujar,327590001,16.004,,11,WC 37,24,World Cup - Round I  Matchday 9,31/01/2025,90,4,-1,-1,3.5,-1,-1,2,-1.0,-1.0,-1.0,-1.0,-1.0,2.0,09.04.2023 napastnik (90'),Polska"
"Franciszek Lipowski,327590002,15.016,,11,WC 38,3,Continental Championship  Matchday 1,16/05/2025,91,3,-1,-1,2.5,2.5,-1,-1,-1.0,-1.0,-1.0,2.5,-1.0,-1.0,09.04.2023 pomocnik (90'),Polska"
"Boleslaw Smentoch,327590003,15.067,,11,WC 37,34,World Cup - Round III  Matchday 3,21/03/2025,90,11,-1,3.5,-1,-1,3.5,-1,-1.0,3.5,-1.0,-1.0,3.5,-1.0,09.04.2023 skrzydlowy (90'),Polska"
"Waldemar Chomycz,327590004,15.040,,11,WC 37,41,World Cup - Semifinals,21/04/2025,90,16,-1,-1,-1,-1,-1,3,-1.0,-1.0,-1.0,-1.0,-1.0,-1.0,02.04.2023 napastnik (37'),Polska"
"Jerzy Piecewicz,327590005,15.075,,11,WC 37,33,World Cup - Round III  Matchday 2,17/03/2025,90,11,-1,2.5,-1,-1,-1,5,-1.0,2.5,-1.0,-1.0,-1.0,-1.0,09.04.2023 stoper (90'),Polska"
"Maciej Martowicz,327590006,16.046,,11,WC 37,18,World Cup - Round I  Matchday 3,20/12/2024,89,14,-1,-1,-1,-1,-1,5.5,-1.0,-1.0,-1.0,-1.0,-1.0,-1.0,09.04.2023 napastnik (32'),Polska"
"Sieroslaw Rochowicz,327590007,17.000,Q,11,WC 37,7,Continental Championship  Matchday 5,18/10/2024,89,5,0.5,-1,-1,-1,2,-1,-1.0,-1.0,-1.0,-1.0,2.0,-1.0,09.04.2023 skrzydlowy (90'),Polska"
"Bronislaw Pieprzyca,327590008,16.024,,11,WC 37,21,World Cup - Round I  Matchday 6,10/01/2025,90,1,-1,1.5,-1,-1,-1,5.5,-1.0,1.5,-1.0,-1.0,-1.0,-1.0,09.04.2023 napastnik (58'),Polska"
"Waclaw Gontarczyk,327590009,16.037,,11,WC 37,20,World Cup - Round I  Matchday 5,03/01/2025,89,16,-1,-1,4,-1,-1,-1,-1.0,-1.0,-1.0,-1.0,-1.0,-1.0,02.04.2023 boczny_obronca (48'),Polska"
"Ambrozy Piotrowicz,327590010,17.009,,11,WC 37,5,Continental Championship  Matchday 3,11/10/2024,89,4,-1,3,-1,4.5,-1,-1,-1.0,3.0,-1.0,4.5,-1.0,-1.0,09.04.2023 pomocnik (90'),Polska"
"Jonatan Poleszak,327590011,16.008,,11,WC 37,24,World Cup - Round I  Matchday 9,31/01/2025,90,4,-1,-1,4,-1,-1,3,-1.0,-1.0,4.0,-1.0,-1.0,3.0,09.04.2023 boczny_obronca (90'),Polska"
"Robert Rubik,327590012,16.101,,11,WC 37,8,Continental Championship  Matchday 6,25/10/2024,89,6,-1,4.5,-1,4,-1,-1,-1.0,-1.0,-1.0,4.0,-1.0,-1.0,09.04.2023 stoper (34'),Polska"
"Aleksander Zyczkowski,327590014,16.093,,11,WC 37,10,Continental Championship  Matchday 8,08/11/2024,89,8,2,-1,-1,-1,-1,-1,-1.0,-1.0,-1.0,-1.0,-1.0,-1.0,09.04.2023 bramkarz (54'),Polska"
"Gustaw Dziwon,327590015,15.042,P,11,WC 37,40,World Cup - Round V  Matchday 3,18/04/2025,90,15,-1,3.5,-1,-1,-1,3.5,-1.0,-1.0,-1.0,-1.0,-1.0,3.5,09.04.2023 stoper (56'),Polska"
"Alfred Dryja,327590016,16.028,,11,WC 37,21,World Cup - Round I  Matchday 6,10/01/2025,90,1,2,-1,-1,4,-1,-1,-1.0,-1.0,-1.0,-1.0,-1.0,-1.0,09.04.2023 bramkarz (36'),Polska"
"Andrzej Budzik,327590221,17.000,,8,WC 37,7,Continental Championship  Matchday 5,18/10/2024,89,5,-1,-1,-1,-1,-1,-1,-1.0,-1.0,-1.0,-1.0,-1.0,-1.0,--------,Polska"
"Przemyslaw Domagala,327590235,16.054,,8,WC 37,17,World Cup - Round I  Matchday 2,16/12/2024,89,14,-1,-1,-1,-1,6,-1,-1.0,-1.0,-1.0,-1.0,6.0,-1.0,10.04.2023 skrzydlowy (90'),Polska"
"Edward Sitorski,327590512,16.068,,11,WC 37,14,Continental Championship - Semifinals,02/12/2024,89,12,-1,1.5,-1,-1,-1,-1,-1.0,1.5,-1.0,-1.0,-1.0,-1.0,08.04.2023 stoper (90'),Polska"
"Maciej Racinowski,327590514,16.085,,11,WC 37,11,Continental Championship  Matchday 9,15/11/2024,89,9,-1,-1,-1,3,-1,-1,-1.0,-1.0,-1.0,3.0,-1.0,-1.0,01.04.2023 pomocnik (90'),Polska"
"Mateusz Karbowniczek,327590515,17.005,,11,WC 37,6,Continental Championship  Matchday 4,14/10/2024,89,5,-1,-1,-1,-1,-1,4,-1.0,-1.0,-1.0,-1.0,-1.0,4.0,08.04.2023 napastnik (90'),Polska"
"Andrzej Oldziejewski,327590516,16.017,,11,WC 37,22,World Cup - Round I  Matchday 7,17/01/2025,90,2,0.5,-1,-1,-1,-1,-1,0.5,-1.0,-1.0,-1.0,-1.0,-1.0,08.04.2023 bramkarz (90'),Polska"
"Marek Jakubek,327590517,16.078,,11,WC 37,12,Continental Championship  Matchday 10,22/11/2024,89,10,-1,-1,-1,-1,3,-1,-1.0,-1.0,-1.0,-1.0,3.0,-1.0,08.04.2023 skrzydlowy (90'),Polska"
"Tomasz Jeziorski,327590518,15.099,,11,WC 37,28,World Cup - Round II  Matchday 3,21/02/2025,90,7,-1,-1,-1,-1,-1,-1,-1.0,-1.0,-1.0,-1.0,-1.0,-1.0,--------,Polska"
"Witold Rachwalik,327590519,15.078,,11,WC 37,32,World Cup - Round III  Matchday 1,14/03/2025,90,10,-1,-1,-1,1,-1,-1,-1.0,-1.0,-1.0,1.0,-1.0,-1.0,08.04.2023 pomocnik (90'),Polska"
"Idzi Dawidowski,327590520,15.021,,11,WC 38,2,Friendly,09/05/2025,91,2,-1,2,-1,3,-1,-1,-1.0,2.0,-1.0,3.0,-1.0,-1.0,08.04.2023 stoper (90'),Polska"
"Romuald Bzdek,327590521,16.046,,11,WC 37,18,World Cup - Round I  Matchday 3,20/12/2024,89,14,-1,-1,-1,-1,-1,-1,-1.0,-1.0,-1.0,-1.0,-1.0,-1.0,--------,Polska"
"Donald Slemp,327590522,16.085,,11,WC 37,11,Continental Championship  Matchday 9,15/11/2024,89,9,-1,1.5,-1,-1,3,-1,-1.0,1.5,-1.0,-1.0,3.0,-1.0,08.04.2023 skrzydlowy (90'),Polska"
"Joachim Smoszna,327590523,17.008,,11,WC 37,5,Continental Championship  Matchday 3,11/10/2024,89,4,-1,2.5,-1,3,-1,-1,-1.0,2.5,-1.0,3.0,-1.0,-1.0,08.04.2023 stoper (90'),Polska"
"Myloslav Horiainov,327590524,16.062,,11,WC 37,15,Continental Championship - Finals,06/12/2024,89,12,-1,-1,-1,-1,-1,3,-1.0,-1.0,-1.0,-1.0,-1.0,3.0,08.04.2023 napastnik (90'),Polska"
"Grzegorz Danielski,327590525,15.038,,11,WC 37,41,World Cup - Semifinals,21/04/2025,90,16,-1,-1,-1,-1,2.5,-1,-1.0,-1.0,-1.0,-1.0,2.5,-1.0,01.04.2023 skrzydlowy (90'),Polska"
"Czeslaw Opiola,327590526,16.088,,11,WC 37,10,Continental Championship  Matchday 8,08/11/2024,89,8,-1,2.5,-1,2.5,-1,-1,-1.0,2.5,-1.0,2.5,-1.0,-1.0,08.04.2023 pomocnik (90'),Polska"
"Wlodzimierz Rawski,327591215,16.068,,11,WC 37,14,Continental Championship - Semifinals,02/12/2024,89,12,-1,-1,-1,-1,-1,-1,-1.0,-1.0,-1.0,-1.0,-1.0,-1.0,--------,Polska"
"Boguslaw Drozd,327591216,16.078,,11,WC 37,12,Continental Championship  Matchday 10,22/11/2024,89,10,-1,-1,-1,-1,-1,5.5,-1.0,-1.0,-1.0,-1.0,-1.0,5.5,09.04.2023 napastnik (90'),Polska"
"Pawel Dobrzykowski,327591217,15.094,,11,WC 37,29,World Cup - Round II  Matchday 4,24/02/2025,90,8,-1,-1,-1,2.5,2,-1,-1.0,-1.0,-1.0,2.5,2.0,-1.0,09.04.2023 skrzydlowy (90'),Polska"
"Michal Rozycki,327591218,15.094,,11,WC 37,29,World Cup - Round II  Matchday 4,24/02/2025,90,8,-1,-1,-1,2.5,-1,-1,-1.0,-1.0,-1.0,2.5,-1.0,-1.0,09.04.2023 pomocnik (90'),Polska"
"Waldemar Zegota,327591219,16.096,,11,WC 37,9,Continental Championship  Matchday 7,01/11/2024,89,7,-1,-1,-1,-1,-1,-1,-1.0,-1.0,-1.0,-1.0,-1.0,-1.0,--------,Polska"
"Konrad Krasna,327591220,16.023,,11,WC 37,22,World Cup - Round I  Matchday 7,17/01/2025,90,2,-1,2.5,-1,-1,-1,1,-1.0,2.5,-1.0,-1.0,-1.0,1.0,09.04.2023 napastnik (90'),Polska"
"Marcin Zug,327591221,15.047,,11,WC 37,39,World Cup - Round V  Matchday 2,14/04/2025,90,15,-1,1,-1,-1,2,-1,-1.0,1.0,-1.0,-1.0,2.0,-1.0,09.04.2023 stoper (90'),Polska"
"Orest Kamionowski,327591222,16.028,,11,WC 37,21,World Cup - Round I  Matchday 6,10/01/2025,90,1,1,-1,-1,2.5,-1,-1,1.0,-1.0,-1.0,2.5,-1.0,-1.0,09.04.2023 pomocnik (90'),Polska"
"Tomasz Wojtyla,327591223,15.016,,11,WC 38,3,Continental Championship  Matchday 1,16/05/2025,91,3,-1,3.5,-1,4,-1,-1,-1.0,3.5,-1.0,4.0,-1.0,-1.0,09.04.2023 stoper (90'),Polska"
"Franciszek Staporek,327591224,16.100,,11,WC 37,9,Continental Championship  Matchday 7,01/11/2024,89,7,-1,-1,-1,-1,-1,-1,-1.0,-1.0,-1.0,-1.0,-1.0,-1.0,--------,Polska"
"Ignacy Krakowski,327591225,16.010,,11,WC 37,23,World Cup - Round I  Matchday 8,24/01/2025,90,3,-1,3,-1,-1,-1,3.5,-1.0,3.0,-1.0,-1.0,-1.0,3.5,09.04.2023 napastnik (90'),Polska"
"Marek Zwisny,327591226,16.094,,11,WC 37,9,Continental Championship  Matchday 7,01/11/2024,89,7,-1,-1,-1,-1,-1,-1,-1.0,-1.0,-1.0,-1.0,-1.0,-1.0,--------,Polska"
"Piotr Pasterski,327591227,15.085,,11,WC 37,31,World Cup - Round II  Matchday 6,07/03/2025,90,9,-1,-1,-1,-1,2.5,-1,-1.0,-1.0,-1.0,-1.0,2.5,-1.0,09.04.2023 skrzydlowy (90'),Polska"
"Waldemar Cichorz,327591228,16.022,,11,WC 37,22,World Cup - Round I  Matchday 7,17/01/2025,90,2,1,3,-1,-1,-1,-1,1.0,3.0,-1.0,-1.0,-1.0,-1.0,09.04.2023 bramkarz (90'),Polska"
"Bernard Murawiec,327591229,15.046,,11,WC 37,39,World Cup - Round V  Matchday 2,14/04/2025,90,15,-1,1.5,-1,-1,-1,3,-1.0,1.5,-1.0,-1.0,-1.0,3.0,09.04.2023 stoper (90'),Polska"
"Lech Piszczalka,327591692,15.035,,8,WC 38,,Final,,,,-1,-1,-1,4,-1,-1,-1.0,-1.0,-1.0,4.0,-1.0,-1.0,08.04.2023 pomocnik (90'),Polska"
"Dezyderiusz Barysz,327591921,15.035,,10,WC 38,,Final,,,,-1,-1,-1,2,-1,-1,-1.0,-1.0,-1.0,2.0,-1.0,-1.0,05.04.2023 pomocnik (90'),Polska"
"Wojtek Krasa,327591922,15.040,,10,WC 37,41,World Cup - Semifinals,21/04/2025,90,16,-1,-1,-1,-1,4.5,-1,-1.0,-1.0,-1.0,-1.0,4.5,-1.0,05.04.2023 skrzydlowy (90'),Polska"
"Michal Widecki,327591923,15.107,,10,WC 37,26,World Cup - Round II  Matchday 1,14/02/2025,90,6,-1,-1,-1,-1,-1,2.5,-1.0,-1.0,-1.0,-1.0,-1.0,2.5,05.04.2023 napastnik (90'),Polska"
"Maciej Raszczuk,327591924,16.086,,10,WC 37,11,Continental Championship  Matchday 9,15/11/2024,89,9,-1,-1,-1,-1,-1,-1,-1.0,-1.0,-1.0,-1.0,-1.0,-1.0,--------,Polska"
"Czcibor Prucnal,327591925,15.078,,10,WC 37,32,World Cup - Round III  Matchday 1,14/03/2025,90,10,-1,-1,-1,-1,-1,3.5,-1.0,-1.0,-1.0,-1.0,-1.0,3.5,05.04.2023 napastnik (90'),Polska"
"Bogdan Golkowski,327591926,15.074,,10,WC 37,33,World Cup - Round III  Matchday 2,17/03/2025,90,11,-1,-1,-1,-1,3.5,-1,-1.0,-1.0,-1.0,-1.0,3.5,-1.0,05.04.2023 skrzydlowy (90'),Polska"
"Sobieslaw Gliniewicz,327591927,17.000,,10,WC 37,7,Continental Championship  Matchday 5,18/10/2024,89,5,-1,-1,-1,-1,-1,-1,-1.0,-1.0,-1.0,-1.0,-1.0,-1.0,--------,Polska"
"Artur Pinkowski,327591928,16.043,,10,WC 37,19,World Cup - Round I  Matchday 4,27/12/2024,89,15,-1,1.5,-1,-1,-1,-1,-1.0,1.5,-1.0,-1.0,-1.0,-1.0,05.04.2023 stoper (90'),Polska"
"Wladyslaw Szkarlat,327591929,16.011,,10,WC 37,23,World Cup - Round I  Matchday 8,24/01/2025,90,3,-1,-1,-1,-1,-1,3.5,-1.0,-1.0,-1.0,-1.0,-1.0,3.5,05.04.2023 napastnik (90'),Polska"
"Brunon Stolc,327591930,15.020,,10,WC 38,2,Friendly,09/05/2025,91,2,-1,-1,-1,3.5,-1,-1,-1.0,-1.0,-1.0,3.5,-1.0,-1.0,05.04.2023 pomocnik (90'),Polska"
"Stanislaw Stepien,327591931,16.098,,10,WC 37,9,Continental Championship  Matchday 7,01/11/2024,89,7,-1,-1,-1,-1,-1,-1,-1.0,-1.0,-1.0,-1.0,-1.0,-1.0,--------,Polska"
"Marian Blasiak,327591932,17.005,,10,WC 37,6,Continental Championship  Matchday 4,14/10/2024,89,5,-1,-1,-1,-1,-1,-1,-1.0,-1.0,-1.0,-1.0,-1.0,-1.0,--------,Polska"
"Michal Bajera,327591934,16.039,,10,WC 37,19,World Cup - Round I  Matchday 4,27/12/2024,89,15,-1,2.5,-1,-1,-1,-1,-1.0,2.5,-1.0,-1.0,-1.0,-1.0,05.04.2023 stoper (90'),Polska"
"Tomasz Pronobis,327591935,16.070,,10,WC 37,13,Continental Championship - Quarterfinals,29/11/2024,89,11,-1,-1,-1,-1,-1,-1,-1.0,-1.0,-1.0,-1.0,-1.0,-1.0,--------,Polska"
"Marcin Kowaleczko,327592137,15.024,,1,WC 38,1,Friendly,02/05/2025,91,1,-1,-1,-1,-1,-1,-1,-1.0,-1.0,-1.0,-1.0,-1.0,-1.0,--------,Polska"
"Jerzy Surma,327592138,15.078,U,1,WC 37,32,World Cup - Round III  Matchday 1,14/03/2025,90,10,-1,-1,-1,-1,-1,-1,-1.0,-1.0,-1.0,-1.0,-1.0,-1.0,--------,Polska"
"Roscigniew Warmowski,327592472,16.049,,10,WC 37,18,World Cup - Round I  Matchday 3,20/12/2024,89,14,-1,-1,-1,1.5,-1,-1,-1.0,-1.0,-1.0,1.5,-1.0,-1.0,07.04.2023 pomocnik (90'),Polska"
"Wlodek Rolla,327592473,16.104,,10,WC 37,8,Continental Championship  Matchday 6,25/10/2024,89,6,-1,-1,-1,-1,-1,-1,-1.0,-1.0,-1.0,-1.0,-1.0,-1.0,--------,Polska"
"Mieczyslaw Wrzask,327592474,16.083,,10,WC 37,11,Continental Championship  Matchday 9,15/11/2024,89,9,-1,-1,-1,-1,-1,-1,-1.0,-1.0,-1.0,-1.0,-1.0,-1.0,--------,Polska"
"Jakub Olichwier,327592475,16.102,,10,WC 37,8,Continental Championship  Matchday 6,25/10/2024,89,6,-1,-1,-1,-1,-1,3,-1.0,-1.0,-1.0,-1.0,-1.0,3.0,07.04.2023 napastnik (90'),Polska"
"Boguslaw Stoj,327592476,15.058,,10,WC 37,37,World Cup - Round IV  Matchday 3,04/04/2025,90,13,-1,-1,2,-1,-1,-1,-1.0,-1.0,2.0,-1.0,-1.0,-1.0,07.04.2023 boczny_obronca (90'),Polska"
"Ferdynand Osciak,327592478,15.041,,10,WC 37,41,World Cup - Semifinals,21/04/2025,90,16,-1,-1,-1,-1,-1,4.5,-1.0,-1.0,-1.0,-1.0,-1.0,4.5,07.04.2023 napastnik (90'),Polska"
"Wiktor Skrzypczyk,327592479,16.049,,10,WC 37,18,World Cup - Round I  Matchday 3,20/12/2024,89,14,-1,-1,-1,-1,3,-1,-1.0,-1.0,-1.0,-1.0,3.0,-1.0,07.04.2023 skrzydlowy (90'),Polska"
"Jan Balasa,327592480,15.106,,10,WC 37,26,World Cup - Round II  Matchday 1,14/02/2025,90,6,-1,-1,-1,-1,2,-1,-1.0,-1.0,-1.0,-1.0,2.0,-1.0,07.04.2023 skrzydlowy (90'),Polska"
"Mariusz Makula,327592481,16.057,,10,WC 37,16,World Cup - Round I  Matchday 1,13/12/2024,89,13,-1,-1,-1,-1,-1,-1,-1.0,-1.0,-1.0,-1.0,-1.0,-1.0,--------,Polska"
"Czeslaw Bednarczyk,327592482,16.012,,10,WC 37,23,World Cup - Round I  Matchday 8,24/01/2025,90,3,-1,2,-1,-1,-1,-1,-1.0,2.0,-1.0,-1.0,-1.0,-1.0,07.04.2023 stoper (90'),Polska"
"Walenty Balik,327592483,16.052,,10,WC 37,17,World Cup - Round I  Matchday 2,16/12/2024,89,14,-1,-1,-1,3.5,-1,-1,-1.0,-1.0,-1.0,3.5,-1.0,-1.0,07.04.2023 pomocnik (90'),Polska"
"Lutogniew Sobura,327592484,15.052,,10,WC 37,37,World Cup - Round IV  Matchday 3,04/04/2025,90,13,-1,-1,-1,-1,-1,-1,-1.0,-1.0,-1.0,-1.0,-1.0,-1.0,--------,Polska"
"Artur Rogucki,327592485,16.034,,10,WC 37,20,World Cup - Round I  Matchday 5,03/01/2025,89,16,0.5,-1,-1,-1,-1,-1,0.5,-1.0,-1.0,-1.0,-1.0,-1.0,07.04.2023 bramkarz (90'),Polska"
"Bernard Zychowicz,327592486,16.035,,10,WC 37,20,World Cup - Round I  Matchday 5,03/01/2025,89,16,-1,-1,3,-1,-1,-1,-1.0,-1.0,3.0,-1.0,-1.0,-1.0,07.04.2023 boczny_obronca (90'),Polska"
"Boguslaw Taras,327592489,15.034,,10,WC 38,,Final,,,,-1,1.5,-1,-1,-1,-1,-1.0,1.5,-1.0,-1.0,-1.0,-1.0,07.04.2023 stoper (90'),Polska"
"Jonatan Rybarz,327592766,15.019,,8,WC 38,2,Friendly,09/05/2025,91,2,-1,-1,-1,-1,-1,-1,-1.0,-1.0,-1.0,-1.0,-1.0,-1.0,--------,Polska"
"Bartosz Gralec,327593012,16.047,,10,WC 37,18,World Cup - Round I  Matchday 3,20/12/2024,89,14,-1,-1,-1,-1,-1,3.5,-1.0,-1.0,-1.0,-1.0,-1.0,3.5,07.04.2023 napastnik (90'),Polska"
"Marcin Kobojek,327593014,16.106,,10,WC 37,8,Continental Championship  Matchday 6,25/10/2024,89,6,-1,-1,-1,-1,-1,-1,-1.0,-1.0,-1.0,-1.0,-1.0,-1.0,--------,Polska"
"Michal Cap,327593015,15.050,,10,WC 37,38,World Cup - Round V  Matchday 1,11/04/2025,90,14,-1,4.5,-1,-1,-1,-1,-1.0,4.5,-1.0,-1.0,-1.0,-1.0,07.04.2023 stoper (90'),Polska"
"Andrzej Baginski,327593016,16.044,,10,WC 37,19,World Cup - Round I  Matchday 4,27/12/2024,89,15,-1,-1,-1,-1,2.5,-1,-1.0,-1.0,-1.0,-1.0,2.5,-1.0,07.04.2023 skrzydlowy (90'),Polska"
"Baltazar Walczyna,327593017,16.110,,10,WC 37,7,Continental Championship  Matchday 5,18/10/2024,89,5,-1,-1,-1,-1,-1,-1,-1.0,-1.0,-1.0,-1.0,-1.0,-1.0,--------,Polska"
"Przemyslaw Socki,327593018,15.022,,10,WC 38,2,Friendly,09/05/2025,91,2,0.5,-1,-1,-1,-1,-1,0.5,-1.0,-1.0,-1.0,-1.0,-1.0,07.04.2023 bramkarz (90'),Polska"
"Witold Grygiel,327593019,15.055,,10,WC 37,37,World Cup - Round IV  Matchday 3,04/04/2025,90,13,-1,3,-1,-1,-1,-1,-1.0,3.0,-1.0,-1.0,-1.0,-1.0,07.04.2023 stoper (90'),Polska"
"Jakub Orczykowski,327593020,16.063,,10,WC 37,15,Continental Championship - Finals,06/12/2024,89,12,-1,-1,-1,-1,-1,-1,-1.0,-1.0,-1.0,-1.0,-1.0,-1.0,--------,Polska"
"Pawel Kostorz,327593021,16.000,,10,WC 37,25,World Cup - Round I  Matchday 10,07/02/2025,90,5,-1,-1,-1,2.5,-1,-1,-1.0,-1.0,-1.0,2.5,-1.0,-1.0,07.04.2023 pomocnik (90'),Polska"
"Maciej Perski,327593022,16.046,,10,WC 37,18,World Cup - Round I  Matchday 3,20/12/2024,89,14,-1,-1,-1,-1,-1,3,-1.0,-1.0,-1.0,-1.0,-1.0,3.0,07.04.2023 napastnik (90'),Polska"
"Julian Ogrodnik,327593023,15.086,,10,WC 37,31,World Cup - Round II  Matchday 6,07/03/2025,90,9,-1,-1,-1,2.5,-1,-1,-1.0,-1.0,-1.0,2.5,-1.0,-1.0,07.04.2023 pomocnik (90'),Polska"
"Artur Szczakiel,327593024,15.065,,10,WC 37,35,World Cup - Round IV  Matchday 1,28/03/2025,90,12,-1,4,-1,-1,-1,-1,-1.0,4.0,-1.0,-1.0,-1.0,-1.0,07.04.2023 stoper (90'),Polska"
"Karol Wiatr,327593025,15.102,,10,WC 37,27,World Cup - Round II  Matchday 2,17/02/2025,90,7,-1,-1,-1,1.5,-1,-1,-1.0,-1.0,-1.0,1.5,-1.0,-1.0,07.04.2023 pomocnik (90'),Polska"
"Stanislaw Wojcikowski,327593026,16.086,,10,WC 37,11,Continental Championship  Matchday 9,15/11/2024,89,9,-1,-1,-1,-1,-1,-1,-1.0,-1.0,-1.0,-1.0,-1.0,-1.0,--------,Polska"
"Dalislaw Gebel,327593091,16.078,,10,WC 37,12,Continental Championship  Matchday 10,22/11/2024,89,10,0.5,-1,-1,-1,-1,-1,0.5,-1.0,-1.0,-1.0,-1.0,-1.0,04.04.2023 bramkarz (90'),Polska"
"Jan Kitta,327593092,15.039,,10,WC 37,41,World Cup - Semifinals,21/04/2025,90,16,-1,-1,2,-1,-1,-1,-1.0,-1.0,2.0,-1.0,-1.0,-1.0,04.04.2023 boczny_obronca (90'),Polska"
"Bogusz Plak,327593093,16.055,,10,WC 37,17,World Cup - Round I  Matchday 2,16/12/2024,89,14,-1,3,-1,-1,-1,-1,-1.0,3.0,-1.0,-1.0,-1.0,-1.0,04.04.2023 stoper (90'),Polska"
"Augustyn Neubert,327593094,15.024,,10,WC 38,1,Friendly,02/05/2025,91,1,-1,2,-1,-1,-1,-1,-1.0,2.0,-1.0,-1.0,-1.0,-1.0,04.04.2023 stoper (90'),Polska"
"Marcin Bohatyrewicz,327593095,15.071,,10,WC 37,34,World Cup - Round III  Matchday 3,21/03/2025,90,11,-1,-1,4,-1,-1,-1,-1.0,-1.0,4.0,-1.0,-1.0,-1.0,04.04.2023 boczny_obronca (90'),Polska"
"Jaroslaw Krakowczyk,327593097,15.078,,10,WC 37,32,World Cup - Round III  Matchday 1,14/03/2025,90,10,-1,-1,-1,-1,2.5,-1,-1.0,-1.0,-1.0,-1.0,2.5,-1.0,04.04.2023 skrzydlowy (90'),Polska"
"Krzysztof Ruszkowski,327593098,15.075,,10,WC 37,33,World Cup - Round III  Matchday 2,17/03/2025,90,11,-1,-1,-1,2.5,-1,-1,-1.0,-1.0,-1.0,2.5,-1.0,-1.0,04.04.2023 pomocnik (90'),Polska"
"Hieronim Stasierski,327593099,15.104,,10,WC 37,27,World Cup - Round II  Matchday 2,17/02/2025,90,7,-1,-1,-1,3,-1,-1,-1.0,-1.0,-1.0,3.0,-1.0,-1.0,04.04.2023 pomocnik (90'),Polska"
"Nikodem Kwolek,327593100,16.059,,10,WC 37,15,Continental Championship - Finals,06/12/2024,89,12,-1,-1,-1,-1,2.5,-1,-1.0,-1.0,-1.0,-1.0,2.5,-1.0,04.04.2023 skrzydlowy (90'),Polska"
"Marek Szczesiak,327593101,16.023,,10,WC 37,22,World Cup - Round I  Matchday 7,17/01/2025,90,2,-1,-1,-1,-1,-1,4,-1.0,-1.0,-1.0,-1.0,-1.0,4.0,04.04.2023 napastnik (90'),Polska"
"Jedrzej Bogiel,327593102,16.007,,10,WC 37,24,World Cup - Round I  Matchday 9,31/01/2025,90,4,-1,-1,-1,-1,-1,2.5,-1.0,-1.0,-1.0,-1.0,-1.0,2.5,04.04.2023 napastnik (90'),Polska"
"Maciej Datta,327593104,16.023,,10,WC 37,22,World Cup - Round I  Matchday 7,17/01/2025,90,2,-1,-1,-1,-1,-1,-1,-1.0,-1.0,-1.0,-1.0,-1.0,-1.0,--------,Polska"
"Kamil Starosta,327593105,16.064,,10,WC 37,15,Continental Championship - Finals,06/12/2024,89,12,-1,-1,-1,-1,-1,-1,-1.0,-1.0,-1.0,-1.0,-1.0,-1.0,--------,Polska"
"Boguslaw Majka,327593109,16.074,,10,WC 37,12,Continental Championship  Matchday 10,22/11/2024,89,10,-1,-1,-1,-1,-1,-1,-1.0,-1.0,-1.0,-1.0,-1.0,-1.0,--------,Polska"
"Edward Mielcarek,327593389,16.040,T,3,WC 37,19,World Cup - Round I  Matchday 4,27/12/2024,89,15,-1,-1,-1,-1,-1,-1,-1.0,-1.0,-1.0,-1.0,-1.0,-1.0,--------,Polska"
"Juliusz Brolik,327593407,16.034,,8,WC 37,20,World Cup - Round I  Matchday 5,03/01/2025,89,16,-1,-1,-1,2.5,4,-1,-1.0,-1.0,-1.0,2.5,4.0,-1.0,08.04.2023 pomocnik (90'),Polska"
"Gabriel Bziuk,327609595,15.044,,8,WC 37,40,World Cup - Round V  Matchday 3,18/04/2025,90,15,-1,-1,-1,-1,-1,-1,-1.0,-1.0,-1.0,-1.0,-1.0,-1.0,--------,Polska"
"Lucjan Piochowiak,327609597,16.056,,0,WC 37,16,World Cup - Round I  Matchday 1,13/12/2024,89,13,4,-1,-1,-1,-1,-1,-1.0,-1.0,-1.0,-1.0,-1.0,-1.0,10.04.2023 bramkarz (1'),Polska"
"Waldemar Tomasiewicz,327609663,15.025,H,1,WC 38,1,Friendly,02/05/2025,91,1,-1,-1,-1,-1,-1,-1,-1.0,-1.0,-1.0,-1.0,-1.0,-1.0,--------,Polska"
"Tomislaw Baum,327609667,16.063,P,9,WC 37,15,Continental Championship - Finals,06/12/2024,89,12,4.5,-1,-1,-1,-1,-1,4.5,-1.0,-1.0,-1.0,-1.0,-1.0,04.04.2023 bramkarz (90'),Polska"
"Andrzej Bacia,327609668,15.084,,3,WC 37,31,World Cup - Round II  Matchday 6,07/03/2025,90,9,-1,-1,-1,-1,4,-1,-1.0,-1.0,-1.0,-1.0,4.0,-1.0,09.04.2023 skrzydlowy (90'),Polska"
"Marcin Borczuch,327609672,16.047,,1,WC 37,18,World Cup - Round I  Matchday 3,20/12/2024,89,14,-1,-1,3,-1,-1,-1,-1.0,-1.0,3.0,-1.0,-1.0,-1.0,09.04.2023 boczny_obronca (90'),Polska"
"Wladyslaw Pitra,327609718,15.039,,2,WC 37,41,World Cup - Semifinals,21/04/2025,90,16,-1,-1,-1,-1,4.5,-1,-1.0,-1.0,-1.0,-1.0,-1.0,-1.0,08.04.2023 skrzydlowy (43'),Polska"
"Marek Leduchowski,327609835,15.075,,8,WC 37,33,World Cup - Round III  Matchday 2,17/03/2025,90,11,-1,-1,-1,-1,5,-1,-1.0,-1.0,-1.0,-1.0,5.0,-1.0,05.04.2023 skrzydlowy (90'),Polska"
"Pawel Dulewicz,327609911,15.043,H,1,WC 37,40,World Cup - Round V  Matchday 3,18/04/2025,90,15,-1,-1,-1,4.5,-1,-1,-1.0,-1.0,-1.0,4.5,-1.0,-1.0,10.04.2023 pomocnik (90'),Polska"
"Roman Skuba,327609920,15.032,,8,WC 38,,Final,,,,-1,-1,-1,2.5,-1,-1,-1.0,-1.0,-1.0,2.5,-1.0,-1.0,05.04.2023 pomocnik (90'),Polska"
"Wojciech Bocian,327609929,15.093,,1,WC 37,30,World Cup - Round II  Matchday 5,28/02/2025,90,8,-1,-1,-1,-1,-1,-1,-1.0,-1.0,-1.0,-1.0,-1.0,-1.0,--------,Polska"
"Zenek Poroszewski,327609950,15.081,,8,WC 37,31,World Cup - Round II  Matchday 6,07/03/2025,90,9,4,-1,-1,-1,-1,-1,4.0,-1.0,-1.0,-1.0,-1.0,-1.0,08.04.2023 bramkarz (90'),Polska"
"Ryszard Pucek,327609953,16.009,,8,WC 37,24,World Cup - Round I  Matchday 9,31/01/2025,90,4,-1,-1,4.5,-1,-1,-1,-1.0,-1.0,4.5,-1.0,-1.0,-1.0,08.04.2023 boczny_obronca (90'),Polska"
"Fryderyk Dworzanczyk,327609961,16.026,,1,WC 37,21,World Cup - Round I  Matchday 6,10/01/2025,90,1,-1,-1,-1,-1,-1,-1,-1.0,-1.0,-1.0,-1.0,-1.0,-1.0,--------,Polska"
"Kazimierz Glowacz,327610037,15.015,,7,WC 38,3,Continental Championship  Matchday 1,16/05/2025,91,3,4,-1,-1,-1,-1,-1,3.0,-1.0,-1.0,-1.0,-1.0,-1.0,08.04.2023 bramkarz (90'),Polska"
"Leopold Maslach,327610058,15.027,,10,WC 38,1,Friendly,02/05/2025,91,1,-1,-1,-1,4.5,-1,-1,-1.0,-1.0,-1.0,4.5,-1.0,-1.0,06.04.2023 pomocnik (90'),Polska"
"Ireneusz Zolnierczuk,327610062,15.099,,1,WC 37,28,World Cup - Round II  Matchday 3,21/02/2025,90,7,-1,-1,-1,-1,-1,-1,-1.0,-1.0,-1.0,-1.0,-1.0,-1.0,--------,Polska"
"Marcin Jaros,327610141,15.038,,8,WC 37,41,World Cup - Semifinals,21/04/2025,90,16,-1,-1,-1,4.5,-1,-1,-1.0,-1.0,-1.0,4.5,-1.0,-1.0,09.04.2023 pomocnik (90'),Polska"
"Anastazy Mogilnicki,327610156,16.000,,1,WC 37,25,World Cup - Round I  Matchday 10,07/02/2025,90,5,-1,-1,-1,-1,-1,-1,-1.0,-1.0,-1.0,-1.0,-1.0,-1.0,--------,Polska"
"Ryszard Zbyszynski,327610183,15.068,,1,WC 37,34,World Cup - Round III  Matchday 3,21/03/2025,90,11,-1,-1,-1,-1,-1,-1,-1.0,-1.0,-1.0,-1.0,-1.0,-1.0,--------,Polska"
"Tomasz Biedziec,327610189,16.011,,8,WC 37,23,World Cup - Round I  Matchday 8,24/01/2025,90,3,-1,-1,-1,-1,-1,-1,-1.0,-1.0,-1.0,-1.0,-1.0,-1.0,--------,Polska"
"Ernest Doering,327610215,16.077,,0,WC 37,12,Continental Championship  Matchday 10,22/11/2024,89,10,-1,-1,-1,-1,-1,-1,-1.0,-1.0,-1.0,-1.0,-1.0,-1.0,--------,Polska"
"Radoslaw Koszela,327610237,15.102,Q,8,WC 37,27,World Cup - Round II  Matchday 2,17/02/2025,90,7,-1,-1,-1,-1,5,-1,-1.0,-1.0,-1.0,-1.0,5.0,-1.0,09.04.2023 skrzydlowy (90'),Polska"
"Stanislaw Polakowski,327610252,15.037,,1,WC 38,,Final,,,,-1,-1,-1,-1,-1,-1,-1.0,-1.0,-1.0,-1.0,-1.0,-1.0,--------,Polska"
"Jozef Padol,327610282,15.037,,8,WC 38,,Final,,,,-1,-1,-1,-1,-1,-1,-1.0,-1.0,-1.0,-1.0,-1.0,-1.0,--------,Polska"
"Pawel Zaganczyk,327610285,15.096,,8,WC 37,29,World Cup - Round II  Matchday 4,24/02/2025,90,8,-1,-1,-1,-1,-1,-1,-1.0,-1.0,-1.0,-1.0,-1.0,-1.0,--------,Polska"
"Marek Radola,327610305,15.052,,1,WC 37,37,World Cup - Round IV  Matchday 3,04/04/2025,90,13,-1,-1,-1,-1,-1,-1,-1.0,-1.0,-1.0,-1.0,-1.0,-1.0,--------,Polska"
"Florenty Kieltyka,327610309,15.074,,1,WC 37,33,World Cup - Round III  Matchday 2,17/03/2025,90,11,-1,-1,-1,-1,-1,-1,-1.0,-1.0,-1.0,-1.0,-1.0,-1.0,--------,Polska"
"Joachim Maciejewicz,327610338,16.084,,8,WC 37,11,Continental Championship  Matchday 9,15/11/2024,89,9,-1,-1,-1,-1,-1,-1,-1.0,-1.0,-1.0,-1.0,-1.0,-1.0,--------,Polska"
"Konrad Drozka,327610379,16.073,,7,WC 37,12,Continental Championship  Matchday 10,22/11/2024,89,10,-1,-1,-1,-1,-1,3.5,-1.0,-1.0,-1.0,-1.0,-1.0,3.5,09.04.2023 napastnik (90'),Polska"
"Andrzej Andruszewski,327610429,15.097,U,7,WC 37,29,World Cup - Round II  Matchday 4,24/02/2025,90,8,1.5,4,-1,-1,-1,-1,1.5,4.0,-1.0,-1.0,-1.0,-1.0,04.04.2023 stoper (90'),Polska"
"Filon Tarnawski,327610449,15.033,,4,WC 38,,Final,,,,-1,-1,-1,-1,-1,-1,-1.0,-1.0,-1.0,-1.0,-1.0,-1.0,--------,Polska"
"Franciszek Sadkowski,327610456,15.072,,1,WC 37,34,World Cup - Round III  Matchday 3,21/03/2025,90,11,-1,-1,-1,-1,-1,-1,-1.0,-1.0,-1.0,-1.0,-1.0,-1.0,--------,Polska"
"Maciej Sztwiertnia,327610476,15.027,H,1,WC 38,1,Friendly,02/05/2025,91,1,-1,-1,-1,-1,-1,-1,-1.0,-1.0,-1.0,-1.0,-1.0,-1.0,--------,Polska"
"Kleofas Korkia,327610519,16.039,,1,WC 37,19,World Cup - Round I  Matchday 4,27/12/2024,89,15,-1,-1,-1,-1,-1,-1,-1.0,-1.0,-1.0,-1.0,-1.0,-1.0,--------,Polska"
"Mariusz Pietraszko,327610529,17.002,,8,WC 37,7,Continental Championship  Matchday 5,18/10/2024,89,5,-1,-1,-1,-1,-1,-1,-1.0,-1.0,-1.0,-1.0,-1.0,-1.0,--------,Polska"
"Doman Cwiklik,327610554,16.024,,8,WC 37,21,World Cup - Round I  Matchday 6,10/01/2025,90,1,-1,-1,-1,-1,-1,-1,-1.0,-1.0,-1.0,-1.0,-1.0,-1.0,--------,Polska"
"Flawian Cichuta,327610606,16.053,,4,WC 37,17,World Cup - Round I  Matchday 2,16/12/2024,89,14,-1,-1,-1,-1,-1,-1,-1.0,-1.0,-1.0,-1.0,-1.0,-1.0,--------,Polska"
"Wilhelm Skomorowski,327610627,16.041,,1,WC 37,19,World Cup - Round I  Matchday 4,27/12/2024,89,15,-1,-1,-1,-1,-1,-1,-1.0,-1.0,-1.0,-1.0,-1.0,-1.0,--------,Polska"
"Ryszard Pyzia,327610659,15.096,,1,WC 37,29,World Cup - Round II  Matchday 4,24/02/2025,90,8,-1,-1,-1,-1,-1,-1,-1.0,-1.0,-1.0,-1.0,-1.0,-1.0,--------,Polska"
"Marian Rebas,327610668,15.060,,8,WC 37,36,World Cup - Round IV  Matchday 2,31/03/2025,90,13,-1,-1,-1,-1,-1,-1,-1.0,-1.0,-1.0,-1.0,-1.0,-1.0,--------,Polska"
"Ambrozy Grzenda,327610684,16.070,U,8,WC 37,13,Continental Championship - Quarterfinals,29/11/2024,89,11,5,-1,-1,-1,-1,-1,5.0,-1.0,-1.0,-1.0,-1.0,-1.0,08.04.2023 bramkarz (90'),Polska"
"Tomasz Maselko,327610720,15.077,,8,WC 37,32,World Cup - Round III  Matchday 1,14/03/2025,90,10,-1,5.5,-1,-1,-1,-1,-1.0,5.5,-1.0,-1.0,-1.0,-1.0,05.04.2023 stoper (90'),Polska"
"Ernest Bus,327610721,16.011,,8,WC 37,23,World Cup - Round I  Matchday 8,24/01/2025,90,3,-1,1.5,-1,-1,-1,-1,-1.0,-1.0,-1.0,-1.0,-1.0,-1.0,05.04.2023 stoper (120'),Polska"
"Krzysztof Stadnicki,327610726,15.106,,8,WC 37,26,World Cup - Round II  Matchday 1,14/02/2025,90,6,-1,-1,-1,-1,-1,-1,-1.0,-1.0,-1.0,-1.0,-1.0,-1.0,--------,Polska"
"Przemyslaw Gapys,327610734,15.090,,8,WC 37,30,World Cup - Round II  Matchday 5,28/02/2025,90,8,-1,-1,-1,-1,-1,5.5,-1.0,-1.0,-1.0,-1.0,-1.0,5.5,07.04.2023 napastnik (90'),Polska"
"Dariusz Wroclawski,327610739,15.042,,3,WC 37,40,World Cup - Round V  Matchday 3,18/04/2025,90,15,-1,-1,-1,-1,-1,4.5,-1.0,-1.0,-1.0,-1.0,-1.0,4.5,10.04.2023 napastnik (90'),Polska"
"Roman Sobotka,327610748,16.000,,0,WC 37,25,World Cup - Round I  Matchday 10,07/02/2025,90,5,-1,-1,-1,-1,-1,-1,-1.0,-1.0,-1.0,-1.0,-1.0,-1.0,--------,Polska"
"Andrzej Olik,327610758,15.026,,6,WC 38,1,Friendly,02/05/2025,91,1,-1,-1,-1,-1,-1,4.5,-1.0,-1.0,-1.0,-1.0,-1.0,4.5,06.04.2023 napastnik (90'),Polska"
"Witold Jarosik,327610759,15.072,,1,WC 37,34,World Cup - Round III  Matchday 3,21/03/2025,90,11,-1,-1,-1,-1,-1,-1,-1.0,-1.0,-1.0,-1.0,-1.0,-1.0,--------,Polska"
"Bogdan Zaluski,327610762,16.095,,8,WC 37,9,Continental Championship  Matchday 7,01/11/2024,89,7,-1,-1,-1,-1,-1,-1,-1.0,-1.0,-1.0,-1.0,-1.0,-1.0,--------,Polska"
"Przemyslaw Studnicki,327610806,16.092,,5,WC 37,10,Continental Championship  Matchday 8,08/11/2024,89,8,-1,-1,-1,-1,-1,-1,-1.0,-1.0,-1.0,-1.0,-1.0,-1.0,--------,Polska"
"Edward Rottermund,327610810,15.044,,1,WC 37,40,World Cup - Round V  Matchday 3,18/04/2025,90,15,-1,-1,-1,-1,-1,-1,-1.0,-1.0,-1.0,-1.0,-1.0,-1.0,--------,Polska"
"Daniel Szramowski,327610817,15.094,,8,WC 37,29,World Cup - Round II  Matchday 4,24/02/2025,90,8,-1,-1,-1,-1,-1,-1,-1.0,-1.0,-1.0,-1.0,-1.0,-1.0,--------,Polska"
"Alfred Popczyk,327610819,16.072,,5,WC 37,13,Continental Championship - Quarterfinals,29/11/2024,89,11,-1,-1,3,-1,-1,-1,-1.0,-1.0,3.0,-1.0,-1.0,-1.0,06.04.2023 boczny_obronca (90'),Polska"
"Ryszard Walentowski,327610846,15.072,,8,WC 37,34,World Cup - Round III  Matchday 3,21/03/2025,90,11,-1,2.5,-1,-1,-1,-1,-1.0,2.5,-1.0,-1.0,-1.0,-1.0,07.04.2023 stoper (90'),Polska"
"Swietoslaw Salwinski,327610848,16.080,,1,WC 37,11,Continental Championship  Matchday 9,15/11/2024,89,9,-1,-1,-1,-1,-1,-1,-1.0,-1.0,-1.0,-1.0,-1.0,-1.0,--------,Polska"
"Karol Torbicz,327610884,15.081,,5,WC 37,31,World Cup - Round II  Matchday 6,07/03/2025,90,9,-1,-1,-1,-1,-1,-1,-1.0,-1.0,-1.0,-1.0,-1.0,-1.0,--------,Polska"
"Zdzislaw Sromotnik,327610903,15.110,,8,WC 37,25,World Cup - Round I  Matchday 10,07/02/2025,90,5,-1,-1,-1,-1,-1,-1,-1.0,-1.0,-1.0,-1.0,-1.0,-1.0,--------,Polska"
