Country,day,hour,attempt
"Kenya,niedziela,12:00,1"
"Kenya,niedziela,08:07,1"
"Kenya,niedziela,17:09,1"
"Kenya,niedziela,15:24,1"
"Kenya,niedziela,08:38,1"
"Kenya,niedziela,08:20,1"
"Kenya,sroda,06:30,4"
"Kenya,niedziela,04:42,3"
"Kenya,niedziela,08:42,2"
"Kenya,niedziela,12:35,1"
"Kenya,niedziela,08:10,1"
"Kenya,piatek,09:45,1"
"Kenya,wtorek,10:04,1"
"Kenya,piatek,19:51,3"
"Kenya,sobota,11:18,2"
"Kenya,niedziela,05:25,1"
"Kenya,poniedzialek,10:12,2"
"Kenya,piatek,14:04,1"
"Kenya,niedziela,11:20,1"
"Kenya,poniedzialek,11:25,2"
"Kenya,niedziela,09:49,1"
"Kenya,niedziela,17:23,1"
"Kenya,sobota,10:04,1"
"Kenya,niedziela,09:33,1"
"Kenya,poniedzialek,04:47,1"
"Kenya,niedziela,17:40,1"
"Kenya,sroda,07:02,1"
"Kenya,wtorek,21:07,1"
"Kenya,wtorek,21:07,1"
"Kenya,niedziela,09:49,1"
"Kenya,sroda,12:18,1"
"Kenya,niedziela,09:53,1"
"Kenya,poniedzialek,05:08,1"
"Kenya,sobota,12:07,1"
"Kenya,czwartek,08:32,1"
"Kenya,niedziela,15:37,1"
"Kenya,poniedzialek,14:17,1"
"Kenya,piatek,20:38,1"
"Kenya,sobota,09:48,1"
"Kenya,piatek,08:52,1"
"Kenya,niedziela,09:53,1"
"Kenya,niedziela,11:51,1"
"Kenya,sroda,10:07,3"
"Kenya,poniedzialek,12:09,2"
"Kenya,niedziela,08:27,1"
"Kenya,wtorek,12:21,3"
"Kenya,niedziela,02:05,2"
"Kenya,piatek,14:46,1"
"Kenya,sroda,23:41,1"
"Kenya,wtorek,21:47,1"
"Kenya,sobota,05:27,1"
"Kenya,niedziela,08:34,1"
"Kenya,niedziela,01:54,3"
"Kenya,niedziela,11:44,2"
"Kenya,piatek,10:39,1"
"Kenya,niedziela,09:35,1"
"Kenya,niedziela,11:20,2"
"Kenya,niedziela,15:10,1"
"Kenya,niedziela,12:48,1"
"Kenya,niedziela,14:02,1"
"Kenya,czwartek,23:46,2"
"Kenya,niedziela,01:48,1"
"Kenya,niedziela,21:32,2"
"Kenya,niedziela,07:57,1"
"Kenya,niedziela,01:53,1"
"Kenya,niedziela,07:07,1"
"Kenya,niedziela,10:48,1"
"Kenya,sroda,12:21,1"
"Kenya,sobota,10:10,1"
"Kenya,niedziela,14:16,1"
"Kenya,niedziela,02:38,1"
"Kenya,niedziela,09:47,2"
"Kenya,sobota,09:37,1"
"Kenya,niedziela,06:57,1"
"Kenya,niedziela,07:54,1"
"Polska,poniedzialek,07:17,1"
"Polska,niedziela,07:44,1"
"Polska,niedziela,08:09,1"
"Polska,czwartek,08:59,1"
"Polska,niedziela,07:35,4"
"Polska,poniedzialek,17:08,3"
"Polska,poniedzialek,06:44,2"
"Polska,niedziela,12:05,1"
"Polska,niedziela,03:05,2"
"Polska,poniedzialek,07:47,1"
"Polska,niedziela,10:36,1"
"Polska,niedziela,13:30,1"
"Polska,niedziela,08:40,2"
"Polska,piatek,03:31,1"
"Polska,niedziela,08:42,1"
"Polska,niedziela,01:24,1"
"Polska,niedziela,17:24,1"
"Polska,niedziela,07:29,1"
"Polska,niedziela,20:36,1"
"Polska,sroda,06:37,1"
"Polska,poniedzialek,11:11,1"
"Polska,niedziela,02:53,1"
"Polska,niedziela,08:31,1"
"Polska,niedziela,08:03,1"
"Polska,niedziela,09:51,1"
"Polska,niedziela,08:53,1"
"Polska,wtorek,09:06,1"
"Polska,czwartek,10:01,2"
"Polska,niedziela,06:16,1"
"Polska,sobota,20:49,1"
"Polska,niedziela,08:34,2"
"Polska,niedziela,00:47,1"
"Polska,niedziela,08:55,1"
"Polska,wtorek,14:25,1"
"Polska,piatek,15:43,1"
"Polska,poniedzialek,08:24,2"
"Polska,niedziela,10:40,1"
"Polska,niedziela,16:21,1"
"Polska,niedziela,00:47,1"
"Polska,niedziela,12:24,1"
"Polska,niedziela,08:17,1"
"Polska,niedziela,09:05,1"
"Polska,niedziela,09:10,2"
"Polska,niedziela,11:10,1"
"Polska,niedziela,09:00,3"
"Polska,niedziela,08:29,2"
"Polska,niedziela,12:32,1"
"Polska,niedziela,10:25,1"
"Polska,niedziela,06:29,2"
"Polska,wtorek,06:44,1"
"Polska,niedziela,01:48,1"
"Polska,niedziela,05:33,1"
"Polska,niedziela,10:04,1"
"Polska,poniedzialek,07:58,1"
"Polska,niedziela,08:01,1"
"Polska,niedziela,15:13,1"
"Polska,niedziela,08:56,1"
"Polska,poniedzialek,20:49,1"
"Polska,niedziela,10:53,1"
"Polska,poniedzialek,11:32,2"
"Polska,niedziela,05:41,1"
"Polska,niedziela,03:20,1"
"Polska,niedziela,02:28,1"
"Polska,niedziela,08:25,1"
"Polska,niedziela,06:53,2"
"Polska,niedziela,17:31,1"
"Polska,niedziela,08:43,1"
"Polska,sroda,11:22,2"
"Polska,niedziela,10:10,1"
"Polska,niedziela,13:55,1"
"Polska,niedziela,07:27,1"
"Polska,niedziela,08:27,1"
"Polska,wtorek,07:59,1"
"Polska,niedziela,17:23,1"
"Polska,niedziela,22:18,1"
"Polska,niedziela,05:55,1"
"Polska,poniedzialek,09:40,1"
"Polska,poniedzialek,23:18,1"
"Polska,niedziela,09:55,1"
"Polska,piatek,20:52,1"
"Polska,sroda,17:59,1"
"Polska,niedziela,06:13,1"
"Polska,niedziela,05:43,2"
"Polska,sobota,20:46,1"
"Polska,niedziela,08:22,1"
"Polska,niedziela,06:45,2"
"Polska,niedziela,04:41,1"
"Polska,niedziela,00:47,1"
"Polska,niedziela,07:19,1"
"Polska,niedziela,05:55,1"
"Polska,niedziela,07:04,1"
"Polska,sroda,19:03,5"
"Polska,niedziela,00:56,4"
"Polska,niedziela,11:06,3"
"Polska,piatek,15:29,2"
"Polska,sobota,11:31,1"
"Polska,niedziela,14:26,1"
"Polska,piatek,18:58,1"
"Polska,poniedzialek,22:51,3"
"Polska,niedziela,10:32,2"
"Polska,niedziela,10:08,1"
"Polska,poniedzialek,20:40,1"
"Polska,czwartek,11:13,1"
"Polska,sobota,13:15,1"
"Polska,czwartek,17:25,1"
"Polska,sroda,16:01,1"
"Polska,niedziela,06:38,1"
"Polska,niedziela,06:01,1"
"Polska,niedziela,18:32,1"
"Polska,niedziela,20:01,1"
"Polska,wtorek,12:59,1"
"Polska,poniedzialek,10:47,1"
"Polska,niedziela,19:34,2"
"Polska,niedziela,12:37,1"
"Polska,niedziela,06:49,1"
"Polska,niedziela,07:43,1"
"Polska,niedziela,09:04,1"
"Polska,niedziela,07:41,1"
"Polska,niedziela,00:45,1"
"Polska,niedziela,00:45,2"
"Polska,piatek,23:27,1"
"Polska,niedziela,03:12,2"
"Polska,niedziela,06:33,1"
"Polska,niedziela,00:59,1"
"Polska,niedziela,01:44,1"
"Polska,niedziela,00:45,1"
"Polska,niedziela,14:33,1"
"Polska,sobota,21:28,1"
"Polska,poniedzialek,08:29,3"
"Polska,poniedzialek,06:34,2"
"Polska,niedziela,14:13,1"
"Polska,wtorek,01:10,2"
"Polska,poniedzialek,21:19,1"
"Polska,poniedzialek,11:33,1"
"Polska,poniedzialek,12:02,1"
"Polska,sobota,14:07,2"
"Polska,wtorek,08:05,1"
"Polska,poniedzialek,06:45,1"
"Polska,poniedzialek,15:52,2"
"Polska,niedziela,01:35,1"
"Polska,niedziela,09:22,1"
"Polska,poniedzialek,13:30,1"
"Polska,piatek,14:52,1"
"Polska,niedziela,06:08,1"
"Polska,niedziela,06:44,1"
"Polska,niedziela,10:13,1"
"Polska,niedziela,10:39,2"
"Polska,niedziela,09:21,1"
"Polska,sroda,11:30,1"
"Polska,poniedzialek,18:04,1"
"Polska,piatek,09:27,1"
"Polska,piatek,09:21,1"
"Polska,piatek,22:00,1"
"Polska,niedziela,13:10,1"
"Polska,niedziela,21:35,1"
"Polska,niedziela,07:01,1"
"Polska,niedziela,09:26,1"
"Polska,niedziela,08:58,1"
"Polska,niedziela,09:09,1"
"Polska,niedziela,13:06,1"
"Polska,niedziela,11:39,1"
"Polska,niedziela,11:05,1"
"Polska,niedziela,02:10,2"
"Polska,sroda,21:44,1"
"Polska,niedziela,17:51,1"
"Polska,niedziela,08:42,1"
"Polska,niedziela,08:41,2"
"Polska,niedziela,08:39,1"
"Polska,niedziela,09:36,1"
"Polska,piatek,10:14,1"
"Polska,niedziela,12:47,1"
"Polska,niedziela,02:05,1"
"Polska,poniedzialek,11:22,2"
"Polska,sroda,01:32,1"
"Polska,poniedzialek,09:08,4"
"Polska,poniedzialek,15:36,3"
"Polska,sobota,09:32,2"
"Polska,niedziela,00:54,1"
"Polska,poniedzialek,08:26,1"
"Polska,piatek,10:27,1"
"Polska,sroda,00:18,1"
"Polska,niedziela,00:45,2"
"Polska,niedziela,22:25,1"
"Polska,niedziela,07:59,1"
"Polska,niedziela,00:57,1"
"Polska,niedziela,01:32,1"
"Polska,sroda,20:20,1"
"Polska,niedziela,12:58,2"
"Polska,niedziela,10:58,1"
"Polska,niedziela,01:03,1"
"Polska,poniedzialek,13:19,2"
"Polska,wtorek,18:38,1"
"Polska,niedziela,00:47,1"
"Polska,niedziela,08:44,1"
"Polska,niedziela,08:45,1"
"Polska,niedziela,06:19,1"
"Polska,niedziela,06:37,1"
"Polska,niedziela,04:32,1"
"Polska,niedziela,08:43,1"
"Polska,niedziela,06:31,1"
"Polska,niedziela,05:40,1"
"Polska,niedziela,07:58,2"
"Polska,niedziela,00:47,1"
"Polska,niedziela,07:49,2"
"Polska,niedziela,08:25,1"
"Polska,niedziela,02:13,3"
"Polska,sobota,01:40,2"
"Polska,poniedzialek,22:28,1"
"Polska,niedziela,07:10,1"
"Polska,niedziela,13:56,1"
"Polska,poniedzialek,16:30,1"
"Polska,niedziela,09:12,1"
"Polska,niedziela,10:14,1"
"Polska,sobota,11:27,1"
"Polska,poniedzialek,17:49,1"
"Polska,niedziela,07:07,1"
"Polska,niedziela,05:16,1"
"Polska,niedziela,19:31,1"
"Polska,niedziela,02:03,3"
"Polska,poniedzialek,17:17,2"
"Polska,niedziela,21:13,1"
"Polska,niedziela,06:44,1"
"Polska,niedziela,07:57,1"
"Polska,niedziela,07:16,1"
"Polska,niedziela,14:18,1"
"Polska,niedziela,07:22,2"
"Polska,niedziela,13:13,1"
"Polska,sobota,09:45,1"
"Polska,niedziela,09:19,1"
"Polska,niedziela,11:35,2"
"Polska,niedziela,10:19,1"
"Polska,niedziela,11:28,1"
"Polska,niedziela,11:51,1"
"Polska,niedziela,02:11,1"
"Polska,niedziela,01:42,2"
"Polska,niedziela,11:24,1"
"Polska,niedziela,09:15,1"
"Polska,niedziela,08:46,1"
"Polska,czwartek,11:13,1"
"Polska,niedziela,10:45,2"
"Polska,niedziela,09:03,1"
"Polska,poniedzialek,12:38,1"
"Polska,niedziela,22:01,4"
"Polska,sobota,18:56,3"
"Polska,niedziela,10:57,2"
"Polska,niedziela,16:24,1"
"Polska,niedziela,02:13,1"
"Polska,niedziela,07:57,1"
"Polska,niedziela,11:31,1"
"Polska,niedziela,10:58,1"
"Polska,sroda,11:52,1"
"Polska,niedziela,12:43,2"
"Polska,sroda,00:05,1"
"Polska,niedziela,11:01,1"
"Polska,niedziela,13:22,2"
"Polska,niedziela,11:11,1"
"Polska,niedziela,08:58,2"
"Polska,niedziela,05:35,1"
"Polska,niedziela,01:46,2"
"Polska,niedziela,06:52,1"
"Polska,niedziela,05:52,1"
"Polska,niedziela,05:52,1"
"Polska,niedziela,13:56,1"
"Polska,niedziela,00:45,1"
"Polska,niedziela,04:27,1"
"Polska,niedziela,07:51,1"
"Polska,poniedzialek,07:57,2"
"Polska,wtorek,15:00,1"
"Polska,piatek,18:11,1"
"Polska,niedziela,01:04,1"
"Polska,niedziela,20:42,1"
"Polska,wtorek,09:33,1"
"Polska,sobota,16:03,1"
"Polska,niedziela,22:44,1"
"Polska,czwartek,20:52,1"
"Polska,piatek,08:22,1"
"Polska,niedziela,00:45,1"
"Polska,niedziela,06:18,1"
"Polska,niedziela,05:03,1"
"Polska,niedziela,07:32,1"
"Polska,czwartek,16:10,1"
"Polska,niedziela,11:03,1"
"Polska,poniedzialek,14:27,1"
"Polska,niedziela,06:19,1"
"Polska,niedziela,11:27,1"
"Polska,niedziela,01:35,1"
"Polska,niedziela,14:25,1"
"Polska,niedziela,12:25,1"
"Polska,niedziela,01:03,2"
"Polska,niedziela,09:49,1"
"Polska,niedziela,04:59,1"
"Polska,niedziela,07:16,1"
"Polska,niedziela,09:03,2"
"Polska,niedziela,10:58,1"
"Polska,niedziela,10:52,2"
"Polska,niedziela,07:44,1"
"Polska,niedziela,08:26,2"
"Polska,niedziela,09:33,1"
"Polska,niedziela,17:41,2"
"Polska,poniedzialek,06:18,1"
"Polska,niedziela,10:07,1"
"Polska,niedziela,21:06,2"
"Polska,sobota,17:33,1"
"Polska,poniedzialek,10:00,5"
"Polska,niedziela,12:22,4"
"Polska,niedziela,02:09,3"
"Polska,niedziela,13:20,2"
"Polska,czwartek,07:45,1"
"Polska,wtorek,12:48,1"
"Polska,niedziela,09:39,1"
"Polska,niedziela,08:11,1"
"Polska,wtorek,20:42,1"
"Polska,wtorek,20:35,1"
"Polska,sobota,09:24,1"
"Polska,czwartek,10:37,1"
"Polska,poniedzialek,19:01,1"
"Polska,niedziela,10:51,4"
"Polska,niedziela,20:33,3"
"Polska,niedziela,10:49,2"
"Polska,wtorek,22:15,1"
"Polska,sroda,21:34,1"
"Polska,niedziela,08:09,1"
"Polska,niedziela,09:04,1"
"Polska,niedziela,17:32,1"
"Polska,niedziela,15:49,1"
"Polska,czwartek,23:16,1"
"Polska,poniedzialek,20:54,1"
"Polska,czwartek,22:21,1"
"Polska,poniedzialek,09:55,1"
"Polska,poniedzialek,01:21,2"
"Polska,niedziela,11:36,1"
"Polska,niedziela,00:48,2"
"Polska,niedziela,01:14,1"
"Polska,niedziela,09:22,1"
"Polska,niedziela,21:45,1"
"Polska,niedziela,07:20,1"
"Polska,niedziela,11:34,1"
"Polska,niedziela,12:01,1"
"Polska,niedziela,09:19,1"
"Polska,niedziela,07:30,1"
"Polska,niedziela,01:32,1"
"Polska,sroda,02:07,1"
"Polska,poniedzialek,13:26,1"
"Polska,niedziela,17:54,1"
"Polska,sobota,21:17,1"
"Polska,sobota,21:50,1"
"Polska,niedziela,01:11,1"
"Polska,niedziela,04:08,1"
"Polska,niedziela,01:42,2"
"Polska,niedziela,09:56,1"
"Polska,niedziela,10:01,1"
"Polska,niedziela,08:06,1"
"Polska,niedziela,08:10,2"
"Polska,niedziela,13:46,1"
"Polska,niedziela,08:28,2"
"Polska,niedziela,07:01,1"
"Polska,niedziela,07:22,1"
"Polska,niedziela,23:30,1"
"Polska,niedziela,09:38,1"
"Polska,niedziela,15:02,1"
"Polska,niedziela,10:29,1"
"Polska,niedziela,15:14,3"
"Polska,niedziela,10:33,2"
"Polska,niedziela,09:18,1"
"Polska,poniedzialek,07:27,1"
"Polska,niedziela,11:00,1"
"Polska,sobota,20:00,1"
"Polska,poniedzialek,23:45,1"
"Polska,poniedzialek,10:57,2"
"Polska,niedziela,15:50,1"
"Polska,poniedzialek,09:12,1"
"Polska,niedziela,11:57,2"
"Polska,niedziela,07:16,1"
"Polska,niedziela,17:07,1"
"Polska,poniedzialek,08:21,1"
"Polska,niedziela,11:54,1"
"Polska,niedziela,10:33,1"
"Polska,sroda,20:47,2"
"Polska,niedziela,00:48,1"
"Polska,sroda,00:17,2"
"Polska,niedziela,20:24,1"
"Polska,niedziela,19:24,1"
"Polska,niedziela,02:10,1"
"Polska,niedziela,09:14,1"
"Polska,niedziela,00:47,2"
"Polska,niedziela,13:24,1"
"Polska,niedziela,08:37,2"
"Polska,poniedzialek,07:24,1"
"Polska,niedziela,07:21,1"
"Polska,niedziela,09:07,1"
"Polska,poniedzialek,15:30,1"
"Polska,czwartek,23:56,1"
"Polska,poniedzialek,08:14,1"
"Polska,niedziela,04:01,1"
"Polska,piatek,09:58,1"
"Polska,niedziela,06:58,1"
"Polska,niedziela,06:55,1"
"Polska,poniedzialek,12:02,1"
"Polska,niedziela,04:04,1"
"Polska,niedziela,05:33,1"
"Polska,niedziela,09:32,1"
"Polska,niedziela,09:42,1"
"Polska,niedziela,09:32,1"
"Polska,niedziela,08:28,1"
"Polska,niedziela,08:03,1"
"Polska,niedziela,07:18,1"
"Polska,niedziela,10:09,1"
"Polska,niedziela,06:02,1"
"Polska,niedziela,11:08,1"
"Polska,niedziela,08:32,1"
"Polska,niedziela,23:41,1"
"Polska,niedziela,21:44,1"
"Polska,niedziela,12:09,1"
"Polska,niedziela,14:32,1"
"Polska,wtorek,10:13,1"
"Polska,niedziela,13:28,1"
"Polska,niedziela,02:19,2"
"Polska,niedziela,20:28,1"
"Polska,niedziela,21:19,1"
"Polska,niedziela,01:56,1"
"Polska,niedziela,01:17,2"
"Polska,niedziela,08:49,1"
"Polska,poniedzialek,08:13,2"
"Polska,niedziela,21:56,1"
"Polska,niedziela,09:20,1"
"Polska,niedziela,07:57,1"
"Polska,niedziela,07:40,1"
"Polska,niedziela,09:41,2"
"Polska,poniedzialek,14:13,1"
"Polska,niedziela,06:12,1"
"Polska,niedziela,09:23,2"
"Polska,niedziela,07:42,1"
"Polska,niedziela,09:56,1"
"Polska,poniedzialek,20:27,1"
"Polska,niedziela,08:54,1"
"Polska,niedziela,07:57,1"
"Polska,wtorek,21:47,1"
"Polska,sobota,20:17,3"
"Polska,niedziela,16:53,2"
"Polska,poniedzialek,09:05,1"
"Polska,niedziela,10:04,1"
"Polska,niedziela,15:10,1"
"Polska,niedziela,08:54,1"
"Polska,wtorek,11:08,1"
"Polska,wtorek,11:04,1"
"Polska,niedziela,23:28,1"
"Polska,niedziela,01:36,1"
"Polska,niedziela,08:52,1"
"Polska,niedziela,21:33,2"
"Polska,niedziela,02:03,1"
"Polska,niedziela,00:45,1"
"Polska,niedziela,00:53,1"
"Polska,niedziela,01:53,1"
"Polska,niedziela,12:01,1"
"Polska,sobota,09:14,1"
"Polska,niedziela,00:49,2"
"Polska,niedziela,08:46,1"
"Polska,poniedzialek,21:20,2"
"Polska,niedziela,06:08,1"
"Polska,niedziela,15:27,3"
"Polska,wtorek,13:23,2"
"Polska,piatek,19:17,1"
"Polska,czwartek,23:09,1"
"Polska,piatek,09:47,1"
"Polska,czwartek,21:02,1"
"Polska,niedziela,08:55,2"
"Polska,niedziela,08:28,1"
"Polska,niedziela,12:56,1"
"Polska,niedziela,17:50,1"
"Polska,niedziela,00:51,2"
"Polska,czwartek,20:29,1"
"Polska,wtorek,08:36,1"
"Polska,niedziela,01:08,1"
"Polska,niedziela,07:33,3"
"Polska,sobota,09:57,2"
"Polska,niedziela,08:07,1"
"Polska,niedziela,06:37,1"
"Polska,niedziela,08:10,2"
"Polska,niedziela,06:45,1"
"Polska,niedziela,10:50,1"
"Polska,niedziela,11:00,2"
"Polska,poniedzialek,22:28,1"
"Polska,niedziela,09:58,2"
"Polska,poniedzialek,02:12,1"
"Polska,niedziela,06:29,1"
"Polska,niedziela,02:17,4"
"Polska,wtorek,13:43,3"
"Polska,niedziela,00:51,2"
"Polska,wtorek,02:19,1"
"Polska,niedziela,22:22,3"
"Polska,niedziela,10:22,2"
"Polska,niedziela,15:08,1"
"Polska,wtorek,09:39,3"
"Polska,niedziela,01:26,2"
"Polska,wtorek,21:33,1"
"Polska,niedziela,05:26,1"
"Polska,niedziela,07:56,1"
"Polska,niedziela,09:38,1"
"Polska,niedziela,09:17,1"
"Polska,sobota,15:46,1"
"Polska,piatek,21:04,2"
"Polska,czwartek,23:56,1"
"Polska,niedziela,08:00,1"
"Polska,niedziela,06:45,1"
"Polska,piatek,05:09,1"
"Polska,poniedzialek,18:44,1"
"Polska,niedziela,09:01,1"
"Polska,niedziela,09:46,3"
"Polska,niedziela,12:51,2"
"Polska,niedziela,08:11,1"
"Polska,niedziela,15:39,1"
"Polska,piatek,18:48,1"
"Polska,poniedzialek,16:26,1"
"Polska,wtorek,23:02,1"
"Polska,niedziela,14:57,1"
"Polska,niedziela,02:39,1"
"Polska,niedziela,09:07,1"
"Polska,niedziela,08:52,1"
"Polska,niedziela,00:54,1"
"Polska,niedziela,00:45,1"
"Polska,poniedzialek,08:17,1"
"Polska,sobota,22:22,1"
"Polska,niedziela,12:42,1"
"Polska,niedziela,00:58,3"
"Polska,piatek,06:53,2"
"Polska,niedziela,01:27,1"
"Polska,niedziela,01:13,1"
"Polska,niedziela,08:07,1"
"Polska,niedziela,08:27,1"
"Polska,niedziela,08:01,1"
"Polska,niedziela,14:59,1"
"Polska,niedziela,11:07,1"
"Polska,niedziela,13:24,1"
"Polska,niedziela,09:25,2"
"Polska,niedziela,08:49,1"
"Polska,niedziela,09:25,2"
"Polska,niedziela,08:49,1"
"Polska,niedziela,08:59,1"
"Polska,niedziela,19:38,1"
"Polska,niedziela,09:28,3"
"Polska,wtorek,14:51,2"
"Polska,niedziela,13:49,1"
"Polska,niedziela,08:44,1"
"Polska,niedziela,08:33,1"
"Polska,niedziela,10:40,2"
"Polska,sroda,08:29,1"
"Polska,czwartek,20:49,2"
"Polska,piatek,16:35,1"
"Polska,poniedzialek,07:29,1"
"Polska,piatek,22:42,1"
"Polska,poniedzialek,14:54,2"
"Polska,wtorek,08:31,1"
"Polska,sobota,21:21,1"
"Polska,wtorek,13:52,1"
"Polska,piatek,20:16,1"
"Polska,niedziela,01:48,2"
"Polska,niedziela,06:05,1"
"Polska,piatek,08:15,1"
"Polska,niedziela,09:02,1"
"Polska,niedziela,10:30,1"
"Polska,niedziela,10:07,1"
"Polska,niedziela,08:55,1"
"Polska,poniedzialek,00:01,2"
"Polska,niedziela,12:21,1"
"Polska,niedziela,10:53,1"
"Polska,niedziela,09:05,2"
"Polska,niedziela,08:07,1"
"Polska,niedziela,15:23,1"
"Polska,niedziela,10:02,2"
"Polska,niedziela,07:36,1"
"Polska,niedziela,07:53,1"
"Polska,niedziela,06:56,1"
"Polska,wtorek,23:00,1"
"Polska,niedziela,10:14,1"
"Polska,wtorek,11:05,1"
"Polska,czwartek,10:09,1"
"Polska,piatek,00:21,1"
"Polska,piatek,09:11,1"
"Polska,piatek,08:13,1"
"Polska,piatek,14:38,1"
"Polska,niedziela,00:49,1"
"Polska,niedziela,06:50,1"
"Polska,niedziela,07:58,2"
"Polska,niedziela,07:58,1"
"Polska,niedziela,09:06,1"
"Polska,niedziela,08:23,1"
"Polska,niedziela,07:32,1"
"Polska,poniedzialek,21:25,1"
"Polska,poniedzialek,17:22,2"
"Polska,wtorek,00:00,1"
"Polska,niedziela,12:20,1"
"Polska,niedziela,10:37,1"
"Polska,niedziela,06:44,1"
"Polska,niedziela,08:24,1"
"Polska,niedziela,07:36,1"
"Polska,niedziela,09:29,1"
"Polska,niedziela,17:27,1"
"Polska,niedziela,22:12,1"
"Polska,niedziela,02:52,2"
"Polska,niedziela,20:19,1"
"Polska,niedziela,18:48,3"
"Polska,sroda,22:48,2"
"Polska,niedziela,10:57,1"
"Polska,niedziela,17:10,1"
"Polska,niedziela,08:06,1"
"Polska,sroda,09:23,1"
"Polska,poniedzialek,09:14,1"
"Kenya,niedziela,07:07,1"
"Kenya,niedziela,09:48,1"
"Kenya,niedziela,07:06,1"
"Kenya,niedziela,06:27,1"
"Kenya,niedziela,09:03,1"
"Kenya,niedziela,02:51,1"
"Kenya,niedziela,08:38,1"
"Kenya,niedziela,08:17,1"
"Kenya,niedziela,08:53,1"
"Kenya,niedziela,06:42,1"
"Kenya,niedziela,06:59,2"
"Kenya,piatek,18:37,1"
"Kenya,niedziela,11:12,1"
"Kenya,piatek,22:31,1"
"Kenya,poniedzialek,20:02,1"
"Kenya,poniedzialek,22:52,1"
"Kenya,niedziela,19:22,1"
"Kenya,czwartek,18:56,2"
"Kenya,niedziela,04:23,1"
"Kenya,niedziela,20:22,1"
"Kenya,niedziela,22:41,1"
"Kenya,wtorek,21:31,2"
"Kenya,niedziela,08:43,1"
"Kenya,poniedzialek,15:22,1"
"Kenya,wtorek,15:05,1"
"Kenya,niedziela,22:53,2"
"Kenya,poniedzialek,15:39,1"
"Kenya,niedziela,08:22,1"
"Kenya,niedziela,14:35,1"
"Kenya,poniedzialek,21:07,1"
"Kenya,niedziela,08:45,1"
"Kenya,niedziela,09:25,1"
"Kenya,niedziela,07:16,1"
"Kenya,niedziela,08:16,1"
"Kenya,niedziela,07:25,1"
"Kenya,niedziela,08:31,1"
"Kenya,niedziela,15:09,1"
"Kenya,niedziela,09:56,1"
"Kenya,niedziela,10:05,1"
"Kenya,niedziela,09:29,1"
"Kenya,niedziela,09:30,3"
"Kenya,sroda,13:30,2"
"Kenya,czwartek,15:16,1"
"Kenya,niedziela,11:16,1"
"Kenya,niedziela,10:31,1"
"Kenya,niedziela,09:10,1"
"Kenya,niedziela,08:29,1"
"Kenya,poniedzialek,20:58,1"
"Kenya,niedziela,02:53,1"
"Kenya,niedziela,06:12,1"
"Kenya,niedziela,02:48,1"
"Kenya,niedziela,08:17,1"
"Kenya,niedziela,07:49,1"
"Kenya,niedziela,08:31,1"
"Kenya,niedziela,09:17,2"
"Kenya,niedziela,10:30,1"
"Kenya,niedziela,06:26,1"
"Kenya,niedziela,02:08,1"
"Kenya,niedziela,11:53,1"
"Kenya,poniedzialek,09:21,1"
"Kenya,niedziela,18:23,1"
"Kenya,niedziela,12:20,1"
"Kenya,sroda,12:32,2"
"Kenya,piatek,21:34,1"
"Kenya,niedziela,09:34,1"
"Kenya,niedziela,19:33,1"
"Kenya,sobota,23:13,1"
"Kenya,niedziela,11:46,1"
"Kenya,niedziela,11:02,1"
"Kenya,niedziela,13:35,1"
"Kenya,niedziela,17:09,1"
"Kenya,wtorek,08:22,1"
"Kenya,poniedzialek,22:09,1"
"Kenya,niedziela,03:35,1"
"Kenya,niedziela,07:20,1"
"Kenya,niedziela,08:52,1"
"Kenya,niedziela,02:58,1"
"Kenya,niedziela,06:44,1"
"Kenya,sobota,06:58,1"
"Kenya,niedziela,01:47,2"
"Kenya,niedziela,03:15,1"
"Kenya,poniedzialek,01:23,1"
"Kenya,wtorek,08:03,1"
"Kenya,poniedzialek,08:27,1"
"Kenya,niedziela,09:55,1"
"Kenya,niedziela,04:01,1"
"Kenya,sobota,16:49,1"
"Kenya,niedziela,09:38,2"
"Kenya,niedziela,08:29,1"
"Kenya,niedziela,08:31,1"
"Kenya,sroda,14:45,1"
"Kenya,niedziela,09:50,1"
"Kenya,niedziela,08:37,1"
"Kenya,niedziela,21:28,1"
"Kenya,poniedzialek,12:59,1"
"Kenya,poniedzialek,11:19,1"
"Kenya,niedziela,08:43,1"
"Kenya,niedziela,16:50,1"
"Kenya,niedziela,08:59,1"
"Kenya,poniedzialek,09:16,1"
"Kenya,poniedzialek,09:49,1"
"Kenya,czwartek,15:14,2"
"Kenya,niedziela,07:48,1"
"Kenya,sroda,13:31,1"
"Kenya,niedziela,08:54,1"
"Kenya,niedziela,08:18,1"
"Kenya,niedziela,10:44,1"
"Kenya,niedziela,07:28,1"
"Kenya,niedziela,07:57,1"
"Kenya,niedziela,08:14,1"
"Kenya,niedziela,09:32,1"
"Kenya,niedziela,09:19,1"
"Kenya,niedziela,08:50,1"
"Kenya,niedziela,08:59,1"
"Kenya,poniedzialek,23:43,1"
"Kenya,niedziela,10:57,1"
"Kenya,niedziela,10:04,1"
"Kenya,poniedzialek,23:45,1"
"Kenya,niedziela,09:43,2"
"Kenya,piatek,15:59,1"
"Kenya,niedziela,11:10,2"
"Kenya,niedziela,13:23,1"
"Kenya,niedziela,08:06,1"
"Kenya,niedziela,10:39,1"
"Kenya,niedziela,09:00,2"
"Kenya,niedziela,05:54,1"
"Kenya,sobota,11:55,1"
"Kenya,niedziela,11:04,1"
"Kenya,poniedzialek,08:15,1"
"Kenya,niedziela,10:27,1"
"Kenya,niedziela,15:50,1"
"Kenya,niedziela,11:49,2"
"Kenya,niedziela,11:39,1"
"Kenya,niedziela,11:18,1"
"Kenya,niedziela,10:50,1"
"Kenya,niedziela,11:25,1"
"Kenya,niedziela,10:37,1"
"Kenya,niedziela,10:42,2"
"Kenya,sroda,06:08,1"
"Kenya,niedziela,12:17,2"
"Kenya,niedziela,16:51,1"
"Kenya,niedziela,10:26,1"
"Kenya,niedziela,11:27,1"
"Kenya,niedziela,09:43,2"
"Kenya,piatek,15:00,1"
"Kenya,poniedzialek,06:49,1"
"Kenya,niedziela,12:27,1"
"Kenya,niedziela,07:30,1"
"Kenya,wtorek,19:51,1"
"Kenya,niedziela,09:06,1"
"Kenya,piatek,07:59,1"
"Kenya,niedziela,08:48,1"
"Kenya,niedziela,22:27,1"
"Kenya,poniedzialek,10:29,1"
"Kenya,niedziela,12:00,1"
"Kenya,niedziela,12:41,2"
"Kenya,niedziela,14:53,1"
"Kenya,poniedzialek,09:47,2"
"Kenya,niedziela,10:24,1"
"Kenya,niedziela,09:17,1"
"Kenya,niedziela,08:16,1"
"Kenya,poniedzialek,13:31,1"
"Kenya,niedziela,17:37,1"
"Kenya,niedziela,10:30,1"
"Kenya,niedziela,15:16,1"
"Kenya,niedziela,10:17,1"
"Kenya,niedziela,17:03,1"
"Kenya,niedziela,18:38,1"
"Kenya,niedziela,03:46,1"
"Kenya,niedziela,01:58,1"
"Kenya,niedziela,16:36,1"
"Kenya,poniedzialek,00:14,2"
"Kenya,niedziela,08:03,1"
"Kenya,niedziela,17:09,1"
"Kenya,niedziela,04:26,1"
"Kenya,niedziela,18:55,1"
"Kenya,niedziela,01:57,1"
"Kenya,niedziela,04:08,1"
"Kenya,niedziela,16:32,1"
"Kenya,niedziela,06:46,2"
"Kenya,niedziela,11:43,1"
"Kenya,niedziela,08:24,1"
"Kenya,niedziela,05:16,1"
"Kenya,niedziela,09:49,2"
"Kenya,niedziela,01:44,1"
"Kenya,niedziela,09:55,1"
"Kenya,niedziela,09:01,2"
"Kenya,piatek,18:07,1"
"Kenya,niedziela,07:04,1"
"Kenya,niedziela,07:58,1"
"Kenya,niedziela,06:27,1"
"Kenya,czwartek,17:41,1"
"Kenya,wtorek,09:49,1"
"Kenya,sobota,09:19,1"
"Kenya,piatek,23:17,1"
"Kenya,niedziela,17:44,1"
"Kenya,piatek,23:39,1"
"Kenya,niedziela,12:48,1"
"Kenya,niedziela,09:50,1"
"Kenya,niedziela,07:53,1"
"Kenya,niedziela,08:20,1"
"Kenya,niedziela,11:55,1"
"Kenya,niedziela,18:27,2"
"Kenya,niedziela,15:37,1"
"Kenya,niedziela,11:24,1"
"Kenya,piatek,16:08,1"
"Kenya,niedziela,11:05,1"
"Kenya,niedziela,08:34,1"
"Kenya,niedziela,18:21,1"
"Kenya,niedziela,17:25,1"
"Kenya,niedziela,20:00,1"
"Kenya,niedziela,14:17,1"
"Kenya,niedziela,15:14,1"
"Kenya,niedziela,09:23,1"
"Kenya,niedziela,12:30,1"
"Kenya,niedziela,10:32,1"
"Kenya,niedziela,08:19,1"
"Kenya,niedziela,08:41,1"
"Kenya,niedziela,10:22,1"
"Kenya,wtorek,07:25,1"
"Kenya,sobota,20:30,2"
"Kenya,piatek,15:57,1"
"Kenya,niedziela,15:54,2"
"Kenya,niedziela,10:39,1"
"Kenya,poniedzialek,06:37,2"
"Kenya,niedziela,07:37,1"
"Kenya,poniedzialek,19:20,1"
"Kenya,sobota,16:57,1"
"Kenya,sroda,15:59,1"
"Kenya,niedziela,17:10,2"
"Kenya,niedziela,06:04,1"
"Kenya,poniedzialek,19:19,2"
"Kenya,niedziela,09:41,1"
"Kenya,sroda,17:44,2"
"Kenya,niedziela,01:44,1"
"Kenya,poniedzialek,00:25,3"
"Kenya,niedziela,07:15,2"
"Kenya,sroda,00:28,1"
"Kenya,poniedzialek,18:29,1"
"Kenya,wtorek,18:26,1"
"Kenya,poniedzialek,19:53,1"
"Kenya,poniedzialek,23:08,1"
"Kenya,poniedzialek,07:34,1"
"Kenya,niedziela,07:15,1"
"Kenya,niedziela,07:11,1"
"Kenya,niedziela,06:43,1"
"Kenya,niedziela,07:47,2"
"Kenya,piatek,22:02,1"
"Kenya,niedziela,08:03,1"
"Kenya,niedziela,09:45,1"
"Kenya,niedziela,06:54,1"
"Kenya,niedziela,06:43,1"
"Kenya,niedziela,05:49,1"
"Kenya,niedziela,06:41,1"
"Kenya,niedziela,05:32,1"
"Kenya,piatek,10:42,1"
"Kenya,sroda,21:46,1"
"Kenya,sobota,07:43,1"
"Kenya,niedziela,14:47,1"
"Kenya,wtorek,18:51,3"
"Kenya,niedziela,06:23,2"
"Kenya,czwartek,15:22,1"
"Kenya,poniedzialek,21:01,2"
"Kenya,niedziela,11:19,1"
"Kenya,wtorek,17:42,1"
"Kenya,sroda,11:39,1"
"Kenya,poniedzialek,22:17,1"
"Kenya,wtorek,19:10,2"
"Kenya,piatek,23:51,1"
"Kenya,poniedzialek,22:02,2"
"Kenya,niedziela,01:44,1"
"Kenya,sroda,18:56,1"
"Kenya,sroda,23:21,1"
"Kenya,czwartek,12:05,2"
"Kenya,niedziela,09:07,1"
"Kenya,wtorek,11:11,1"
"Kenya,niedziela,15:50,1"
"Kenya,wtorek,00:23,2"
"Kenya,niedziela,07:26,1"
"Kenya,piatek,15:45,2"
"Kenya,niedziela,11:25,1"
"Kenya,poniedzialek,16:40,1"
"Kenya,poniedzialek,08:43,1"
"Kenya,niedziela,10:23,1"
"Kenya,sroda,11:37,2"
"Kenya,niedziela,08:11,1"
"Kenya,piatek,15:32,1"
"Kenya,sobota,09:50,2"
"Kenya,piatek,16:14,1"
"Kenya,niedziela,08:40,1"
"Kenya,niedziela,10:02,1"
"Kenya,niedziela,14:58,1"
"Kenya,niedziela,11:18,2"
"Kenya,niedziela,18:35,1"
"Kenya,niedziela,17:14,1"
"Kenya,wtorek,08:25,3"
"Kenya,niedziela,11:02,2"
"Kenya,czwartek,10:24,1"
"Kenya,wtorek,16:11,1"
"Kenya,niedziela,18:09,1"
"Kenya,niedziela,12:32,2"
"Kenya,niedziela,10:51,1"
"Kenya,niedziela,19:51,2"
"Kenya,niedziela,09:28,1"
"Kenya,niedziela,18:35,1"
"Kenya,niedziela,11:01,1"
"Kenya,niedziela,09:36,1"
"Kenya,niedziela,06:48,1"
"Kenya,niedziela,20:26,1"
"Kenya,niedziela,17:33,1"
"Kenya,niedziela,07:46,1"
"Kenya,niedziela,06:36,1"
"Kenya,niedziela,07:09,1"
"Kenya,niedziela,07:16,2"
"Kenya,poniedzialek,09:34,1"
"Kenya,niedziela,09:40,1"
"Kenya,niedziela,07:10,1"
"Kenya,piatek,07:35,1"
"Kenya,niedziela,07:44,1"
"Kenya,wtorek,07:47,2"
"Kenya,niedziela,10:24,1"
"Kenya,sroda,05:13,1"
"Kenya,czwartek,13:19,1"
"Kenya,poniedzialek,08:25,1"
"Kenya,wtorek,13:56,1"
"Kenya,wtorek,07:48,2"
"Kenya,niedziela,08:07,1"
"Kenya,poniedzialek,09:44,1"
"Kenya,czwartek,05:09,1"
"Kenya,poniedzialek,15:28,1"
"Kenya,wtorek,05:43,1"
"Kenya,wtorek,05:31,1"
"Kenya,czwartek,07:47,1"
"Kenya,poniedzialek,10:50,1"
"Kenya,niedziela,07:51,1"
"Kenya,niedziela,09:31,1"
"Kenya,niedziela,02:02,2"
"Kenya,poniedzialek,20:05,1"
"Kenya,niedziela,09:22,1"
"Kenya,niedziela,08:52,1"
"Kenya,niedziela,10:42,1"
"Kenya,niedziela,10:04,1"
"Kenya,niedziela,02:13,1"
"Kenya,niedziela,09:09,1"
"Kenya,niedziela,06:41,1"
"Kenya,niedziela,08:23,1"
"Kenya,niedziela,09:17,1"
"Kenya,niedziela,09:07,3"
"Kenya,piatek,21:54,2"
"Kenya,niedziela,08:08,1"
"Kenya,niedziela,15:37,1"
"Kenya,niedziela,09:45,1"
"Kenya,niedziela,10:01,1"
"Kenya,niedziela,14:36,1"
"Kenya,niedziela,11:23,1"
"Kenya,niedziela,08:41,1"
"Kenya,niedziela,11:17,2"
"Kenya,niedziela,09:43,1"
"Kenya,sobota,22:50,1"
"Kenya,niedziela,02:09,1"
"Kenya,niedziela,14:58,1"
"Kenya,niedziela,09:32,1"
"Kenya,niedziela,11:22,2"
"Kenya,piatek,19:16,1"
"Kenya,niedziela,10:48,1"
"Kenya,niedziela,09:51,1"
"Kenya,piatek,23:53,1"
"Kenya,wtorek,13:07,1"
"Kenya,piatek,21:15,1"
"Kenya,sroda,10:11,1"
"Kenya,wtorek,21:30,1"
"Kenya,wtorek,23:43,1"
"Kenya,wtorek,17:42,1"
"Kenya,czwartek,09:49,2"
"Kenya,poniedzialek,14:15,1"
"Kenya,sobota,00:03,1"
"Kenya,wtorek,22:34,2"
"Kenya,niedziela,13:40,1"
"Kenya,niedziela,00:26,1"
"Kenya,poniedzialek,11:12,2"
"Kenya,poniedzialek,21:14,1"
"Kenya,sroda,21:55,1"
"Kenya,niedziela,23:18,2"
"Kenya,sroda,17:20,1"
"Kenya,sobota,22:35,1"
"Kenya,czwartek,22:57,2"
"Kenya,niedziela,02:31,1"
"Kenya,poniedzialek,17:59,1"
"Kenya,niedziela,08:25,1"
"Kenya,niedziela,01:47,1"
"Kenya,niedziela,10:15,2"
"Kenya,niedziela,11:33,1"
"Kenya,niedziela,06:58,2"
"Kenya,sobota,07:30,1"
"Kenya,poniedzialek,19:14,1"
"Kenya,niedziela,12:34,1"
"Kenya,niedziela,10:22,2"
"Kenya,wtorek,19:01,1"
"Kenya,poniedzialek,22:14,1"
"Kenya,niedziela,18:21,1"
"Kenya,niedziela,23:11,1"
"Kenya,niedziela,11:36,1"
"Kenya,niedziela,09:48,1"
"Kenya,niedziela,10:11,1"
"Kenya,niedziela,21:11,1"
"Kenya,niedziela,10:38,2"
"Kenya,sroda,18:05,1"
"Kenya,niedziela,12:33,1"
"Kenya,niedziela,11:53,1"
"Kenya,niedziela,10:31,1"
"Kenya,niedziela,11:18,1"
"Kenya,wtorek,10:58,1"
"Kenya,wtorek,09:35,2"
"Kenya,niedziela,11:21,1"
"Kenya,niedziela,12:25,1"
"Kenya,poniedzialek,07:59,1"
"Kenya,niedziela,13:50,1"
"Kenya,niedziela,11:00,1"
"Kenya,wtorek,10:01,2"
"Kenya,niedziela,09:55,1"
"Kenya,niedziela,09:20,1"
"Kenya,niedziela,16:56,1"
"Kenya,poniedzialek,10:12,1"
"Kenya,niedziela,20:25,1"
"Kenya,niedziela,22:34,1"
"Kenya,poniedzialek,14:25,2"
"Kenya,wtorek,21:57,1"
"Kenya,niedziela,20:11,1"
"Kenya,niedziela,20:01,1"
"Kenya,poniedzialek,09:52,1"
"Kenya,poniedzialek,15:46,2"
"Kenya,sroda,08:22,1"
"Kenya,czwartek,17:27,1"
"Kenya,poniedzialek,20:12,1"
"Kenya,niedziela,17:25,1"
"Kenya,czwartek,21:33,1"
"Kenya,niedziela,11:37,1"
"Kenya,niedziela,09:37,1"
"Kenya,niedziela,21:03,1"
"Kenya,sobota,09:24,1"
"Kenya,sobota,09:46,1"
"Kenya,niedziela,11:04,1"
"Kenya,sobota,14:33,2"
"Kenya,niedziela,07:48,1"
"Kenya,wtorek,08:25,1"
"Kenya,niedziela,10:08,1"
"Kenya,niedziela,03:14,1"
"Kenya,niedziela,10:45,1"
"Kenya,niedziela,09:37,1"
"Kenya,niedziela,09:54,1"
"Kenya,niedziela,11:19,1"
"Kenya,niedziela,10:51,1"
"Kenya,niedziela,10:50,1"
"Kenya,niedziela,08:11,1"
"Kenya,niedziela,13:36,1"
"Kenya,poniedzialek,21:05,1"
"Kenya,sobota,01:59,1"
"Kenya,poniedzialek,07:29,1"
"Kenya,czwartek,04:53,1"
"Kenya,poniedzialek,20:36,2"
"Kenya,niedziela,12:04,1"
"Kenya,czwartek,15:13,1"
"Kenya,niedziela,17:16,2"
"Kenya,niedziela,11:45,1"
"Kenya,piatek,05:09,1"
"Kenya,poniedzialek,12:32,1"
"Kenya,czwartek,15:10,1"
"Kenya,poniedzialek,13:52,1"
"Kenya,wtorek,01:02,1"
"Kenya,sobota,07:59,1"
"Kenya,czwartek,09:24,2"
"Kenya,niedziela,15:28,1"
"Kenya,sroda,06:08,1"
"Kenya,wtorek,23:48,1"
"Kenya,poniedzialek,16:26,1"
"Kenya,poniedzialek,20:06,1"
"Kenya,niedziela,15:29,1"
"Kenya,niedziela,01:48,1"
"Kenya,poniedzialek,12:06,1"
"Kenya,poniedzialek,09:56,1"
"Kenya,sroda,21:21,1"
"Kenya,niedziela,07:18,1"
"Kenya,sobota,11:54,2"
"Kenya,niedziela,08:41,1"
"Kenya,piatek,20:49,1"
"Kenya,sobota,08:06,1"
"Kenya,sobota,09:22,2"
"Kenya,niedziela,23:15,1"
"Kenya,sobota,10:17,1"
"Kenya,sobota,15:24,1"
"Kenya,sobota,11:44,2"
"Kenya,poniedzialek,07:35,1"
"Kenya,sobota,11:35,1"
"Kenya,sobota,16:07,1"
"Kenya,sobota,10:21,1"
"Kenya,czwartek,21:05,1"
"Kenya,sobota,08:29,1"
"Kenya,niedziela,16:58,1"
"Kenya,poniedzialek,09:35,2"
"Kenya,niedziela,09:27,1"
"Kenya,wtorek,09:48,1"
"Kenya,wtorek,10:13,1"
"Kenya,niedziela,07:27,1"
"Kenya,niedziela,08:17,1"
"Kenya,niedziela,08:58,1"
"Kenya,niedziela,11:14,1"
"Kenya,niedziela,08:14,1"
"Kenya,niedziela,01:45,1"
"Kenya,niedziela,21:34,1"
"Kenya,niedziela,09:08,1"
"Kenya,niedziela,06:07,2"
"Kenya,sroda,15:39,1"
"Kenya,niedziela,08:12,1"
"Kenya,niedziela,07:15,1"
"Kenya,poniedzialek,00:57,1"
"Kenya,poniedzialek,16:40,1"
"Kenya,poniedzialek,23:29,1"
"Kenya,niedziela,22:12,2"
"Kenya,niedziela,06:52,1"
"Kenya,poniedzialek,04:23,1"
"Kenya,poniedzialek,19:29,1"
"Kenya,wtorek,11:27,1"
"Kenya,wtorek,11:05,1"
"Kenya,poniedzialek,11:01,1"
"Kenya,poniedzialek,16:39,1"
"Kenya,czwartek,14:37,1"
"Kenya,poniedzialek,10:54,1"
"Kenya,sobota,14:03,1"
"Kenya,wtorek,11:07,1"
"Kenya,wtorek,14:45,1"
"Kenya,czwartek,15:38,1"
"Kenya,czwartek,10:31,1"
"Kenya,piatek,11:45,1"
"Kenya,niedziela,10:37,1"
"Kenya,niedziela,17:19,1"
"Kenya,niedziela,10:18,1"
"Kenya,niedziela,11:21,1"
"Kenya,niedziela,10:13,1"
"Kenya,niedziela,09:17,1"
"Kenya,niedziela,09:54,1"
"Kenya,niedziela,10:22,1"
"Kenya,niedziela,10:12,1"
"Kenya,niedziela,10:09,1"
"Kenya,niedziela,08:56,1"
"Kenya,niedziela,10:53,2"
"Kenya,niedziela,10:09,1"
"Kenya,niedziela,01:59,1"
"Kenya,niedziela,11:17,1"
"Kenya,niedziela,10:23,1"
"Kenya,poniedzialek,21:23,2"
"Kenya,niedziela,12:14,1"
"Kenya,wtorek,11:07,1"
"Kenya,niedziela,12:35,1"
"Kenya,poniedzialek,08:17,1"
"Kenya,niedziela,10:44,1"
"Kenya,niedziela,15:14,1"
"Kenya,poniedzialek,08:26,1"
"Kenya,wtorek,08:07,1"
"Kenya,niedziela,07:57,2"
"Kenya,poniedzialek,13:26,1"
"Kenya,niedziela,13:41,1"
"Kenya,niedziela,09:30,1"
"Kenya,poniedzialek,08:31,1"
"Kenya,poniedzialek,12:23,3"
"Kenya,niedziela,08:27,2"
"Kenya,niedziela,08:35,1"
"Kenya,poniedzialek,08:40,1"
"Kenya,poniedzialek,14:54,2"
"Kenya,niedziela,07:33,1"
"Kenya,niedziela,18:01,1"
"Kenya,niedziela,12:32,1"
"Kenya,niedziela,12:56,1"
"Kenya,niedziela,20:04,1"
"Kenya,niedziela,14:23,1"
"Kenya,poniedzialek,10:06,1"
"Kenya,wtorek,08:42,1"
"Kenya,niedziela,21:20,1"
"Kenya,niedziela,21:09,1"
"Kenya,poniedzialek,14:56,2"
"Kenya,niedziela,09:24,1"
"Kenya,niedziela,07:06,1"
"Kenya,niedziela,18:09,1"
"Kenya,poniedzialek,03:20,1"
"Kenya,wtorek,11:38,3"
"Kenya,niedziela,11:04,2"
"Kenya,sobota,05:59,1"
"Kenya,wtorek,06:19,1"
"Kenya,sroda,06:09,1"
"Kenya,wtorek,06:14,2"
"Kenya,niedziela,07:48,1"
"Kenya,sroda,06:09,1"
"Kenya,sroda,06:15,1"
"Kenya,piatek,06:04,1"
"Kenya,sroda,05:57,1"
"Kenya,niedziela,09:15,1"
"Kenya,wtorek,08:39,1"
"Kenya,sroda,10:10,1"
"Kenya,wtorek,06:20,1"
"Kenya,wtorek,06:26,1"
"Kenya,sroda,06:42,1"
"Kenya,poniedzialek,20:49,1"
"Kenya,niedziela,07:00,1"
"Kenya,niedziela,09:10,2"
"Kenya,wtorek,01:36,1"
"Kenya,niedziela,06:08,1"
"Kenya,niedziela,08:03,1"
"Kenya,niedziela,08:04,1"
"Kenya,niedziela,06:08,1"
"Kenya,niedziela,08:23,2"
"Kenya,czwartek,11:47,1"
"Kenya,niedziela,08:16,1"
"Kenya,niedziela,08:12,1"
"Kenya,niedziela,02:18,2"
"Kenya,niedziela,10:31,1"
"Kenya,niedziela,06:23,1"
"Kenya,niedziela,08:02,1"
"Kenya,niedziela,08:47,1"
"Kenya,niedziela,06:46,1"
"Kenya,niedziela,08:34,1"
"Kenya,niedziela,08:52,1"
"Kenya,niedziela,08:11,1"
"Kenya,niedziela,09:36,3"
"Kenya,piatek,18:14,2"
"Kenya,niedziela,13:04,1"
"Kenya,niedziela,03:30,1"
"Kenya,niedziela,08:54,1"
"Kenya,niedziela,07:56,1"
"Kenya,niedziela,08:40,1"
"Kenya,niedziela,09:08,2"
"Kenya,niedziela,02:37,1"
"Kenya,niedziela,09:47,1"
"Kenya,czwartek,22:11,1"
"Kenya,czwartek,23:49,1"
"Kenya,sroda,09:32,1"
"Kenya,poniedzialek,15:26,2"
"Kenya,niedziela,10:42,1"
"Kenya,wtorek,15:03,1"
"Kenya,sroda,22:18,1"
"Kenya,czwartek,21:25,1"
"Kenya,czwartek,22:42,1"
"Kenya,czwartek,12:55,2"
"Kenya,niedziela,17:11,1"
"Kenya,poniedzialek,23:22,1"
"Kenya,sroda,14:30,1"
"Kenya,niedziela,01:51,2"
"Kenya,sobota,00:10,1"
"Kenya,niedziela,01:44,1"
"Kenya,niedziela,07:07,1"
"Kenya,niedziela,01:44,1"
"Kenya,niedziela,06:35,1"
"Kenya,niedziela,07:17,1"
"Kenya,niedziela,02:22,1"
"Kenya,niedziela,01:44,1"
"Kenya,niedziela,06:44,1"
"Kenya,niedziela,03:55,1"
"Kenya,poniedzialek,02:56,1"
"Kenya,niedziela,03:36,1"
"Kenya,niedziela,04:57,2"
"Kenya,sroda,08:11,1"
"Kenya,niedziela,03:49,1"
"Kenya,niedziela,05:56,1"
"Kenya,niedziela,05:32,1"
"Kenya,niedziela,04:17,1"
"Kenya,niedziela,06:44,2"
"Kenya,niedziela,11:56,1"
"Kenya,niedziela,04:15,1"
"Kenya,niedziela,02:16,1"
"Kenya,niedziela,05:19,1"
"Kenya,niedziela,09:44,2"
"Kenya,niedziela,10:40,1"
"Kenya,niedziela,12:55,1"
"Kenya,niedziela,11:39,1"
"Kenya,niedziela,04:17,1"
"Kenya,niedziela,06:03,2"
"Kenya,niedziela,09:18,1"
"Kenya,niedziela,01:44,2"
"Kenya,niedziela,22:29,1"
"Kenya,niedziela,22:44,1"
"Kenya,czwartek,10:14,1"
"Kenya,poniedzialek,13:56,1"
"Kenya,poniedzialek,18:46,1"
"Kenya,poniedzialek,18:43,2"
"Kenya,wtorek,17:11,1"
"Kenya,poniedzialek,18:52,2"
"Kenya,niedziela,08:24,1"
"Kenya,poniedzialek,10:37,1"
"Kenya,poniedzialek,17:00,1"
"Kenya,wtorek,15:08,1"
"Kenya,poniedzialek,13:28,1"
"Kenya,piatek,20:14,1"
"Kenya,sobota,15:53,2"
"Kenya,niedziela,06:22,1"
"Kenya,sobota,19:05,1"
"Kenya,sobota,13:06,1"
"Kenya,sobota,10:55,1"
"Kenya,sobota,14:37,1"
"Kenya,wtorek,17:52,1"
"Kenya,sobota,09:23,1"
"Kenya,sobota,09:47,1"
"Kenya,sobota,10:35,1"
"Kenya,wtorek,21:08,1"
"Kenya,sobota,01:31,1"
"Kenya,niedziela,17:32,1"
"Kenya,poniedzialek,19:32,1"
"Kenya,sroda,23:24,1"
"Kenya,niedziela,10:28,1"
"Kenya,poniedzialek,10:10,1"
"Kenya,poniedzialek,08:43,1"
"Kenya,poniedzialek,09:38,1"
"Kenya,piatek,09:23,1"
"Kenya,niedziela,11:22,1"
"Kenya,niedziela,08:58,1"
"Kenya,poniedzialek,08:22,1"
"Kenya,wtorek,20:58,1"
"Kenya,piatek,06:52,1"
"Kenya,niedziela,08:48,1"
"Kenya,sroda,06:40,1"
"Kenya,wtorek,07:23,1"
"Kenya,niedziela,09:51,1"
"Kenya,wtorek,21:22,1"
"Kenya,sroda,08:28,1"
"Kenya,niedziela,15:38,1"
"Kenya,poniedzialek,08:53,1"
"Kenya,poniedzialek,08:04,1"
"Kenya,czwartek,07:34,1"
"Kenya,czwartek,16:44,1"
"Kenya,sobota,09:31,2"
"Kenya,niedziela,11:28,1"
"Kenya,niedziela,08:10,1"
"Kenya,niedziela,07:31,2"
"Kenya,piatek,15:07,1"
"Kenya,niedziela,07:55,1"
"Kenya,niedziela,08:43,1"
"Kenya,niedziela,08:19,1"
"Kenya,niedziela,06:10,1"
"Kenya,wtorek,18:36,2"
"Kenya,niedziela,18:10,1"
"Kenya,niedziela,08:51,1"
"Kenya,niedziela,08:17,1"
"Kenya,niedziela,18:04,1"
"Kenya,niedziela,07:04,1"
"Kenya,niedziela,23:13,1"
"Kenya,sobota,22:39,1"
"Kenya,niedziela,08:07,1"
"Kenya,poniedzialek,10:13,1"
"Kenya,czwartek,18:28,1"
"Kenya,niedziela,08:55,2"
"Kenya,piatek,18:52,1"
"Kenya,niedziela,07:45,1"
"Kenya,niedziela,19:34,1"
"Kenya,czwartek,10:56,1"
"Kenya,niedziela,14:12,1"
"Kenya,niedziela,11:05,1"
"Kenya,niedziela,09:10,1"
"Kenya,niedziela,14:35,1"
"Kenya,poniedzialek,08:46,1"
"Kenya,piatek,19:51,1"
"Kenya,wtorek,08:20,1"
"Kenya,czwartek,08:09,1"
"Kenya,niedziela,03:11,2"
"Kenya,niedziela,06:17,1"
"Kenya,niedziela,10:10,1"
"Kenya,sroda,18:58,1"
"Kenya,niedziela,08:47,1"
"Kenya,piatek,06:59,1"
"Kenya,niedziela,11:52,1"
"Kenya,niedziela,10:57,1"
"Kenya,niedziela,18:36,1"
"Kenya,niedziela,09:06,1"
"Kenya,niedziela,08:36,1"
"Kenya,niedziela,08:28,1"
"Kenya,poniedzialek,07:13,1"
"Kenya,niedziela,08:13,1"
"Kenya,niedziela,20:31,1"
"Kenya,piatek,19:18,2"
"Kenya,wtorek,11:27,1"
"Kenya,niedziela,09:05,1"
"Kenya,niedziela,10:54,1"
"Kenya,niedziela,09:26,1"
"Kenya,niedziela,09:22,1"
"Kenya,niedziela,11:54,2"
"Kenya,niedziela,11:52,1"
"Kenya,niedziela,13:48,1"
"Kenya,niedziela,02:21,1"
"Kenya,niedziela,12:01,2"
"Kenya,sroda,06:08,1"
"Kenya,czwartek,02:36,2"
"Kenya,niedziela,07:17,1"
"Kenya,niedziela,15:22,1"
"Kenya,niedziela,03:08,1"
"Kenya,niedziela,15:31,1"
"Kenya,poniedzialek,02:36,1"
"Kenya,niedziela,02:27,1"
"Kenya,niedziela,11:48,1"
"Kenya,poniedzialek,09:25,1"
"Kenya,sroda,12:09,1"
"Kenya,wtorek,21:57,1"
"Kenya,czwartek,22:30,1"
"Kenya,niedziela,18:25,2"
"Kenya,niedziela,11:53,1"
"Kenya,niedziela,09:27,1"
"Kenya,piatek,15:51,1"
"Kenya,wtorek,04:41,1"
"Kenya,wtorek,11:44,1"
"Kenya,wtorek,14:52,1"
"Kenya,piatek,06:33,1"
"Kenya,wtorek,03:09,1"
"Kenya,sobota,13:40,1"
"Kenya,wtorek,10:41,1"
"Kenya,sobota,06:16,1"
"Kenya,piatek,03:19,1"
"Kenya,wtorek,09:06,1"
"Kenya,wtorek,15:26,1"
"Kenya,wtorek,06:36,1"
"Kenya,niedziela,06:33,1"
"Kenya,niedziela,07:28,1"
"Kenya,niedziela,07:03,1"
"Kenya,niedziela,06:22,2"
"Kenya,sobota,22:32,1"
"Kenya,niedziela,06:38,1"
"Kenya,niedziela,06:37,1"
"Kenya,niedziela,07:13,1"
"Kenya,niedziela,07:39,2"
"Kenya,niedziela,21:04,1"
"Kenya,niedziela,07:33,1"
"Kenya,niedziela,06:35,2"
"Kenya,niedziela,20:10,1"
"Kenya,niedziela,06:16,1"
"Kenya,niedziela,07:02,1"
"Kenya,niedziela,08:12,1"
"Kenya,niedziela,06:13,1"
"Kenya,sobota,09:22,1"
"Kenya,czwartek,15:22,1"
"Kenya,wtorek,01:10,1"
"Kenya,poniedzialek,11:43,1"
"Kenya,czwartek,13:12,1"
"Kenya,niedziela,23:44,1"
"Kenya,sroda,19:55,1"
"Kenya,niedziela,19:17,2"
"Kenya,niedziela,21:03,1"
"Kenya,czwartek,15:16,1"
"Kenya,niedziela,17:15,2"
"Kenya,niedziela,18:10,1"
"Kenya,sobota,14:53,1"
"Kenya,niedziela,13:00,1"
"Kenya,niedziela,12:09,1"
"Kenya,niedziela,06:49,1"
"Kenya,niedziela,06:26,1"
"Kenya,niedziela,06:11,1"
"Kenya,niedziela,06:08,1"
"Kenya,niedziela,06:10,1"
"Kenya,niedziela,11:07,1"
"Kenya,niedziela,06:40,1"
"Kenya,niedziela,08:32,1"
"Kenya,niedziela,09:38,3"
"Kenya,wtorek,06:18,2"
"Kenya,piatek,15:58,1"
"Kenya,niedziela,07:56,1"
"Kenya,niedziela,08:42,1"
"Kenya,niedziela,10:06,1"
"Kenya,niedziela,11:25,1"
"Kenya,niedziela,02:37,1"
"Kenya,niedziela,10:07,1"
"Kenya,niedziela,17:43,1"
"Kenya,niedziela,08:51,1"
"Kenya,niedziela,18:28,1"
"Kenya,niedziela,09:18,1"
"Kenya,niedziela,10:11,1"
"Kenya,wtorek,22:25,1"
"Kenya,niedziela,10:07,1"
"Kenya,sobota,08:51,1"
"Kenya,niedziela,12:39,3"
"Kenya,niedziela,09:10,2"
"Kenya,niedziela,08:43,1"
"Kenya,niedziela,08:36,1"
"Kenya,niedziela,09:28,1"
"Kenya,poniedzialek,07:32,1"
"Kenya,niedziela,07:53,1"
"Kenya,niedziela,08:06,2"
"Kenya,sobota,21:04,1"
"Kenya,poniedzialek,19:08,1"
"Kenya,niedziela,06:53,2"
"Kenya,niedziela,09:01,1"
"Kenya,niedziela,08:21,1"
"Kenya,niedziela,07:02,1"
"Kenya,niedziela,13:52,1"
"Kenya,niedziela,16:30,1"
"Kenya,niedziela,17:37,1"
"Kenya,poniedzialek,01:41,1"
"Kenya,sobota,22:46,1"
"Kenya,wtorek,22:50,1"
"Kenya,sobota,23:56,1"
"Kenya,sroda,21:39,1"
"Kenya,niedziela,23:37,1"
"Kenya,niedziela,14:53,1"
"Kenya,sroda,01:47,1"
"Kenya,niedziela,16:20,1"
"Kenya,niedziela,23:55,1"
"Kenya,niedziela,18:50,1"
"Kenya,niedziela,14:54,2"
"Kenya,piatek,12:32,1"
"Kenya,niedziela,02:52,1"
"Kenya,niedziela,01:45,2"
"Kenya,niedziela,03:34,1"
"Kenya,niedziela,02:55,1"
"Kenya,niedziela,02:52,1"
"Kenya,niedziela,04:51,2"
"Kenya,niedziela,06:23,1"
"Kenya,niedziela,02:16,1"
"Kenya,niedziela,05:01,1"
"Kenya,niedziela,01:53,1"
"Kenya,sobota,09:17,1"
"Kenya,poniedzialek,00:15,1"
"Kenya,sobota,00:16,1"
"Kenya,czwartek,06:39,1"
"Kenya,sroda,12:05,1"
"Kenya,poniedzialek,01:00,2"
"Kenya,niedziela,10:56,1"
"Kenya,piatek,16:15,1"
"Kenya,wtorek,23:21,1"
"Kenya,niedziela,08:17,1"
"Kenya,niedziela,12:05,1"
"Kenya,niedziela,07:46,2"
"Kenya,niedziela,02:53,1"
"Kenya,niedziela,08:20,2"
"Kenya,niedziela,06:37,1"
"Kenya,niedziela,13:02,1"
"Kenya,niedziela,09:24,1"
"Kenya,niedziela,09:33,1"
"Kenya,piatek,09:19,1"
"Kenya,czwartek,18:52,1"
"Kenya,poniedzialek,08:53,1"
"Kenya,niedziela,22:29,3"
"Kenya,poniedzialek,19:40,2"
"Kenya,czwartek,20:48,1"
"Kenya,niedziela,15:37,1"
"Kenya,piatek,07:50,2"
"Kenya,sobota,11:24,1"
"Kenya,niedziela,19:24,1"
"Kenya,sroda,16:21,2"
"Kenya,niedziela,10:13,1"
"Kenya,poniedzialek,13:26,1"
"Kenya,niedziela,08:31,1"
"Kenya,sobota,11:47,1"
"Kenya,czwartek,18:37,2"
"Kenya,niedziela,09:09,1"
"Kenya,czwartek,21:51,1"
"Kenya,piatek,17:37,1"
"Kenya,piatek,16:25,1"
"Kenya,piatek,19:25,1"
"Kenya,czwartek,23:36,1"
"Kenya,sroda,09:22,1"
"Kenya,sobota,12:45,1"
"Kenya,sroda,07:08,1"
"Kenya,sroda,14:00,1"
"Kenya,sroda,07:39,1"
"Kenya,niedziela,10:46,1"
"Kenya,czwartek,23:06,1"
"Kenya,sobota,15:00,2"
"Kenya,niedziela,06:44,1"
"Kenya,sroda,13:13,1"
"Kenya,sroda,07:55,3"
"Kenya,niedziela,04:54,2"
"Kenya,niedziela,03:52,1"
"Kenya,sroda,13:10,2"
"Kenya,niedziela,08:36,1"
"Kenya,sroda,14:53,2"
"Kenya,niedziela,10:57,1"
"Kenya,niedziela,02:53,1"
"Kenya,niedziela,22:22,1"
"Kenya,niedziela,07:50,1"
"Kenya,niedziela,02:57,1"
"Kenya,niedziela,09:31,1"
"Kenya,niedziela,02:21,1"
"Kenya,niedziela,05:51,1"
"Kenya,niedziela,10:04,1"
"Kenya,poniedzialek,07:53,1"
"Kenya,niedziela,10:19,1"
"Kenya,niedziela,08:29,1"
"Kenya,niedziela,15:49,1"
"Kenya,niedziela,15:49,1"
"Kenya,niedziela,15:28,1"
"Kenya,niedziela,10:18,1"
"Kenya,niedziela,08:35,1"
"Kenya,niedziela,10:39,1"
"Kenya,niedziela,07:49,1"
"Kenya,niedziela,16:09,2"
"Kenya,niedziela,08:12,1"
"Kenya,niedziela,11:25,1"
"Kenya,niedziela,08:26,1"
"Kenya,niedziela,10:48,1"
"Kenya,niedziela,10:51,1"
"Kenya,niedziela,10:33,1"
"Kenya,niedziela,09:01,1"
"Kenya,niedziela,09:03,1"
"Kenya,niedziela,17:50,1"
"Kenya,niedziela,04:15,1"
"Kenya,poniedzialek,16:27,1"
"Kenya,niedziela,09:57,1"
"Kenya,poniedzialek,09:00,1"
"Kenya,niedziela,10:24,1"
"Kenya,niedziela,09:58,2"
"Kenya,niedziela,04:56,1"
"Kenya,poniedzialek,17:36,1"
"Kenya,niedziela,14:16,1"
"Kenya,piatek,20:29,2"
"Kenya,niedziela,10:30,1"
"Kenya,niedziela,13:29,1"
"Kenya,niedziela,10:57,1"
"Kenya,niedziela,06:26,1"
"Kenya,niedziela,11:59,1"
"Kenya,niedziela,04:48,3"
"Kenya,niedziela,08:09,2"
"Kenya,piatek,14:17,1"
"Kenya,niedziela,07:16,1"
"Kenya,niedziela,07:04,1"
"Kenya,niedziela,07:31,1"
"Kenya,poniedzialek,22:05,1"
"Kenya,niedziela,08:03,1"
"Kenya,niedziela,07:11,1"
"Kenya,niedziela,08:17,1"
"Kenya,niedziela,07:13,1"
"Kenya,niedziela,05:57,1"
"Kenya,sobota,02:59,1"
"Kenya,niedziela,05:07,1"
"Kenya,poniedzialek,00:47,1"
"Kenya,czwartek,02:24,2"
"Kenya,niedziela,01:46,1"
"Kenya,poniedzialek,01:20,2"
"Kenya,niedziela,10:50,1"
"Kenya,niedziela,22:42,1"
"Kenya,sobota,08:33,1"
"Kenya,czwartek,01:40,1"
"Kenya,sobota,07:59,1"
"Kenya,czwartek,02:52,1"
"Kenya,sroda,22:32,1"
"Kenya,czwartek,00:21,1"
"Kenya,wtorek,09:02,1"
"Kenya,niedziela,09:29,1"
"Kenya,niedziela,09:49,2"
"Kenya,niedziela,09:08,1"
"Kenya,niedziela,15:18,1"
"Kenya,piatek,09:56,1"
"Kenya,niedziela,10:15,1"
"Kenya,niedziela,10:24,1"
"Kenya,niedziela,10:17,1"
"Kenya,niedziela,09:46,1"
"Kenya,niedziela,11:06,2"
"Kenya,niedziela,06:39,1"
"Kenya,niedziela,10:17,1"
"Kenya,niedziela,09:56,2"
"Kenya,sobota,22:50,1"
"Kenya,niedziela,09:49,1"
"Kenya,niedziela,21:49,1"
"Kenya,poniedzialek,13:08,2"
"Kenya,poniedzialek,17:40,1"
"Kenya,niedziela,13:06,1"
"Kenya,poniedzialek,01:08,1"
"Kenya,niedziela,06:51,2"
"Kenya,sobota,00:07,1"
"Kenya,niedziela,03:23,1"
"Kenya,niedziela,23:31,1"
"Kenya,niedziela,13:12,1"
"Kenya,niedziela,14:35,1"
"Kenya,niedziela,09:18,1"
"Kenya,poniedzialek,02:03,1"
"Kenya,poniedzialek,23:27,1"
"Kenya,wtorek,21:16,1"
"Kenya,poniedzialek,22:11,1"
"Kenya,piatek,07:20,1"
"Kenya,niedziela,13:32,1"
"Kenya,wtorek,01:37,2"
"Kenya,sobota,22:43,1"
"Kenya,poniedzialek,22:37,1"
"Kenya,poniedzialek,23:03,1"
"Kenya,niedziela,07:11,1"
"Kenya,poniedzialek,09:43,1"
"Kenya,piatek,09:03,1"
"Kenya,niedziela,08:35,1"
"Kenya,niedziela,14:25,1"
"Kenya,poniedzialek,15:27,1"
"Kenya,niedziela,06:39,1"
"Kenya,piatek,16:57,1"
"Kenya,poniedzialek,12:40,1"
"Kenya,poniedzialek,16:54,1"
"Kenya,niedziela,11:55,1"
"Kenya,poniedzialek,09:16,1"
"Kenya,sroda,11:21,1"
"Kenya,czwartek,20:29,1"
"Kenya,wtorek,22:38,1"
"Kenya,niedziela,21:06,1"
"Kenya,czwartek,10:09,1"
"Kenya,piatek,11:20,1"
"Kenya,wtorek,07:17,1"
"Kenya,czwartek,10:24,1"
"Kenya,poniedzialek,10:05,1"
"Kenya,piatek,11:30,1"
"Kenya,poniedzialek,13:20,1"
"Kenya,niedziela,14:17,1"
"Kenya,niedziela,11:31,1"
"Kenya,niedziela,03:26,1"
"Kenya,niedziela,01:59,1"
"Kenya,niedziela,01:44,1"
"Kenya,niedziela,03:16,1"
"Kenya,sobota,11:22,1"
"Kenya,wtorek,22:36,1"
"Kenya,niedziela,21:54,1"
"Kenya,sobota,10:43,1"
"Kenya,niedziela,16:38,1"
"Kenya,wtorek,19:58,1"
"Kenya,poniedzialek,22:32,1"
"Kenya,wtorek,22:02,1"
"Kenya,piatek,12:36,1"
"Kenya,niedziela,11:22,1"
"Kenya,poniedzialek,20:43,1"
"Kenya,niedziela,18:36,1"
"Kenya,niedziela,11:13,1"
"Kenya,niedziela,11:40,2"
"Kenya,sobota,01:22,1"
"Kenya,niedziela,02:46,1"
"Kenya,niedziela,11:07,1"
"Kenya,niedziela,11:02,1"
"Kenya,niedziela,16:48,2"
"Kenya,sobota,07:57,1"
"Kenya,niedziela,09:36,1"
"Kenya,niedziela,10:01,1"
"Kenya,niedziela,10:38,2"
"Kenya,niedziela,11:53,1"
"Kenya,niedziela,09:48,1"
"Kenya,niedziela,11:51,1"
"Kenya,niedziela,10:14,1"
"Kenya,niedziela,11:16,1"
"Kenya,niedziela,03:39,2"
"Kenya,niedziela,10:17,1"
"Kenya,niedziela,12:34,1"
"Kenya,niedziela,12:10,1"
"Kenya,wtorek,17:11,1"
"Kenya,niedziela,06:22,1"
"Kenya,niedziela,12:02,1"
"Kenya,niedziela,02:39,1"
"Kenya,niedziela,06:00,1"
"Kenya,poniedzialek,02:08,2"
"Kenya,niedziela,11:01,1"
"Kenya,niedziela,18:11,1"
"Kenya,poniedzialek,11:30,2"
"Kenya,piatek,18:43,1"
"Kenya,niedziela,12:46,1"
"Kenya,niedziela,14:07,1"
"Kenya,niedziela,03:53,1"
"Kenya,poniedzialek,14:55,1"
"Kenya,piatek,05:08,2"
"Kenya,niedziela,09:03,1"
"Kenya,piatek,07:30,1"
"Kenya,sobota,16:07,1"
"Kenya,poniedzialek,11:34,1"
"Kenya,niedziela,12:12,1"
"Kenya,wtorek,16:31,1"
"Kenya,niedziela,14:04,1"
"Kenya,sroda,18:13,2"
"Kenya,sobota,22:28,1"
"Kenya,piatek,10:25,1"
"Kenya,niedziela,05:41,2"
"Kenya,piatek,15:54,1"
"Kenya,sroda,13:40,1"
"Kenya,niedziela,19:25,1"
"Kenya,czwartek,23:12,1"
"Kenya,czwartek,00:18,1"
"Kenya,czwartek,20:46,1"
"Kenya,poniedzialek,23:43,3"
"Kenya,niedziela,08:23,2"
"Kenya,piatek,15:52,1"
"Kenya,czwartek,14:49,1"
"Kenya,poniedzialek,14:17,1"
"Kenya,piatek,00:01,1"
"Kenya,niedziela,22:17,1"
"Kenya,sroda,12:24,1"
"Kenya,piatek,19:00,1"
"Kenya,czwartek,14:06,1"
"Kenya,poniedzialek,14:32,1"
"Kenya,wtorek,12:46,1"
"Kenya,wtorek,17:33,2"
"Kenya,niedziela,11:17,1"
"Kenya,poniedzialek,20:36,1"
"Kenya,sobota,09:51,1"
"Kenya,czwartek,21:44,1"
"Kenya,niedziela,08:07,1"
"Kenya,sobota,10:36,1"
"Kenya,niedziela,08:07,1"
"Kenya,niedziela,11:08,1"
"Kenya,sroda,13:24,1"
"Kenya,wtorek,21:57,1"
"Kenya,niedziela,19:56,1"
"Kenya,niedziela,08:42,1"
"Kenya,niedziela,08:52,1"
"Kenya,niedziela,10:52,1"
"Kenya,niedziela,11:09,1"
"Kenya,niedziela,04:14,1"
"Kenya,poniedzialek,01:29,1"
"Kenya,niedziela,05:10,1"
"Kenya,niedziela,05:35,1"
"Kenya,niedziela,10:20,1"
"Kenya,poniedzialek,09:20,1"
"Kenya,niedziela,08:15,2"
"Kenya,czwartek,20:00,1"
"Kenya,niedziela,16:47,2"
"Kenya,piatek,19:13,1"
"Kenya,wtorek,21:51,3"
"Kenya,niedziela,10:53,2"
"Kenya,niedziela,13:14,1"
"Kenya,niedziela,08:28,1"
"Kenya,niedziela,07:42,1"
"Kenya,niedziela,11:42,1"
"Kenya,niedziela,06:14,1"
"Kenya,niedziela,07:18,1"
"Kenya,poniedzialek,14:05,1"
"Kenya,niedziela,09:25,1"
"Kenya,poniedzialek,14:55,1"
"Kenya,poniedzialek,22:25,1"
"Kenya,niedziela,13:24,2"
"Kenya,wtorek,11:27,1"
"Kenya,niedziela,08:59,1"
"Kenya,niedziela,10:22,1"
"Kenya,niedziela,10:17,1"
"Kenya,niedziela,16:06,1"
"Kenya,poniedzialek,10:15,1"
"Kenya,wtorek,09:39,1"
"Kenya,poniedzialek,21:09,1"
"Kenya,poniedzialek,21:55,1"
"Kenya,niedziela,08:00,1"
"Kenya,niedziela,10:45,1"
"Kenya,niedziela,06:25,1"
"Kenya,niedziela,07:37,1"
"Kenya,sobota,09:12,1"
"Kenya,sobota,11:43,1"
"Kenya,sroda,06:27,1"
"Kenya,czwartek,16:55,1"
"Kenya,niedziela,10:23,1"
"Kenya,poniedzialek,11:39,2"
"Kenya,piatek,13:45,1"
"Kenya,poniedzialek,10:45,1"
"Kenya,poniedzialek,09:44,1"
"Kenya,niedziela,06:43,1"
"Kenya,sroda,06:26,1"
"Kenya,niedziela,09:11,1"
"Kenya,niedziela,07:47,2"
"Kenya,niedziela,07:42,1"
"Kenya,niedziela,08:01,1"
"Kenya,poniedzialek,18:43,1"
"Kenya,niedziela,05:00,1"
"Kenya,niedziela,10:11,1"
"Kenya,niedziela,01:49,2"
"Kenya,niedziela,07:16,1"
"Kenya,niedziela,16:00,1"
"Kenya,sroda,19:46,1"
"Kenya,wtorek,10:39,1"
"Kenya,sobota,10:27,1"
"Kenya,sobota,14:05,2"
"Kenya,niedziela,08:03,1"
"Kenya,niedziela,08:53,1"
"Kenya,niedziela,07:35,1"
"Kenya,niedziela,07:53,2"
"Kenya,niedziela,10:15,1"
"Kenya,niedziela,10:16,1"
"Kenya,niedziela,08:06,1"
"Kenya,poniedzialek,11:33,1"
"Kenya,niedziela,01:58,1"
"Kenya,niedziela,14:47,1"
"Kenya,niedziela,11:06,1"
"Kenya,niedziela,07:01,1"
"Kenya,niedziela,10:38,1"
"Kenya,sroda,22:19,2"
"Kenya,niedziela,07:51,1"
"Kenya,sobota,14:46,1"
"Kenya,niedziela,13:20,1"
"Kenya,niedziela,05:16,1"
"Kenya,poniedzialek,16:45,1"
"Kenya,czwartek,15:12,2"
"Kenya,niedziela,16:31,1"
"Kenya,niedziela,19:18,1"
"Kenya,czwartek,18:45,3"
"Kenya,niedziela,06:02,2"
"Kenya,niedziela,08:52,1"
"Kenya,sobota,12:23,1"
"Kenya,sobota,12:25,1"
"Kenya,poniedzialek,21:51,1"
"Kenya,niedziela,10:49,1"
"Kenya,niedziela,09:57,1"
"Kenya,niedziela,06:54,2"
"Kenya,niedziela,09:19,1"
"Kenya,piatek,12:14,1"
"Kenya,niedziela,06:24,2"
"Kenya,niedziela,08:05,1"
"Kenya,niedziela,08:01,1"
"Kenya,poniedzialek,02:35,1"
"Kenya,poniedzialek,01:40,1"
"Kenya,niedziela,09:38,1"
"Kenya,niedziela,09:26,1"
"Kenya,piatek,13:45,1"
"Kenya,poniedzialek,07:56,1"
"Kenya,niedziela,03:13,2"
"Kenya,niedziela,06:26,1"
"Kenya,niedziela,23:03,1"
"Kenya,niedziela,10:16,1"
"Kenya,sobota,14:21,1"
"Kenya,niedziela,05:31,1"
"Kenya,niedziela,06:23,2"
"Kenya,niedziela,11:23,1"
"Kenya,niedziela,07:57,1"
"Kenya,niedziela,02:02,1"
"Kenya,niedziela,08:14,1"
"Kenya,niedziela,05:21,1"
"Kenya,wtorek,17:59,1"
"Kenya,wtorek,22:28,1"
"Kenya,niedziela,02:00,1"
"Kenya,sroda,02:29,1"
"Kenya,niedziela,09:07,1"
"Kenya,wtorek,23:34,2"
"Kenya,niedziela,04:15,1"
"Kenya,niedziela,10:22,1"
"Kenya,niedziela,07:49,1"
"Kenya,niedziela,14:51,1"
"Kenya,niedziela,17:41,1"
"Kenya,sobota,09:54,2"
"Kenya,piatek,14:49,1"
"Kenya,niedziela,19:23,1"
"Kenya,poniedzialek,07:55,1"
"Kenya,poniedzialek,15:31,1"
"Kenya,niedziela,10:01,1"
"Kenya,sroda,12:23,1"
"Kenya,niedziela,07:45,1"
"Kenya,sroda,01:25,1"
"Kenya,niedziela,10:33,1"
"Kenya,sobota,10:54,2"
"Kenya,piatek,16:37,1"
"Kenya,niedziela,18:36,1"
"Kenya,niedziela,06:28,1"
"Kenya,czwartek,06:04,1"
"Kenya,niedziela,06:11,1"
"Kenya,sobota,14:32,1"
"Kenya,wtorek,02:22,1"
"Kenya,poniedzialek,19:40,1"
"Kenya,poniedzialek,08:42,2"
"Kenya,sroda,21:55,1"
"Kenya,sroda,06:21,1"
"Kenya,sroda,10:17,1"
"Kenya,niedziela,08:11,1"
"Kenya,czwartek,21:49,1"
"Kenya,niedziela,02:05,3"
"Kenya,niedziela,20:54,2"
"Kenya,niedziela,10:42,1"
"Kenya,niedziela,05:09,1"
"Kenya,niedziela,04:53,1"
"Kenya,wtorek,17:52,1"
"Kenya,sroda,19:31,1"
"Kenya,piatek,18:11,1"
"Kenya,sobota,00:12,1"
"Kenya,niedziela,08:27,1"
"Kenya,wtorek,23:54,1"
"Kenya,niedziela,09:51,1"
"Kenya,niedziela,07:59,1"
"Kenya,niedziela,18:56,2"
"Kenya,niedziela,05:40,1"
"Kenya,niedziela,10:14,1"
"Kenya,niedziela,01:57,1"
"Kenya,niedziela,08:01,1"
"Kenya,wtorek,22:13,1"
"Kenya,sobota,12:27,1"
"Kenya,czwartek,13:57,1"
"Kenya,niedziela,10:49,1"
"Kenya,niedziela,09:40,1"
"Kenya,niedziela,12:48,1"
"Kenya,niedziela,07:41,1"
"Kenya,czwartek,09:24,1"
"Kenya,niedziela,03:28,1"
"Kenya,poniedzialek,16:09,1"
"Kenya,wtorek,14:27,1"
"Kenya,niedziela,06:45,1"
"Kenya,niedziela,05:38,1"
"Kenya,niedziela,04:42,1"
"Kenya,wtorek,21:45,1"
"Kenya,niedziela,06:39,1"
"Kenya,niedziela,11:12,1"
"Kenya,niedziela,11:45,4"
"Kenya,wtorek,22:13,3"
"Kenya,piatek,18:01,2"
"Kenya,poniedzialek,02:35,1"
"Kenya,niedziela,07:06,1"
"Kenya,poniedzialek,17:05,1"
"Kenya,niedziela,09:37,1"
"Kenya,niedziela,12:41,2"
"Kenya,sroda,19:46,1"
"Kenya,niedziela,08:01,1"
"Kenya,niedziela,04:08,1"
"Kenya,poniedzialek,01:00,1"
"Kenya,niedziela,07:02,1"
"Kenya,niedziela,07:21,1"
"Kenya,niedziela,12:35,1"
"Kenya,niedziela,09:15,1"
"Kenya,niedziela,11:44,1"
"Kenya,poniedzialek,10:15,1"
"Kenya,niedziela,16:03,1"
"Kenya,niedziela,11:13,1"
"Kenya,niedziela,08:34,1"
"Kenya,niedziela,06:52,1"
"Kenya,poniedzialek,04:51,1"
"Kenya,niedziela,08:58,1"
"Kenya,czwartek,10:45,1"
"Kenya,poniedzialek,10:31,1"
"Kenya,poniedzialek,21:00,1"
"Kenya,wtorek,15:48,1"
"Kenya,niedziela,08:01,1"
"Kenya,niedziela,01:48,1"
"Kenya,niedziela,04:20,2"
"Kenya,niedziela,06:50,1"
"Kenya,poniedzialek,14:09,2"
"Kenya,niedziela,11:05,1"
"Kenya,niedziela,16:29,1"
"Kenya,piatek,16:36,1"
"Kenya,niedziela,08:53,1"
"Kenya,niedziela,08:02,1"
"Kenya,niedziela,15:04,1"
"Kenya,niedziela,13:57,1"
"Kenya,niedziela,16:09,1"
"Kenya,niedziela,10:47,1"
"Kenya,niedziela,03:46,2"
"Kenya,czwartek,20:54,1"
"Kenya,niedziela,13:46,1"
"Kenya,poniedzialek,11:16,1"
"Kenya,niedziela,20:04,3"
"Kenya,niedziela,07:56,2"
"Kenya,sobota,13:17,1"
"Kenya,sobota,12:25,1"
"Kenya,niedziela,05:53,1"
"Kenya,czwartek,23:46,1"
"Kenya,poniedzialek,10:05,1"
"Kenya,niedziela,20:15,1"
"Kenya,niedziela,05:41,1"
"Kenya,niedziela,01:48,2"
"Kenya,niedziela,08:39,1"
"Kenya,sobota,13:53,1"
"Kenya,wtorek,00:01,1"
"Kenya,niedziela,11:56,1"
"Kenya,niedziela,09:14,1"
"Kenya,poniedzialek,17:57,1"
"Kenya,niedziela,11:49,1"
"Kenya,niedziela,13:25,1"
"Kenya,sobota,00:28,1"
"Kenya,niedziela,05:25,1"
"Kenya,niedziela,05:14,1"
"Kenya,sobota,11:09,1"
"Kenya,niedziela,07:36,2"
"Kenya,niedziela,07:48,1"
"Kenya,niedziela,10:49,1"
"Kenya,niedziela,09:35,2"
"Kenya,sobota,09:24,1"
"Kenya,niedziela,10:42,1"
"Kenya,niedziela,10:11,2"
"Kenya,niedziela,10:16,1"
"Kenya,niedziela,10:29,1"
"Kenya,niedziela,09:26,1"
"Kenya,niedziela,16:24,1"
"Kenya,piatek,22:20,1"
"Kenya,niedziela,10:34,1"
"Kenya,niedziela,08:04,1"
"Kenya,niedziela,20:48,2"
"Kenya,niedziela,06:40,1"
"Kenya,sobota,11:18,1"
"Kenya,niedziela,08:17,1"
"Kenya,niedziela,08:25,1"
"Kenya,niedziela,03:41,1"
"Kenya,niedziela,02:34,1"
"Kenya,piatek,13:28,1"
"Kenya,niedziela,08:31,2"
"Kenya,niedziela,12:41,1"
"Kenya,niedziela,04:32,1"
"Kenya,piatek,22:34,2"
"Kenya,niedziela,08:33,1"
"Kenya,niedziela,12:01,1"
"Kenya,niedziela,10:08,1"
"Kenya,niedziela,17:35,1"
"Kenya,niedziela,07:47,3"
"Kenya,wtorek,06:08,2"
"Kenya,czwartek,12:55,1"
"Kenya,niedziela,18:17,1"
"Kenya,niedziela,08:17,1"
"Kenya,niedziela,14:04,1"
"Kenya,niedziela,12:08,1"
"Kenya,piatek,00:06,1"
"Kenya,niedziela,07:40,1"
"Kenya,niedziela,09:52,1"
"Kenya,niedziela,14:29,1"
"Kenya,niedziela,10:27,1"
"Kenya,niedziela,15:52,1"
"Kenya,niedziela,06:39,1"
"Kenya,niedziela,02:27,1"
"Kenya,czwartek,15:31,2"
"Kenya,sobota,10:27,1"
"Kenya,poniedzialek,11:30,1"
"Kenya,poniedzialek,19:28,1"
"Kenya,poniedzialek,15:40,1"
"Kenya,poniedzialek,10:17,1"
"Kenya,wtorek,08:08,1"
"Kenya,poniedzialek,00:34,1"
"Kenya,sroda,17:15,2"
"Kenya,piatek,16:36,1"
"Kenya,wtorek,18:23,1"
"Kenya,poniedzialek,16:12,2"
"Kenya,niedziela,08:09,1"
"Kenya,poniedzialek,13:04,2"
"Kenya,niedziela,11:05,1"
"Kenya,sroda,01:24,1"
"Kenya,poniedzialek,16:39,2"
"Kenya,niedziela,12:32,1"
"Kenya,poniedzialek,00:40,1"
"Kenya,sroda,01:37,1"
"Kenya,wtorek,09:39,1"
"Kenya,poniedzialek,17:31,1"
"Kenya,sroda,20:58,1"
"Kenya,piatek,18:33,1"
"Kenya,czwartek,12:34,1"
"Kenya,czwartek,20:38,1"
"Kenya,sobota,11:48,1"
"Kenya,sobota,12:18,1"
"Kenya,piatek,21:45,1"
"Kenya,sobota,19:15,1"
"Kenya,sobota,11:56,1"
"Kenya,piatek,08:52,1"
"Kenya,czwartek,23:13,2"
"Kenya,sroda,23:24,1"
"Kenya,niedziela,10:08,1"
"Kenya,niedziela,10:55,1"
"Kenya,niedziela,08:21,1"
"Kenya,niedziela,08:03,1"
"Kenya,niedziela,09:07,1"
"Kenya,niedziela,08:02,2"
"Kenya,niedziela,22:32,1"
"Kenya,niedziela,10:53,1"
"Kenya,niedziela,09:02,1"
"Kenya,niedziela,08:56,1"
"Kenya,niedziela,06:56,1"
"Kenya,niedziela,06:52,1"
"Kenya,niedziela,21:01,1"
"Kenya,niedziela,07:46,1"
"Kenya,niedziela,11:28,1"
"Kenya,sroda,07:04,1"
"Kenya,niedziela,07:35,1"
"Kenya,niedziela,12:39,1"
"Kenya,niedziela,07:48,1"
"Kenya,poniedzialek,18:36,1"
"Kenya,poniedzialek,03:44,1"
"Kenya,niedziela,13:37,1"
"Kenya,niedziela,08:53,1"
"Kenya,niedziela,08:56,1"
"Kenya,wtorek,07:47,2"
"Kenya,niedziela,10:06,1"
"Kenya,niedziela,02:41,1"
"Kenya,niedziela,05:04,1"
"Kenya,poniedzialek,12:48,1"
"Kenya,niedziela,07:39,1"
"Kenya,niedziela,22:24,1"
"Kenya,poniedzialek,17:27,1"
"Kenya,niedziela,01:51,1"
"Kenya,sroda,16:38,1"
"Kenya,niedziela,10:28,1"
"Kenya,niedziela,07:59,1"
"Kenya,niedziela,10:57,1"
"Kenya,niedziela,01:44,2"
"Kenya,sobota,02:15,1"
"Kenya,niedziela,11:33,1"
"Kenya,niedziela,18:41,1"
"Kenya,niedziela,09:30,1"
"Kenya,niedziela,10:02,1"
"Kenya,niedziela,01:56,1"
"Kenya,niedziela,07:28,1"
"Kenya,niedziela,10:32,1"
"Kenya,niedziela,10:32,1"
"Kenya,wtorek,00:40,1"
"Kenya,niedziela,10:38,1"
"Kenya,wtorek,01:13,1"
"Kenya,niedziela,08:50,1"
"Kenya,sroda,16:28,1"
"Kenya,niedziela,10:26,1"
"Kenya,poniedzialek,10:38,1"
"Kenya,niedziela,08:54,1"
"Kenya,niedziela,08:34,1"
"Kenya,niedziela,06:32,1"
"Kenya,niedziela,07:53,1"
"Kenya,sroda,15:39,1"
"Kenya,niedziela,01:59,2"
"Kenya,niedziela,15:16,1"
"Kenya,niedziela,06:32,1"
"Kenya,niedziela,12:00,1"
"Kenya,niedziela,08:07,1"
"Kenya,niedziela,17:09,1"
"Kenya,niedziela,15:24,1"
"Kenya,niedziela,08:38,1"
"Kenya,niedziela,08:20,1"
"Kenya,sroda,06:30,4"
"Kenya,niedziela,04:42,3"
"Kenya,niedziela,08:42,2"
"Kenya,niedziela,12:35,1"
"Kenya,niedziela,08:10,1"
"Kenya,piatek,09:45,1"
"Kenya,wtorek,10:04,1"
"Kenya,piatek,19:51,3"
"Kenya,sobota,11:18,2"
"Kenya,niedziela,05:25,1"
"Kenya,poniedzialek,10:12,2"
"Kenya,piatek,14:04,1"
"Kenya,niedziela,11:20,1"
"Kenya,poniedzialek,11:25,2"
"Kenya,niedziela,09:49,1"
"Kenya,niedziela,17:23,1"
"Kenya,sobota,10:04,1"
"Kenya,niedziela,09:33,1"
"Kenya,poniedzialek,04:47,1"
"Kenya,niedziela,17:40,1"
"Kenya,sroda,07:02,1"
"Kenya,wtorek,21:07,1"
"Kenya,niedziela,09:49,1"
"Kenya,sroda,12:18,1"
"Kenya,niedziela,09:53,1"
"Kenya,poniedzialek,05:08,1"
"Kenya,sobota,12:07,1"
"Kenya,czwartek,08:32,1"
"Kenya,niedziela,15:37,1"
"Kenya,poniedzialek,14:17,1"
"Kenya,piatek,20:38,1"
"Kenya,sobota,09:48,1"
"Kenya,piatek,08:52,1"
"Kenya,niedziela,09:53,1"
"Kenya,niedziela,11:51,1"
"Kenya,sroda,10:07,3"
"Kenya,poniedzialek,12:09,2"
"Kenya,niedziela,08:27,1"
"Kenya,wtorek,12:21,3"
"Kenya,niedziela,02:05,2"
"Kenya,piatek,14:46,1"
"Kenya,sroda,23:41,1"
"Kenya,wtorek,21:47,1"
"Kenya,sobota,05:27,1"
"Kenya,niedziela,08:34,1"
"Kenya,niedziela,01:54,3"
"Kenya,niedziela,11:44,2"
"Kenya,piatek,10:39,1"
"Kenya,niedziela,09:35,1"
"Kenya,niedziela,11:20,2"
"Kenya,niedziela,15:10,1"
"Kenya,niedziela,12:48,1"
"Kenya,niedziela,14:02,1"
"Kenya,czwartek,23:46,2"
"Kenya,niedziela,01:48,1"
"Kenya,niedziela,21:32,2"
"Kenya,niedziela,07:57,1"
"Kenya,niedziela,01:53,1"
"Kenya,niedziela,07:07,1"
"Kenya,niedziela,10:48,1"
"Kenya,sroda,12:21,1"
"Kenya,sobota,10:10,1"
"Kenya,niedziela,14:16,1"
"Kenya,niedziela,02:38,1"
"Kenya,niedziela,09:47,2"
"Kenya,sobota,09:37,1"
"Kenya,niedziela,06:57,1"
"Kenya,niedziela,07:54,1"
