"name,id,speciality_academy_record,speciality,revealed day,speciality after promotion"
"Jacek Blocki,485841321,,,,"
"Filon Wawulski,485842816,T,T,,T"
"Wilhelm Filipek,485839877,P315,P,315,P"
"Stefan Zdolski,485880319,H,H,,H"
"Mieszko Laton,485802964,,,,"
"Filip Stec,485874920,,,,"
"Pawel Tumasz,485821846,T369,T,369,T"
"Jaroslaw Kaszyca,485865047,T,T,,T"
"Roman Dyrcz,485838622,T,T,,T"
"Eugeniusz Gebicz,485840923,,,,"
"Krzysztof Klapkowski,485839031,,,,"
"Ireneusz Sikocinski,485841068,H,H,,H"
"Mieczyslaw Cieckiewicz,485881166,H133,H,133,H"
"Dariusz Pieniazek,485857609,,,,"
"Zbigniew Kadula,485797642,,,,"
"Boleslaw Surmacki,485879766,U69,U,69,U"
"Per North,485845047,T241,T,241,T"
"Marek Kawiecki,485843648,S148,S,148,S"
"Franciszek Grygoruk,485853986,,,,"
"Edgar Jastrzebowski,485876710,H93,H,93,H"
"Leon Gellert,485881197,P,P,,P"
"Edmund Stawowczyk,485885683,T,T,,T"
"Jozef Wawrzyszko,485827589,H107,H,107,H"
"Szymon Umiastowski,485848391,,,,"
"Wiktor Tywonek,485838617,,,,"
"Andrzej Gwizdek,485838125,,,,"
"Bronislaw Surdyk,485862384,,,,"
"Artur Kusmierczak,485882641,,,,"
"Dawid Pasturczak,485856746,P130,P,130,P"
"Jozef Wloszkiewicz,485869101,,,,"
"Wlodzimierz Dziwon,485847319,T112,T,112,T"
"Piotr Cybruch,485855467,,,,"
"Marian Kopiel,485847189,,,,"
"Alfred Kierzak,485861033,P88,P,88,P"
"Dariusz Polczyk,485835079,U,U,,U"
"Tobiasz Drozdowicz,485886281,P103,P,103,P"
"Tomasz Militowski,485859610,U164,U,164,U"
"Wiktor Tochowicz,485841237,,,,"
"Waldemar Damasiewicz,485843510,P76,P,76,P"
"Antoni Nowogorski,485847367,,,,"
"Jerzy Mikulak,485860180,H,H,,H"
"Lukasz Zyszkiewicz,485812091,U,U,,U"
"Marek Rados,485870987,T77,T,77,T"
"Robert Pochopien,485839593,,,,"
"Artur Ciurus,485837480,U,U,,U"
"Klaudiusz Suszczewicz,485839795,U78,U,78,U"
"Tomasz Burakiewicz,485881496,,,,"
"Boleslaw Wendt,485798400,,,,"
"Herbert Katny,485872815,,,,"
"Witold Jaskowiak,485848337,,,,"
"Jan Poreba,485805050,,,,"
"Jozef Pieczykolan,485801285,,,,"
"Lech Ruta,485841426,H68,H,68,H"
"Amadeusz Kieczka,485831999,Q50,Q,50,Q"
"Stanislaw Pajda,485870044,,,,"
"Cezary Czarnogorski,485879953,,,,"
"Aleksander Pauszek,485841588,,,,"
"Mariusz Reiter,485865182,,,,"
"Bartosz Dzionek,485843334,,,,"
"Konstanty Kukulski,485844797,U64,U,64,U"
"Mateusz Skorzak,485883014,U50,U,50,U"
"Jedrek Wiaczek,485811514,,,,"
"Wiktor Borowy,485821273,,,,"
"Kajetan Tomaszyk,485840332,,,,"
"Dawid Jeziorek,485841693,,,,"
"Marcin Radawiec,485870071,T53,T,53,T"
"Robert Roztoczynski,485886844,H56,H,56,H"
"Wojciech Norkiewicz,485877225,H50,H,50,H"
"Krzysztof Syroka,485842394,,,,"
"Antoni Talarski,485823472,H50,H,50,H"
"Kuba Kryszalowicz,485875464,T91,T,91,T"
"Patryk Mrozek,485856727,Q301,Q,301,Q"
"Mateusz Tymczak,485877216,,,,"
"Piotr Swojski,485805460,,,,"
"Stanislaw Pekacz,485829602,,,,"
"Michal Wludarczyk,485847284,,,,"
"Mieczyslaw Kostus,485821521,,,,"
"Edmund Proboszcz,485847477,H36,H,36,H"
"Marian Palmowski,485842051,,,,"
"Czeslaw Pudlak,485841324,,,,"
"Rafal Lorbiecki,485841591,U36,U,36,U"
"Daniel Kurda,485882640,,,,"
"Zenon Warmuzinski,485884830,P42,P,42,P"
"Tomasz Krasa,485820892,T34,T,34,T"
"Rafal Piestrzynski,485837336,T36,T,36,T"
"Antoni Kosla,485863865,,,,"
"Maksymilian Jaroszuk,485833254,,,,"
"Jan Nizynski,485805905,,,,"
"Zdzislaw Piecha,485850743,,,,"
"Andrzej Kloska,485855340,,,,"
"Lech Kijanowski,485843420,P35,P,35,P"
"Gerwazy Sieczka,485870106,U221,U,221,U"
"Janusz Kapa,485869343,,,,"
"Jakub Sciesinski,485856665,U33,U,33,U"
"Florian Medrecz,485867843,P28,P,28,P"
"Piotr Miller,485863659,,,,"
"Edmund Wodka,485850585,,,,"
"Walery Witwicki,485826999,H29,H,29,H"
"Jan Krynicki,485886106,,,,"
"Marcin Kiedrowski,485845011,,,,"
"Waldemar Scieslicki,485855767,,,,"
"Janusz Mlynarz,485874410,Q8,Q,8,Q"
"Zdzislaw Dydynski,485891479,H66,H,66,H"
"Tomasz Teterycz,485798932,H10,H,10,H"
"Przemyslaw Jonasz,485851218,,,,"
"Andrzej Kusmirek,485857168,,,,"
"Antoni Bohdziewicz,485885647,Q84,Q,84,Q"
"Pawel Wyszomierski,485832779,,,,"
"Edmund Tuczynski,485874998,,,,"
"Cezary Hamernik,485849066,,,,"
"Zbigniew Czerski,485883648,,,,"
"Fabian Potrykus,485841682,Q108,Q,108,Q"
"Walery Kocieniewski,485847262,,,,"
"Stanislaw Biadun,485826561,P72,P,72,P"
"Pawel Bielicki,485860982,T24,T,24,T"
"Jedrzej Lebiedz,485870391,,,,"
"Filip Norek,485855245,T8,T,8,T"
"Tomasz Prymus,485810307,,,,"
"Damian Lisewski,485887230,,,,"
"Marian Fidzinski,485841456,,,,"
"Ludwik Dolski,485857668,P105,P,105,P"
"Marcin Lopatka,485823070,P141,P,141,P"
"Mateusz Lorkowski,485857361,P41,P,41,P"
"Stanislaw Socha,485799313,T7,T,7,T"
"Augustyn Kalla,485812884,Q71,Q,71,Q"
"Ariel Wiraszka,485802128,,,,"
"Tadeusz Grek,485881383,,,,"
"Janusz Sagala,485824812,,,,"
"Grzegorz Sionek,485880773,U23,U,23,U"
"Szymon Pegiel,485812054,,,,"
"Piotr Slupik,485811058,,,,"
"Slawomir Krasnicki,485840791,,,,"
"Daniel Stepniewski,485847512,H71,H,71,H"
"Krzysztof Bartold,485890379,,,,"
"Lech Tulej,485871016,T-1,T,-1,T"
"Kuba Netkowski,485839643,T205,T,205,T"
"Jonasz Koniuszy,485870503,,,,"
"Tadek Wojak,485861771,Q323,Q,323,Q"
"Witold Dlubis,485833626,,,,"
"Ryszard Jaroszewski,485876156,,,,"
"Dariusz Mielcarski,485863680,,,,"
"Jan Kasztelan,485881413,,,,"
"Edmund Damps,485837954,,,,"
"Wernher Eulenspiegel,485840201,U48,U,48,U"
"Leszek Wojciechowski,485844108,,,,"
"Bonifacy Szypura,485872160,Q15,Q,15,Q"
"Wilhelm Kopyciok,485838782,T24,T,24,T"
"Konrad Kubel,485872099,,,,"
"Karol Panak,485824121,P40,P,40,P"
"Dezyderiusz Chwala,485809761,,,,"
"Szymon Misia,485872761,U15,U,15,U"
"Robert Pelkowski,485891455,,,,"
"Jan Gucwa,485841190,T11,T,11,T"
"Slawomir Polatynski,485833415,,,,"
"Edward Hodun,485815085,U21,U,21,U"
"Damian Wasiuk,485860197,,,,"
"Eugeniusz Mosakowski,485841773,,,,"
"Wojciech Pudelko,485839867,,,,"
"Gniewosz Grzechowic,485824611,P11,P,11,P"
"Wiktor Matela,485877252,T19,T,19,T"
"Antoni Skotarski,485841304,,,,"
"Ludwik Strugarek,485848369,P122,P,122,P"
"Jaroslaw Wiechula,485864457,,,,"
"Albert Zubrycki,485860994,,,,"
"Kazimierz Wrzyszcz,485857701,Q34,Q,34,Q"
"Marian Dziemidowicz,485830255,,,,"
"Tomasz Konieczko,485880132,T9,T,9,T"
"Adam Kalicki,485842596,U56,U,56,U"
"Andrzej Dobrosielski,485837989,Q200,Q,200,Q"
"Marcin Juniewicz,485810909,,,,"
"Jan Nizynski,485805905,,,,"
"Aleksander Kacperski,485804840,,,,"
"Bogusz Proncki,485847560,,,,"
"Miron Kontowicz,485876029,H232,H,232,H"
"Gerwazy Bombala,485849049,T32,T,32,T"
"Waldemar Dutkowski,485849947,,,,"
"Seweryn Koperkiewicz,485857638,T1,T,1,T"
"Maksymilian Tomczak,485806403,,,,"
"Walenty Antoniak,485845812,,,,"
"Zygfryd Strzyz,485881969,,,,"
"Rajmund Szara,485837541,,,,"
"Radomir Romejko,485857342,,,,"
"Wojciech Konwicki,485884805,,,,"
"Patryk Korzec,485808857,,,,"
"Lucjusz Jarzabski,485841860,U-1,U,-1,U"
"Wojciech Kolodziej,485850607,U176,U,176,U"
"Krzysztof Kwapinski,485844887,U31,U,31,U"
"Dariusz Boliglowa,485846457,H36,H,36,H"
"Konrad Krzysik,485846463,,,,"
"Jerzy Pydyn,485850454,,,,"
"Henryk Dziok,485872610,,,,"
"Barnaba Dominas,485841892,Q158,Q,158,Q"
"Pawel Klos,485808160,,,,"
"Daniel Derebecki,485806361,Q1,Q,1,Q"
"Marcin Kula,485879809,H1,H,1,H"
"Krzysztof Chilinski,485835165,T148,T,148,T"
"Sebastian Pedzik,485801754,T52,T,52,T"
"Viktor Zasiadko,485833454,U8,U,8,U"
"Bronislaw Rzepa,485813562,,,,"
"Wlodzimierz Maslanka,485843174,T137,T,137,T"
"Edmund Skonieczka,485823971,,,,"
"Lucjan Wawrow,485844341,U39,U,39,U"
"Jerzy Drabowski,485865192,,,,"
"Roman Mocydlarz,485856113,Q0,Q,0,Q"
"Franciszek Serafinowski,485890819,H11,H,11,H"
"Marcin Stawindla,485841830,Q11,Q,11,Q"
"Miron Kastelik,485874299,H0,H,0,H"
"Bronislaw Laszczynski,485844214,,,,"
"Maciej Chojeta,485873772,H63,H,63,H"
"Ignacy Kaszczyszyn,485856635,,,,"
"Mateusz Pietrzykowski,485884864,H11,H,11,H"
"Jan Pienkosz,485859049,P21,P,21,P"
"Zbigniew Wantulok,485854821,U72,U,72,U"
"Walerian Latkowski,485881804,P66,P,66,P"
"Cyryl Fiebich,485839598,T3,T,3,T"
"Orest Rydwanski,485886283,P15,P,15,P"
"Kuba Sobanski,485850764,,,,"
"Czeslaw Witko,485843304,H119,H,119,H"
"Witold Cieslawski,485825998,Q155,Q,155,Q"
"Szymon Krupinski,485851264,,,,"
"Jan Seroka,485849639,P4,P,4,P"
"Marc Genin,485814767,,,,"
"Cyryl Chwalka,485848378,,,,"
"Jurek Wrzosek,485802066,H4,H,4,H"
"Zdzislaw Klodarski,485872564,,,,"
"Drogomir Klukowski,485861751,,,,"
"Aleksander Burdzinski,485837938,H19,H,19,H"
"Kornel Kolodziejczuk,485875428,Q187,Q,187,Q"
"Zbigniew Bielinski,485868385,T7,T,7,T"
"Emil Pilichiewicz,485859098,T7,T,7,T"
"Wojciech Jurczewski,485859488,,,,"
"Henryk Gromadzinski,485879378,,,,"
"Ryszard Nowek,485836468,,,,"
"Bogdan Koczur,485870944,P175,P,175,P"
"Jan Stasierski,485855380,,,,"
"Grzegorz Smigowski,485839727,H57,H,57,H"
"Waclaw Gorczak,485843559,T4,T,4,T"
"Marian Mazajka,485797411,,,,"
"Piotr Graniczka,485838342,U5,U,5,U"
"Carsten Bittermann,485842631,T18,T,18,T"
"Jozef Gogolinski,485848984,,,,"
"Kamil Jagiello,485860989,P111,P,111,P"
"Grzegorz Musolf,485871598,P26,P,26,P"
"Filip Kouba,485869238,,,,"
"Szymon Zuczek,485871612,U32,U,32,U"
"Janusz Golonko,485862923,H85,H,85,H"
"Stanislaw Charlinski,485872063,U151,U,151,U"
"Bogdan Ozarek,485876254,,,,"
"Jan Mesjasz,485891159,,,,"
"Aleks Broda,485873229,,,,"
"Marcin Klim,485832730,H70,H,70,H"
"Marcin Halejcio,485864604,U44,U,44,U"
"Marceli Miklaszewski,485843622,H29,H,29,H"
"Jerzy Szmajda,485876023,,,,"
"Lech Fas,485824833,,,,"
"Aleksander Kopec,485874347,,,,"
"Jacek Bugaj,485840109,T227,T,227,T"
"Karol Skrzek,485851331,T-1,T,-1,T"
"Boleslaw Tereszkiewicz,485801616,,,,"
"Jozef Konewka,485856601,,,,"
"Rafal Weczera,485841176,H-1,H,-1,H"
"Waldek Smaga,485810906,,,,"
"Zdzislaw Tarasek,485814792,H3,H,3,H"
"Jacek Kierszniewski,485864672,U4,U,4,U"
"Marek Stypulkowski,485837596,Q29,Q,29,Q"
"Igor Cichowski,485842430,,,,"
"Mariusz Pilawski,485845529,U4,U,4,U"
"Florian Zarnoch,485862396,,,,"
"Gerwazy Iwanczyk,485889404,,,,"
"Konstanty Biadun,485838126,,,,"
"Igor Wajchert,485838230,P99,P,99,P"
"Pawel Orlikowski,485800469,U5,U,5,U"
"Janusz Janas,485847426,,,,"
"Andrzej Micyk,485832539,U5,U,5,U"
"Zenon Pawlow,485802126,T44,T,44,T"
"Zenon Siewert,485858408,,,,"
"Jan Biedrzycki,485799441,T8,T,8,T"
"Mariusz Oleksy,485839660,U32,U,32,U"
"Damian Wakuluk,485818778,T78,T,78,T"
"Wlodzimierz Krzywy,485801315,Q5,Q,5,Q"
"Lukasz Szambelan,485805547,S37,S,37,S"
"Alojzy Daleki,485836049,U43,U,43,U"
"Ignacy Szuwar,485881401,,,,"
"Fryderyk Derenda,485888216,,,,"
"Jan Wilczewski,485863638,T5,T,5,T"
"Szymon Glowacz,485890798,,,,"
"Wlodzimierz Latawiec,485855439,,,,"
"Dominik Dolewski,485839241,,,,"
"Przemyslaw Targosz,485855448,U53,U,53,U"
"Jakub Bak,485879808,,,,"
"Karol Parma,485808202,U136,U,136,U"
"Mariusz Tacik,485808138,Q81,Q,81,Q"
"Czesiek Pozdzik,485843138,Q203,Q,203,Q"
"Jan Trzaskoma,485888847,H29,H,29,H"
"Jaroslaw Zemlo,485805590,U51,U,51,U"
"Gawel Moldrzyk,485841000,,,,"
"Marek Puszkar,485841164,,,,"
"Adam Czerwik,485798955,,,,"
"Mateusz Srama,485848125,,,,"
"Daniel Holody,485809025,,,,"
"Dominik Kostra,485881117,,,,"
"Stanislaw Surowski,485869820,,,,"
"Gustaw Trzebiatowski,485840082,,,,"
"Kazimierz Mokwa,485839126,,,,"
"Juliusz Szkudlarek,485840100,,,,"
"Dariusz Idziak,485839564,,,,"
"Jan Demski,485872704,,,,"
"Marian Kos,485829652,,,,"
"Wlodzimierz Dziuplinski,485849099,T67,T,67,T"
"Maksymilian Elgert,485879815,,,,"
"Kazimierz Hornik,485808827,R73,R,73,R"
"Maciej Rajfur,485879200,,,,"
"Adam Szczepanik,485841100,U22,U,22,U"
"Adam Kozera,485797066,H45,H,45,H"
"Radomir Jerominek,485844007,H36,H,36,H"
"Maciej Dziwura,485877227,U4,U,4,U"
"Myslibor Wnuk,485839666,,,,"
"Zdzislaw Berdychowski,485842037,Q176,Q,176,Q"
"Rafal Weglarczyk,485839155,,,,"
"Jacek Srogi,485838780,Q127,Q,127,Q"
"Konrad Mikunda,485839336,P60,P,60,P"
"Rafal Benduch,485843994,Q148,Q,148,Q"
"Anastazy Trepiak,485868239,P29,P,29,P"
"Adalmar Weinhardt,485839243,T36,T,36,T"
"Kazimierz Guciak,485804769,,,,"
"Mateusz Klos,485864460,H15,H,15,H"
"Konstanty Kozik,485813016,Q207,Q,207,Q"
"Roman Dybowski,485799898,,,,"
"Marek Kulawiecki,485848817,,,,"
"Jozef Tluscik,485805198,P36,P,36,P"
"Jozef Dadas,485891852,,,,"
"Andrzej Choromanski,485848102,,,,"
"Franciszek Palichleb,485835100,Q3,Q,3,Q"
"Mikolaj Soltysik,485861746,,,,"
"Lucjan Satala,485890412,,,,"
"Bartlomiej Darnowski,485841855,,,,"
"Marcel Kibler,485841258,,,,"
"Marcin Pietruszynski,485881908,T24,T,24,T"
"Albert Nowanski,485838345,P15,P,15,P"
"Tadeusz Kazior,485826737,Q59,Q,59,Q"
"Godfryd Karnafel,485835999,H57,H,57,H"
"Damian Widzinski,485876246,,,,"
"Bogdan Kruzel,485823608,,,,"
"Yakiv Stus,485843220,,,,"
"Lukasz Hoehfurtner,485839804,,,,"
"Radoslaw Karelus,485863667,,,,"
"Radoslaw Janczyk,485861544,,,,"
"Alojzy Piechowiak,485882575,,,,"
"Romuald Krzemien,485852877,H77,H,77,H"
"Marek Wesierski,485875478,T134,T,134,T"
"Dariusz Piedel,485841022,,,,"
"Tomasz Pawlowski,485880284,Q67,Q,67,Q"
"Marceli Kislowski,485847178,H4,H,4,H"
"Henryk Derc,485798447,H11,H,11,H"
"Bogumil Szczyrba,485858839,U-1,U,-1,U"
"Boryslaw Czerniak,485890697,,,,"
"Slawomir Moglicki,485839097,,,,"
"Marcin Sokol,485839275,,,,"
"Edmund Jarecki,485869279,Q5,Q,5,Q"
"Stanislaw Dzierzega,485878047,,,,"
"Tomasz Siadkowski,485801003,,,,"
"Teobald Jaszczyszyn,485877213,,,,"
"Edward Dolega,485832482,,,,"
"Tobiasz Krzeczowski,485838073,,,,"
"Rajmund Piekarz,485798024,U25,U,25,U"
"Piotr Krzyzanski,485839148,,,,"
"Henryk Napieraj,485880834,,,,"
"Henryk Fulawka,485849857,,,,"
"Daniel Kaputa,485862442,U5,U,5,U"
"Radoslaw Uzarek,485856677,,,,"
"Marek Wagrodzki,485848011,,,,"
"Sedzimir Chudzik,485875443,U71,U,71,U"
"Marcin Tadajewski,485840020,,,,"
"Jacek Szmydt,485847266,,,,"
"Roman Rogozinski,485865198,H44,H,44,H"
"Daniel Tyrpa,485869715,,,,"
"Zdzislaw Sablik,485841309,,,,"
"Lukasz Edwardczyk,485824538,,,,"
"Ferdynand Swierczek,485857642,P39,P,39,P"
"Jacek Filipczak,485810210,,,,"
"Maciej Rak,485802502,U50,U,50,U"
"Miroslaw Michalczuk,485845868,,,,"
"Arkadiusz Warden,485844942,P22,P,22,P"
"Dawid Janiszewski,485837548,U17,U,17,U"
"Filip Purwin,485870953,,,,"
"Dariusz Stanski,485857757,,,,"
"Radomir Konarzewski,485843360,P-1,P,-1,P"
"Karol Tomalczyk,485862981,,,,"
"Edgar Woroszylo,485838869,T4,T,4,T"
"Boleslaw Pudelski,485824463,T4,T,4,T"
"Ciechoslaw Zychowicz,485801657,,,,"
"Gustaw Kamienski,485807780,P29,P,29,P"
"Dzierzyslaw Gamla,485842683,H16,H,16,H"
"Baltazar Wolnicki,485840612,P1,P,1,P"
"Gustaw Goldberg,485857131,P175,P,175,P"
"Mieczyslaw Korpal,485812116,Q8,Q,8,Q"
"Zygfryd Bujnowski,485841522,,,,"
"Lukasz Kubica,485839235,,,,"
"Maciej Bolesta,485871075,,,,"
"Jacek Kanarkowski,485871086,Q87,Q,87,Q"
"Arkadiusz Urbaniak,485863079,,,,"
"Roman Kacki,485841544,H175,H,175,H"
"Stanislaw Zorychta,485865215,P6,P,6,P"
"Ostromyr Bezotosnyi,485838819,Q103,Q,103,Q"
"Wlodzimierz Drozdzyk,485858296,,,,"
"Rajmund Rzempulak,485882538,H5,H,5,H"
"Grzegorz Kreja,485813499,,,,"
"Patryk Jasek,485843228,U192,U,192,U"
"Kasjusz Krauze,485856184,,,,"
"Robert Pobiedzinski,485863847,H31,H,31,H"
"Ignacy Grochowiecki,485873940,U15,U,15,U"
"Beniamin Lus,485856554,,,,"
"Marceli Wnuk,485849036,,,,"
"Bronislaw Piekarek,485844044,H3,H,3,H"
"Szymon Gostomczyk,485874987,U4,U,4,U"
"Ernest Zezula,485846237,P88,P,88,P"
"Tomasz Dryjanski,485857137,,,,"
"Stanislaw Mysliwczyk,485808382,,,,"
"Gustaw Piecuch,485841904,,,,"
"Mateusz Bystry,485855865,P8,P,8,P"
"Bartlomiej Ruta,485840667,Q1,Q,1,Q"
"Lukasz Kapecki,485830537,T-1,T,-1,T"
"Walerian Kozdra,485836965,H4,H,4,H"
"Slawomir Moson,485869258,,,,"
"Swietoslaw Struski,485865157,Q30,Q,30,Q"
"Wilhelm Misko,485857197,P29,P,29,P"
"Szymon Rozmyslowicz,485845923,,,,"
"Tomasz Choroba,485873336,H228,H,228,H"
"Marcin Wiszniewski,485840759,,,,"
"Baltazar Swierczewski,485839781,T22,T,22,T"
"Gawel Bryla,485842571,,,,"
"Kazimierz Zwolan,485839825,H67,H,67,H"
"Marian Chruscicki,485849922,,,,"
"Tomasz Kasjan,485841150,,,,"
"Zdzislaw Wolny,485806081,P3,P,3,P"
"Ryszard Walczyna,485808308,,,,"
"Anzelm Koba,485863689,T11,T,11,T"
"Bonifacy Fikus,485839265,P60,P,60,P"
"Ryszard Narajowski,485888219,,,,"
"Klaudiusz Niepokoj,485798961,U218,U,218,U"
"Maciej Niemyski,485842526,P149,P,149,P"
"Filip Laz,485797644,H6,H,6,H"
"Leslaw Walendzik,485858952,T4,T,4,T"
"Semen Yechkalov,485834868,,,,"
"Boleslaw Jagielowicz,485839923,,,,"
"Eugeniusz Picheta,485843546,,,,"
"Maciej Przygoda,485884903,,,,"
"Emilian Mrzyglod,485886724,P5,P,5,P"
"Stanislaw Opas,485844761,Q-1,Q,-1,Q"
"Ernest Stasilowicz,485846433,T-1,T,-1,T"
"Przemyslaw Pawlukiewicz,485851843,,,,"
"Rudolf Grochalski,485802176,,,,"
"Przemyslaw Michalski,485813959,,,,"
"Adrian Klysz,485842379,,,,"
"Krzysztof Genderka,485841748,T3,T,3,T"
"Jaroslaw Malysa,485846548,,,,"
"Stanislaw Kudlinski,485843329,P106,P,106,P"
"Przemyslaw Kudyba,485864636,Q22,Q,22,Q"
"Robert Mendera,485878851,,,,"
"Boleslaw Cyranowicz,485837821,,,,"
"Bartlomiej Saputin,485855410,U58,U,58,U"
"Juliusz Puzia,485822672,,,,"
"Waldemar Falinski,485871621,Q-1,Q,-1,Q"
"Slawomir Marcak,485879834,,,,"
"Maciej Podedworny,485862997,,,,"
"Michal Jeschke,485848923,,,,"
"Dariusz Milczek,485881048,,,,"
"Ryszard Checinski,485833925,Q4,Q,4,Q"
"Michal Bilas,485842071,,,,"
"Wladyslaw Cichowski,485874403,,,,"
"Robert Skrzypa,485881468,P39,P,39,P"
"Tomasz Kubski,485869772,H29,H,29,H"
"Grzegorz Lenarcik,485841358,Q18,Q,18,Q"
"Janusz Gorzka,485844940,,,,"
"Roman Bocon,485879216,,,,"
"Przemyslaw Kuczek,485865196,,,,"
"Jan Zuziak,485869917,U17,U,17,U"
"Piotr Lomulec,485831395,,,,"
"Leon Osmanski,485797729,,,,"
"Kazimierz Czuchra,485873297,P4,P,4,P"
"Cezary Lewkowski,485834837,Q-1,Q,-1,Q"
"Sylwester Hoffa,485834853,U63,U,63,U"
"Amadeusz Sniec,485842417,T2,T,2,T"
"Ariel Karwecki,485872192,,,,"
"Apoloniusz Okruszek,485883010,,,,"
"Witoslaw Kondeja,485847312,,,,"
"Hryhorii Potashev,485840897,H4,H,4,H"
"Benedykt Szmuc,485814587,H39,H,39,H"
"Jozef Kruszynski,485865086,,,,"
"Radomir Brzoski,485836002,,,,"
"Czeslaw Kukuczka,485851880,U2,U,2,U"
"Marceli Zolnierowski,485835917,,,,"
"Kazimierz Prusaczyk,485838386,P57,P,57,P"
"Marian Czubernat,485855174,,,,"
"Edmund Durczak,485838845,H141,H,141,H"
"Zdzislaw Borzynski,485861006,T4,T,4,T"
"Gerwazy Kielbasiewicz,485854638,U3,U,3,U"
"Marek Trzeszkowski,485841688,,,,"
"Waclaw Jalowski,485808227,,,,"
"Jozef Gnojewski,485891891,Q27,Q,27,Q"
"Otton Pedrycz,485866248,Q88,Q,88,Q"
"Ryszard Pukas,485811556,H1,H,1,H"
"August Chromiak,485805194,,,,"
"Jaroslaw Skorupinski,485860958,Q23,Q,23,Q"
"Joachim Borek,485812129,,,,"
"Mietek Zok,485888568,,,,"
"Andrzej Juscinski,485856624,,,,"
"Szymon Klecen,485868355,P53,P,53,P"
"Walter Bzdzion,485845670,,,,"
"Bogusz Noworol,485842922,U95,U,95,U"
"Adam Chroscik,485849555,,,,"
"Miroslaw Szmydt,485842748,Q190,Q,190,Q"
"Dariusz Herchel,485869626,H22,H,22,H"
"Guido Rehsprung,485879973,,,,"
"Leszek Gzik,485855351,,,,"
"Stanislaw Kanclerz,485870131,,,,"
"Leon Walkosz,485845888,T25,T,25,T"
"Ambrozy Skakuj,485877674,,,,"
"Marcin Antkowiak,485853617,H4,H,4,H"
"Stanislaw Ludian,485866784,,,,"
"Zenon Monka,485850448,,,,"
"Bogdan Kubasik,485839880,T5,T,5,T"
"Tomasz Giezek,485875510,,,,"
"Wlodzimierz Ogorzelski,485841330,,,,"
"Blazej Foremski,485839297,T7,T,7,T"
"Grzegorz Nucinski,485833507,,,,"
"Karol Wachnicki,485850490,T5,T,5,T"
"Krzysztof Godula,485839083,,,,"
"Zdzislaw Rawiak,485800457,,,,"
"Adam Smalec,485880686,T151,T,151,T"
"Fryderyk Pachowski,485855124,P4,P,4,P"
"Pawel Lasocha,485834667,,,,"
"Jozef Pindych,485860929,,,,"
"Jozef Czerepacha,485813449,,,,"
"Lech Dydek,485806790,T10,T,10,T"
"Doman Haratyk,485801207,U4,U,4,U"
"Bogdan Postek,485801183,,,,"
"Tomasz Hyz,485803410,,,,"
"Jacek Goral,485866189,,,,"
"Witold Rozanski,485839359,,,,"
"Waldemar Guzinski,485884821,Q-1,Q,-1,Q"
"Filemon Tadych,485812907,,,,"
"Wlodzimierz Mezyk,485875468,,,,"
"Edward Prondzinski,485850726,,,,"
"Andrzej Gniazdowski,485863858,,,,"
"Cezary Loboda,485829578,H8,H,8,H"
"Dawid Mos,485869082,Q4,Q,4,Q"
"Slawomir Zmyslony,485839893,U8,U,8,U"
"Pawel Jurczynski,485861539,,,,"
"Czeslaw Kusal,485797086,,,,"
"Rafal Bubik,485879237,,,,"
"Remigiusz Ponikwia,485812967,P4,P,4,P"
"Janusz Podkowski,485808316,U4,U,4,U"
"Sobieslaw Kijas,485849625,Q4,Q,4,Q"
"Cezary Nowakowicz,485835173,P28,P,28,P"
"Tomasz Borowski,485881074,P62,P,62,P"
"Wlodzimierz Prokopczyk,485807713,P27,P,27,P"
"Jan Grzech,485835333,P8,P,8,P"
"Yevhen Hres,485839248,,,,"
"Krzysztof Obtulowicz,485851713,Q46,Q,46,Q"
"Maksymilian Golanski,485873897,,,,"
"Krzesislaw Podolak,485810939,U1,U,1,U"
"Jakub Trelinski,485857096,T24,T,24,T"
"Przemyslaw Korcz,485826743,P29,P,29,P"
"Jedrzej Muszkat,485856526,T29,T,29,T"
"Patryk Dzierzkowski,485843956,U158,U,158,U"
"Dariusz Szymon,485869928,P4,P,4,P"
"Dominik Szymoniak,485866543,H15,H,15,H"
"Kazimierz Halkiewicz,485881858,,,,"
"Kuba Winiecki,485882973,,,,"
"Andrzej Machlowski,485851337,H14,H,14,H"
"Mariusz Romanowski,485797071,,,,"
"Jozef Maciorowski,485805868,Q32,Q,32,Q"
"Gerwazy Poroszewski,485840289,P99,P,99,P"
"Adrian Woznica,485837868,U88,U,88,U"
"Adam Starzynski,485862985,,,,"
"Grzegorz Tabisz,485839887,,,,"
"Robert Franiel,485860843,U15,U,15,U"
"Edmund Klamann,485841135,,,,"
"Kazimierz Krystosiak,485884421,Q64,Q,64,Q"
"Arkadiusz Obuch,485855956,,,,"
"Kazimierz Golka,485891175,P4,P,4,P"
"Sergiusz Wolej,485836877,,,,"
"Antoni Smagowski,485868298,,,,"
"Jakub Gaulhofer,485880792,U-1,U,-1,U"
"Sebastian Sulicz,485869980,T32,T,32,T"
"Leon Majcher,485800413,Q32,Q,32,Q"
"Piotr Dasiewicz,485848909,H8,H,8,H"
"Sebastian Branski,485805559,H120,H,120,H"
"Maciej Bahowski,485843573,,,,"
"Kamil Pokrop,485797680,U17,U,17,U"
"Dawid Stark,485807891,Q4,Q,4,Q"
"Jerzy Wasak,485873886,Q20,Q,20,Q"
"Adam Pilawa,485813951,U42,U,42,U"
"Jozef Rybski,485838597,,,,"
"Kamil Slusarek,485887941,P85,P,85,P"
"Henryk Grabowski,485876795,U74,U,74,U"
"Patryk Kanecki,485837910,Q22,Q,22,Q"
"Eustachiusz Lipka,485832789,T79,T,79,T"
"Marek Wojtkun,485804756,Q21,Q,21,Q"
"Fryderyk Wodzynski,485841214,Q92,Q,92,Q"
"Filip Durko,485805081,P177,P,177,P"
"Marek Gromala,485881850,,,,"
"Konrad Busz,485881373,Q4,Q,4,Q"
"Kalasanty Feldt,485810340,,,,"
"Wlodzimierz Jaruga,485809656,,,,"
"Przemyslaw Bielan,485839091,,,,"
"Tadeusz Just,485862856,U177,U,177,U"
"Dominik Gralik,485841552,U29,U,29,U"
"Bazyli Pyrka,485860373,,,,"
"Antoni Raba,485805107,H15,H,15,H"
"Rafal Berski,485841169,T0,T,0,T"
"Tadeusz Grabarczyk,485866767,Q-1,Q,-1,Q"
"Pawel Polok,485812838,P132,P,132,P"
"Grzegorz Basa,485846547,Q176,Q,176,Q"
"Remigiusz Kuprianowicz,485886745,,,,"
"Sebastian Flejszar,485810212,,,,"
"Lech Szejn,485849045,Q28,Q,28,Q"
"Kalasanty Wilinski,485875470,,,,"
"Wladyslaw Janowski,485842360,H8,H,8,H"
"Marcin Szulist,485828438,,,,"
"Stanislaw Kucma,485868570,U2,U,2,U"
"Hiacynt Jakimczuk,485841978,U36,U,36,U"
"Adrian Grodecki,485869390,Q28,Q,28,Q"
"Zbigniew Rebecki,485836850,,,,"
"Cezary Daroszewski,485841600,,,,"
"Maksymilian Pisarek,485817530,,,,"
"Przemyslaw Paluba,485840219,,,,"
"Jedrzej Korytowski,485872123,H-1,H,-1,H"
"Gustaw Musierowicz,485812141,H4,H,4,H"
"Marcin Puszkiewicz,485839587,,,,"
"Marek Zatorski,485802143,,,,"
"Konstancjusz Cwiklak,485877310,H3,H,3,H"
"Sebastian Wolanowski,485836058,,,,"
"Emil Keanu Syskoplan-Schneider,485805136,P4,P,4,P"
"Igor Wolfke,485798037,,,,"
"Zbigniew Polcyn,485837389,P22,P,22,P"
"Jedrzej Bartoszynski,485798055,Q128,Q,128,Q"
"Antoni Kubek,485844916,U45,U,45,U"
"Miroslaw Raczykowski,485840197,Q14,Q,14,Q"
"Zenon Kozimor,485834674,,,,"
"Czeslaw Grupa,485862974,,,,"
"Szymon Jakubski,485878881,,,,"
"Tadeusz Walkow,485841208,U5,U,5,U"
"Edward Starzak,485841630,,,,"
"Marek Baster,485879183,T170,T,170,T"
"Ryszard Salawa,485829709,,,,"
"Zdzislaw Jamka,485890035,,,,"
"Miroslaw Matwiej,485858313,,,,"
"Artur Palczak,485840637,,,,"
"Samuel Yeremitsa,485854724,,,,"
"Grzegorz Ryncarz,485849925,Q106,Q,106,Q"
"Marcin Galewicz,485800902,H4,H,4,H"
"Szymon Zabek,485840789,Q4,Q,4,Q"
"Jakub Kuras,485807852,,,,"
"Idzislaw Grzebski,485837962,,,,"
"Leszek Tomaszewicz,485841250,,,,"
"Grzegorz Lakoma,485856463,Q9,Q,9,Q"
"Dobieslaw Swiatczak,485839653,H64,H,64,H"
"Edward Smielak,485889106,P8,P,8,P"
"Artur Siatka,485881402,,,,"
"Michal Lenczyk,485807276,U-1,U,-1,U"
"Wiktor Charkiewicz,485856088,,,,"
"Kacper Paczula,485829542,U59,U,59,U"
"Cezary Bartniczak,485879379,,,,"
"Przemyslaw Osiewala,485834144,,,,"
"Szymon Grulkowski,485807306,U10,U,10,U"
"Daniel Wiatrak,485842783,,,,"
"Dawid Stolecki,485882229,T36,T,36,T"
"Bernard Siedlaczek,485856487,Q38,Q,38,Q"
"Arkadiusz Bobrek,485862908,,,,"
"Stanislaw Krawieczek,485851850,,,,"
"Lucjusz Mucko,485865691,,,,"
"Fryderyk Konowalski,485864588,,,,"
"Pawel Wiklinski,485879875,,,,"
"Jacek Paszkowski,485868733,Q32,Q,32,Q"
"Pawel Kublicki,485875020,T2,T,2,T"
"Bogdan Berlinski,485855825,U18,U,18,U"
"Wieslaw Swietlik,485806358,,,,"
"Cyprian Lobanowski,485854835,,,,"
"Albert Iwanski,485812249,,,,"
"Jan Dylus,485838422,P29,P,29,P"
"Arek Rusiecki,485842808,,,,"
"Jan Kozaczuk,485843186,,,,"
"Jaroslaw Czajewski,485871107,,,,"
"Karol Krawiec,485805363,,,,"
"Makar Shutkov,485822800,,,,"
"Marek Dowgiert,485840735,Q55,Q,55,Q"
"Karol Kozuchowski,485880249,P5,P,5,P"
"Jakub Ordowski,485886853,Q11,Q,11,Q"
"Feliks Gabryszak,485861629,Q4,Q,4,Q"
"Mscibor Wosiak,485803391,,,,"
"Filomen Helbin,485855434,Q85,Q,85,Q"
"Tadeusz Zjawin,485870390,,,,"
"Aureliusz Gruszczynski,485842557,,,,"
"Rafal Siry,485842910,,,,"
"Igor Karwan,485840927,U21,U,21,U"
"Damian Dluzynski,485837489,T163,T,163,T"
"Marcin Olinski,485855195,,,,"
"Jan Warecha,485837898,H106,H,106,H"
"Joachim Sibila,485802484,H-1,H,-1,H"
"Karol Smoliga,485856372,P90,P,90,P"
"Konrad Hermann,485797772,,,,"
"Rufus Slabik,485841530,,,,"
"Szymon Gwizdalski,485840925,,,,"
"Michal Trzaskalik,485858278,,,,"
"Andrzej Durczynski,485834788,,,,"
"Zygmunt Chojak,485837908,U5,U,5,U"
"Leopold Walentynowicz,485827587,P18,P,18,P"
"Maciej Brudnicki,485828437,P165,P,165,P"
"Grzegorz Bogatek,485844791,,,,"
"Bronislaw Figurski,485814224,Q18,Q,18,Q"
"Piotr Korwek,485851874,S14,S,14,S"
"Jerzy Ciesniewski,485883747,T1,T,1,T"
"Zygmunt Kosko,485841306,,,,"
"Henryk Antosz,485831230,,,,"
"Terencjusz Palica,485805609,,,,"
"Marcin Pych,485842487,,,,"
"Marek Helka,485857659,T3,T,3,T"
"Marcin Wysocki,485879515,H5,H,5,H"
"Viktor Vinokurov,485855501,P1,P,1,P"
"Miroslaw Maszota,485855981,H29,H,29,H"
"Przemyslaw Walczyna,485867528,T5,T,5,T"
"Maciej Brodalka,485889982,,,,"
"Franciszek Ubski,485805439,U35,U,35,U"
"Hiacynt Nikolski,485849825,,,,"
"Piotr Wojsa,485802166,,,,"
"Dezyderiusz Herrmann,485881422,P63,P,63,P"
"Marcin Sobotka,485858879,U-1,U,-1,U"
"Marek Kluczniak,485842331,U8,U,8,U"
"Boguslaw Losek,485804779,T11,T,11,T"
"Jaroslaw Wrzosek,485841735,,,,"
"Igor Deptula,485880711,P5,P,5,P"
"Rafal Dembinski,485872189,,,,"
"Bronislaw Bobryk,485858864,,,,"
"Stelios Samulewicz,485825646,,,,"
"Marcin Bogdan,485891076,,,,"
"Feliks Dziubala,485886148,,,,"
"Radoslaw Paszkiet,485875414,,,,"
"Pawel Boczulak,485889559,P92,P,92,P"
"Rudolf Kindler,485807266,,,,"
"Jozef Sadzinski,485861075,P22,P,22,P"
"Karol Grygo,485840345,Q7,Q,7,Q"
"Witold Sabik,485878903,,,,"
"Jerzy Dobiech,485865081,H60,H,60,H"
"Miron Wroczynski,485881798,H18,H,18,H"
"Lucjan Zys,485808145,,,,"
"Tomasz Bialk,485886840,P71,P,71,P"
"Flawian Miarka,485890445,,,,"
"Marek Widera,485859519,,,,"
"Gustaw Florczak,485870095,H46,H,46,H"
"Dobromysl Palinski,485839067,,,,"
"Konrad Korycki,485849809,P156,P,156,P"
"Henryk Neugebauer,485802144,Q63,Q,63,Q"
"Igor Gatnar,485875602,,,,"
"Adam Stefanow,485855250,P4,P,4,P"
"Ariel Gomula,485889181,U6,U,6,U"
"Wojciech Sworowski,485837799,,,,"
"Kornel Pierzchlewicz,485862400,,,,"
"Leslaw Synoradzki,485801184,H165,H,165,H"
"Mariusz Serafin,485881881,,,,"
"Karol Luczyszyn,485810267,,,,"
"Grzegorz Jursza,485855887,T-1,T,-1,T"
"Witold Zarosa,485873833,H19,H,19,H"
"Marek Walesiak,485877999,P27,P,27,P"
"Bronislaw Fafrowicz,485890381,T125,T,125,T"
"Edmund Janek,485868346,,,,"
"Jerzy Sieracki,485817553,,,,"
"Ireneusz Kraj,485876759,Q17,Q,17,Q"
"Adam Nowak,485878872,Q18,Q,18,Q"
"Maksym Koperzhynskyi,485834636,H84,H,84,H"
"Wiktor Klosinski,485840432,,,,"
"Tomasz Rajs,485873212,Q-1,Q,-1,Q"
"Baltazar Charazinski,485881063,Q164,Q,164,Q"
"Karol Byczynski,485820281,Q4,Q,4,Q"
"Kamil Berezinski,485832039,,,,"
"Czeslaw Wolna,485837422,,,,"
"Marian Pobiega,485891551,,,,"
"Patryk Wlochowicz,485855188,H70,H,70,H"
"Wilhelm Zarosa,485800920,T3,T,3,T"
"Lutoslaw Harasiuk,485870534,H11,H,11,H"
"Wiktor Tworkowski,485832744,H81,H,81,H"
"Maciej Soja,485812894,T4,T,4,T"
"Przemyslaw Kalek,485840669,T15,T,15,T"
"Dymitr Pikosz,485850399,,,,"
"Maciej Szymko,485874465,T110,T,110,T"
"Klaudiusz Nizio,485802020,T1,T,1,T"
"Boleslaw Danielewski,485813403,,,,"
"Slawomir Hul,485869201,H4,H,4,H"
"Szymon Darnowski,485871441,,,,"
"Waclaw Cieszkowski,485851780,Q5,Q,5,Q"
"Bozymir Kazimierczuk,485814196,,,,"
"Radoslaw Fiertek,485865613,,,,"
"Marceli Jozefowicz,485840264,,,,"
"Radoslaw Federowicz,485837485,P5,P,5,P"
"Fryderyk Grzebinski,485886186,,,,"
"Wladyslaw Bieniecki,485859663,H64,H,64,H"
"Damian Dragan,485880243,,,,"
"Edmund Dopierala,485801660,,,,"
"Tomasz Rympielak,485859592,,,,"
"Bogdan Pacuk,485809689,,,,"
"Andrzej Ziemczyk,485803431,,,,"
"Wielislaw Szoszuk,485866181,P150,P,150,P"
"Arek Krzeszowski,485868741,T92,T,92,T"
"Czeslaw Zabnicki,485843466,,,,"
"Slawomir Wisniecki,485806759,,,,"
"Hubert Kornek,485850364,,,,"
"Constantin Henn,485825685,,,,"
"Piotr Derek,485841482,,,,"
"Benedykt Filek,485889133,P53,P,53,P"
"Marek Hetmanczyk,485809494,U148,U,148,U"
"Miroslaw Gabryelski,485880264,,,,"
"Franciszek Danowski,485841790,,,,"
"Samuel Balcerak,485863868,P26,P,26,P"
"Piotr Dmitruk,485822643,U25,U,25,U"
"Roman Zaczyk,485832067,H40,H,40,H"
"Wladyslaw Gozdzikowski,485824043,Q-1,Q,-1,Q"
"Wieslaw Wojtacki,485822979,,,,"
"Alfred Chorazy,485887192,H15,H,15,H"
"Arkadiusz Wczesniak,485837406,P-1,P,-1,P"
"Wlodzimierz Nizinski,485870529,,,,"
"Przemyslaw Bankiewicz,485805532,,,,"
"Boguslaw Kluczek,485876660,,,,"
"Maciej Wodz,485849098,,,,"
"Emil Bota,485797634,T-1,T,-1,T"
"Konrad Graj,485873830,P64,P,64,P"
"Dominik Araszewski,485843517,,,,"
"Miroslaw Swiecki,485868328,T37,T,37,T"
"Lech Zboralski,485857391,,,,"
"Oskar Roca,485835731,U32,U,32,U"
"Hubert Gendera,485815202,Q26,Q,26,Q"
"Ludwik Felsztynski,485840333,,,,"
"Wlodzimierz Robak,485806323,,,,"
"Mykhailo Kozenko,485889088,,,,"
"Miroslaw Biskupski,485869630,,,,"
"Zbigniew Fras,485838154,H-1,H,-1,H"
"Tomasz Dopart,485819095,U123,U,123,U"
"Kleofas Bajerowski,485808258,Q-1,Q,-1,Q"
"Miroslaw Charzynski,485861547,P4,P,4,P"
"Cyprian Jaroszewski,485870420,,,,"
"Bartlomiej Bulawski,485812876,,,,"
"Franciszek Radosz,485890293,U149,U,149,U"
"Falk Drey,485863776,,,,"
"Kasper Dubowski,485805542,,,,"
"Dominik Grajczak,485892301,P151,P,151,P"
"Ingo Travelmann,485852789,H31,H,31,H"
"Jozef Bylicki,485840010,,,,"
"Michal Osipowicz,485837589,,,,"
"Piotr Modras,485839118,P4,P,4,P"
"Adrian Obrazowicz,485880860,,,,"
"Pawel Gawinek,485846422,T0,T,0,T"
"Marek Stojanowski,485870124,P71,P,71,P"
"Wojciech Szpiech,485805133,H19,H,19,H"
"Konrad Wardaszko,485872788,U32,U,32,U"
"Sebastian Kenig,485854748,,,,"
"Ignacy Sznicer,485857847,,,,"
"Jan Kramarczyk,485843406,P14,P,14,P"
"Ignacy Murdza,485875426,H142,H,142,H"
"Cyryl Orlowski,485843291,U37,U,37,U"
"Pawel Tambor,485888566,Q11,Q,11,Q"
"Maciej Napiorkowski,485854719,,,,"
"Jacek Martyna,485840662,,,,"
"Egon Tiedemann,485840969,U-1,U,-1,U"
"Wlodzimierz Mleczko,485839574,,,,"
"Seweryn Durbacz,485875405,T3,T,3,T"
"Czeslaw Tatarynowicz,485869807,T45,T,45,T"
"Marcin Mrozkiewicz,485847561,U4,U,4,U"
"Artur Gizinski,485879829,H4,H,4,H"
"Konstanty Grzeszczak,485837948,,,,"
"Patryk Grosiecki,485839380,P4,P,4,P"
"Rafal Mil,485871053,Q-1,Q,-1,Q"
"Lukasz Waltos,485834913,,,,"
"Jozef Monka,485862955,,,,"
"Grzegorz Placek,485808876,T24,T,24,T"
"Kamil Kola,485834919,,,,"
"Edmund Bazarnik,485884277,Q8,Q,8,Q"
"Janusz Terech,485808135,,,,"
"Andrzej Styrczula,485883646,,,,"
"Jakub Holubasz,485838577,,,,"
"Jan Dziki,485857370,Q0,Q,0,Q"
"Gustaw Nieradka,485837796,T4,T,4,T"
"Stanislaw Maranda,485832126,,,,"
"Tadeusz Zagorowski,485800436,H4,H,4,H"
"Czeslaw Mizerek,485864669,T32,T,32,T"
"Adrian Wichlacz,485851782,T78,T,78,T"
"Andrzej Fraszczyk,485810912,,,,"
"Stanislaw Wrzesinski,485844924,,,,"
"Jerzy Ciupek,485854693,H4,H,4,H"
"Eustachiusz Nowek,485806850,,,,"
"Pawel Debicki,485883701,T4,T,4,T"
"Jakub Osadnik,485841503,P55,P,55,P"
"Marek Falkowicz,485874974,,,,"
"Sobieslaw Grzebinoga,485835169,U1,U,1,U"
"Aurelian Niesiobedzki,485868648,Q4,Q,4,Q"
"Bartosz Smiglewski,485835579,,,,"
"Sieroslaw Rzeznicki,485865177,T4,T,4,T"
"Miroslaw Lodzki,485843411,P4,P,4,P"
"Wieslaw Olak,485835960,P4,P,4,P"
"Wielislaw Bartocha,485806412,T3,T,3,T"
"Lucjan Oplatek,485874405,,,,"
"Kuba Golek,485837414,Q25,Q,25,Q"
"Lukasz Poniznik,485867815,U39,U,39,U"
"Michal Kruczkowski,485844092,U-1,U,-1,U"
"Yelizar Demchak,485812202,U97,U,97,U"
"Jedrzej Nowara,485873189,P64,P,64,P"
"Eugeniusz Potomiak,485881098,Q4,Q,4,Q"
"Florian Kaliszan,485864474,,,,"
"Michal Konopinski,485891958,P4,P,4,P"
"Antoni Gaj,485858172,T-1,T,-1,T"
"Eustachiusz Baraniecki,485891915,H25,H,25,H"
"Tomasz Oglaza,485862980,U17,U,17,U"
"Adam Dzieciuch,485888783,,,,"
"Szymon Antos,485840968,,,,"
"Kacper Sniezek,485834004,,,,"
"Florian Bokwa,485857527,,,,"
"Marcin Szczupak,485840044,Q108,Q,108,Q"
"Dobiemir Grochowina,485848348,U14,U,14,U"
"Mateusz Czuper,485826565,U25,U,25,U"
"Piotr Soporek,485879137,,,,"
"Tadeusz Ochecki,485841114,,,,"
"Hugo Roslicki,485873899,T69,T,69,T"
"Patryk Stefanowski,485839116,,,,"
"Miroslaw Lach,485864713,,,,"
"Ludolf Serek,485884340,,,,"
"Krzysztof Chrzastowski,485883703,H-1,H,-1,H"
"Teodor Deskiewicz,485886729,H4,H,4,H"
"Zenon Witonski,485886799,,,,"
"Werner Cwiakala,485878637,U4,U,4,U"
"Albert Dragowski,485873785,,,,"
"Robert Ochojski,485886159,,,,"
"Yelizar Karmalita,485806007,,,,"
"Tadeusz Jurczyszyn,485806460,,,,"
"Gniewosz Meyer,485842490,P91,P,91,P"
"Jakub Figat,485890383,Q32,Q,32,Q"
"Adam Wysok,485886297,,,,"
"Grzegorz Stryjek,485840111,U25,U,25,U"
"Albin Pierniczak,485869724,U12,U,12,U"
"Andrzej Nycz,485836394,,,,"
"Zdzislaw Szczebiot,485874329,T57,T,57,T"
"Leszek Masiewicz,485891118,H13,H,13,H"
"Mieczyslaw Kulakowski,485846595,,,,"
"Cyprian Kwasny,485847145,,,,"
"Przemyslaw Gatulak,485823045,,,,"
"Remigiusz Szutko,485839319,,,,"
"Pawel Swiatek,485839252,,,,"
"Stanislaw Mazela,485867567,H-1,H,-1,H"
"Szymon Szczygielski,485855189,Q12,Q,12,Q"
"Bonifacy Rysz,485888554,H57,H,57,H"
"Jakub Sujka,485835258,,,,"
"Jeremi Wierzycki,485837590,Q4,Q,4,Q"
"Czeslaw Gortynski,485842660,,,,"
"Aleksander Stanco,485889192,Q4,Q,4,Q"
"Piotr Podsiadly,485835621,,,,"
"Adrian Ryszawy,485843535,H88,H,88,H"
"Dariusz Krasnodebski,485860847,,,,"
"Goslaw Mitoraj,485865124,,,,"
"Jaroslaw Zarychta,485868784,P15,P,15,P"
"Janusz Zabicki,485830355,,,,"
"Dawid Kijko,485842423,P85,P,85,P"
"Gracjan Mazepa,485840849,T18,T,18,T"
"Czeslaw Brodzinski,485841944,,,,"
"Krzysztof Smulski,485850396,H4,H,4,H"
"Rafal Falarz,485839378,Q139,Q,139,Q"
"Tymon Bugnacki,485875521,,,,"
"Maciej Bera,485881930,Q88,Q,88,Q"
"Feliks Jureczka,485835090,H102,H,102,H"
"Telesfor Olbert,485862268,,,,"
"Dariusz Zabinski,485836854,,,,"
"Czeslaw Zabnicki,485801236,,,,"
"Mateusz Stelmaszek,485888501,,,,"
"Valentyn Kulakov,485851222,,,,"
"Edmund Mosakowski,485846507,P5,P,5,P"
"Jozef Krupa,485886751,P5,P,5,P"
"Jozef Kalicki,485837366,,,,"
"Witold Walerczak,485798118,,,,"
"Bronislaw Struski,485821246,,,,"
"Jan Radaszkiewicz,485891844,,,,"
"Patryk Wawrzycki,485834917,,,,"
"Alojzy Maron,485841876,Q129,Q,129,Q"
"Ludwik Gola,485876722,,,,"
"Mariusz Gajec,485857870,,,,"
"Jaroslaw Dabrowski,485835604,,,,"
"Edmund Pacan,485869916,Q52,Q,52,Q"
"Marian Kornas,485883616,,,,"
"Leopold Jagielo,485841343,,,,"
"Zygmunt Mielcarski,485846504,,,,"
"Janusz Kobryn,485813937,P27,P,27,P"
"Stanislaw Kociszyn,485838106,Q26,Q,26,Q"
"Jaroslaw Krzywania,485857195,,,,"
"Walter Waz,485870072,,,,"
"Jerzy Ciezkowski,485843471,,,,"
"Beniamin Brewinski,485869224,H43,H,43,H"
"Brodzislaw Galwas,485838347,,,,"
"Rudolf Oleski,485841311,Q-1,Q,-1,Q"
"Pawel Swierczewski,485840131,,,,"
"Simon Rielich,485889085,T-1,T,-1,T"
"Marek Krysiak,485841751,Q5,Q,5,Q"
"Krzysztof Tochowicz,485864522,P10,P,10,P"
"Kazimierz Mical,485840697,P131,P,131,P"
"Amadeusz Grabkowski,485839634,,,,"
"Pawel Dzioba,485847553,,,,"
"Wlodzimierz Latocha,485844238,S-1,S,-1,S"
"Juliusz Bulakowski,485879432,P17,P,17,P"
"Jakub Jaszek,485870566,,,,"
"Marek Janda,485805494,P43,P,43,P"
"Maciej Alwast,485814763,T7,T,7,T"
"Bronislaw Sapieha,485840177,,,,"
"Edgar Dylinski,485801733,,,,"
"Protazy Wolczyk,485854011,Q22,Q,22,Q"
"Szymon Kowal,485881425,U50,U,50,U"
"Jerzy Palusinski,485823713,U57,U,57,U"
"Nikodem Bolechowski,485807807,,,,"
"Waldemar Elwart,485825858,P18,P,18,P"
"Seweryn Kowaleczko,485868363,T-1,T,-1,T"
"Marcin Skwiot,485889579,,,,"
"Gawel Kroliczak,485841425,P88,P,88,P"
"Filip Olko,485841270,,,,"
"Maciej Pisalski,485848132,Q31,Q,31,Q"
"Anastazy Harabasz,485873752,Q127,Q,127,Q"
"Gerwazy Knopik,485855163,,,,"
"Mikolaj Oryl,485889186,Q11,Q,11,Q"
"Jerzy Klyk,485841212,P-1,P,-1,P"
"Cyryl Waniek,485874902,,,,"
"Bartosz Waligora,485807237,U4,U,4,U"
"Mieczyslaw Beza,485828439,,,,"
"Waldemar Micor,485798467,P4,P,4,P"
"Zenon Wasicki,485883606,U10,U,10,U"
"Ludwik Hak,485873207,,,,"
"January Rupala,485865627,,,,"
"Krzysztof Kuzdub,485826690,,,,"
"Sigurd Umschaden,485799770,U36,U,36,U"
"Radoslaw Brzuszek,485871008,,,,"
"Andrzej Wygladacz,485839960,,,,"
"Aleksander Fruzynski,485838294,P-1,P,-1,P"
"Krzysztof Patyna,485854399,P43,P,43,P"
"Alfred Bukowy,485858904,,,,"
"Dariusz Kordecki,485841755,U11,U,11,U"
"Horacy Radziwanowski,485837947,H-1,H,-1,H"
"Ryszard Szuba,485839096,,,,"
"Marcin Chudaszek,485801593,P3,P,3,P"
"Miroslaw Zenderowski,485842075,,,,"
"Adrian Maciulewicz,485872235,T81,T,81,T"
"Rajmund Kostanski,485871509,H16,H,16,H"
"Sergiusz Barzowski,485872787,,,,"
"Ernest Plinski,485843357,H24,H,24,H"
"Roman Jakubowski,485862847,,,,"
"Leszek Godula,485865268,U4,U,4,U"
"Marcin Wlodkiewicz,485842611,,,,"
"Wiktor Lesner,485865736,,,,"
"Tomasz Laskonogi,485838001,H36,H,36,H"
"Juliusz Dawidczyk,485841795,,,,"
"Cezary Bela,485804427,Q50,Q,50,Q"
"Reinhart Seller,485880294,Q-1,Q,-1,Q"
"Stefan Kmin,485843596,,,,"
"Jakub Ceret,485892362,U63,U,63,U"
"Przemyslaw Korycinski,485856041,,,,"
"Wolfgang Kastorf,485865219,,,,"
"Jan Karaskiewicz,485889506,,,,"
"Jakub Zbikowski,485839244,,,,"
"Edmund Czyzyk,485805927,,,,"
"Kamil Klej,485888221,,,,"
"Frederik Herbeck,485848868,T4,T,4,T"
"Eugeniusz Jaskow,485814544,,,,"
"Jaroslaw Wilczarski,485854730,Q71,Q,71,Q"
"Wlodzimierz Szutkowski,485868214,,,,"
"Marek Godula,485818789,,,,"
"Wojciech Kokosza,485839146,,,,"
"Rafal Gagolewski,485858851,T-1,T,-1,T"
"Krzysztof Kosik,485838405,P43,P,43,P"
"Mieczyslaw Woroniecki,485802145,H-1,H,-1,H"
"Jakub Dufaj,485880206,,,,"
"Konrad Olesiuk,485875423,,,,"
"Janusz Zbrzezny,485849920,Q121,Q,121,Q"
"Lech Krzysiek,485869694,,,,"
"Michal Bieniewicz,485840191,,,,"
"Gawel Junski,485842914,,,,"
"Pawel Uryn,485840294,U4,U,4,U"
"Dariusz Beger,485834226,H130,H,130,H"
"Przemyslaw Raciborski,485823642,T88,T,88,T"
"Lech Jerzy,485873226,,,,"
"Igor Trus,485841481,,,,"
"Ryszard Kanicki,485859724,Q4,Q,4,Q"
"Janusz Izydorczyk,485837555,P36,P,36,P"
"Karol Kobielusz,485801658,,,,"
"Tobiasz Cieply,485889999,,,,"
"Mikolaj Pankanin,485847578,,,,"
"Arkadiusz Rospond,485864563,U-1,U,-1,U"
"Lukasz Zakalec,485838356,P-1,P,-1,P"
"Jaroslaw Wolnicki,485865097,,,,"
"Teofil Lodzinski,485805885,,,,"
"Gabriel Kiernozek,485857892,P-1,P,-1,P"
"Grzegorz Niklas,485841931,,,,"
"Andrzej Zoladz,485849573,,,,"
"Gustaw Kucharuk,485848392,T4,T,4,T"
"Dariusz Sapko,485841728,P36,P,36,P"
"Jedrzej Jedlinski,485848278,P33,P,33,P"
"Henryk Iwaniec,485866219,,,,"
"Artek Klukowski,485876763,,,,"
"Sebastian Pelowski,485850459,H73,H,73,H"
"Ariel Saltarski,485880309,,,,"
"Zdzislaw Szuleta,485886174,P9,P,9,P"
"Pecislaw Solek,485840726,T111,T,111,T"
"Tomasz Kedzierski,485874878,,,,"
"Miroslaw Chojnowski,485838092,,,,"
"Wlodzimierz Dworak,485849786,H4,H,4,H"
"Albin Bluma,485870107,,,,"
"Przemyslaw Przydatek,485837491,Q4,Q,4,Q"
"Hryhorii Skish,485807310,,,,"
"Aleks Tomalak,485810951,,,,"
"Adam Chwesiuk,485838273,,,,"
"Marek Krypel,485840267,U-1,U,-1,U"
"Walery Goluch,485833620,U4,U,4,U"
"Mieczyslaw Choinski,485871110,T25,T,25,T"
"Wieslaw Kupracz,485811735,,,,"
"Antoni Nowak,485884794,,,,"
"Leszek Gamalczyk,485842633,,,,"
"Stanislaw Czosnyka,485805149,,,,"
"Lech Batycki,485876837,,,,"
"Konrad Chochowski,485839626,H114,H,114,H"
"Miroslaw Gogolewski,485858211,P14,P,14,P"
"Michal Stawiarski,485842482,H73,H,73,H"
"Krzysztof Zarczynski,485868205,,,,"
"Onufry Draminski,485806841,H-1,H,-1,H"
"Juliusz Marcjan,485820813,P64,P,64,P"
"Gustaw Zwolski,485870478,Q-1,Q,-1,Q"
"Aleksander Wyszka,485837393,H74,H,74,H"
"Robert Poncyljusz,485867868,,,,"
"Hansbernd Been,485833270,U29,U,29,U"
"Wlodzimierz Kuster,485857307,,,,"
"Jerzy Dziub,485880212,,,,"
"Szymon Duchnowski,485840078,,,,"
"Jerzy Dzielski,485806029,,,,"
"Kasper Kusiak,485800826,H-1,H,-1,H"
"Roderyk Woznica,485837994,,,,"
"Ferdynand Zaboklicki,485834661,,,,"
"Kazimierz Kobierowski,485848148,P-1,P,-1,P"
"Pawel Laszcz,485835118,P4,P,4,P"
"Sebastian Huczko,485840952,Q4,Q,4,Q"
"Blazej Przeor,485801226,H4,H,4,H"
"Wojciech Kawiorski,485809006,U4,U,4,U"
"Pawel Jurgiel,485887193,,,,"
"Radoslaw Rzepski,485843439,H-1,H,-1,H"
"Gawel Klucz,485879460,U4,U,4,U"
"Sebastian Bereza,485839718,P4,P,4,P"
"Yehor Berezovchuk,485841301,,,,"
"Ireneusz Walega,485828332,H-1,H,-1,H"
"Stanislaw Szafranek,485830238,,,,"
"Witold Chachaj,485841975,,,,"
"Edmund Murzynski,485859597,,,,"
"Jan Radziejowski,485860221,Q40,Q,40,Q"
"Zbigniew Bucholc,485882972,Q116,Q,116,Q"
"Robert Bratko,485860265,H21,H,21,H"
"Konrad Rembelski,485864683,,,,"
"Horacy Pyszka,485849682,,,,"
"Artur Kaczykowski,485804445,H29,H,29,H"
"Maksymilian Rozek,485889119,,,,"
"Gerwazy Jagielski,485842333,H-1,H,-1,H"
"Marian Dworok,485838566,P29,P,29,P"
"Michal Banicki,485832428,,,,"
"Boguslaw Ponieczak,485844020,Q4,Q,4,Q"
"Ignacy Wawrzyniuk,485831499,,,,"
"Wladyslaw Zawojski,485856439,P4,P,4,P"
"Yurii Kania,485807337,U2,U,2,U"
"Radomir Gryza,485801638,Q57,Q,57,Q"
"Giedymin Jasielski,485857783,U67,U,67,U"
"Tomasz Korzym,485838807,Q-1,Q,-1,Q"
"Marian Gogolewski,485890377,P43,P,43,P"
"Andrzej Babczynski,485810199,,,,"
"Jozef Nalewajek,485854727,Q4,Q,4,Q"
"Swietopelk Paruzel,485891197,T1,T,1,T"
"Janislaw Holynski,485846233,H49,H,49,H"
"Witold Szymala,485860960,H14,H,14,H"
"Bartlomiej Zolna,485839682,U50,U,50,U"
"Godfryd Ruminkiewicz,485838157,U-1,U,-1,U"
"Bartlomiej Golacik,485840693,P22,P,22,P"
"Gawel Prus,485813432,,,,"
"Witold Mikolajczyk,485845582,,,,"
"Lucjusz Jarocki,485839859,,,,"
"Jozef Lecznar,485842380,,,,"
"Wlodek Burak,485879810,H-1,H,-1,H"
"Dominik Sowik,485866146,H4,H,4,H"
"Dawid Kuziel,485841817,,,,"
"Krzysztof Ducki,485883694,U9,U,9,U"
"Pawel Brzuchalski,485811763,,,,"
"Ambrozy Syty,485843321,,,,"
"Adam Mroczek,485839069,,,,"
"Wlodzimierz Szklarek,485844872,U50,U,50,U"
"Frank Junginger,485854277,U4,U,4,U"
"Pawel Adamkiewicz,485834920,H4,H,4,H"
"Dariusz Zommer,485888843,H67,H,67,H"
"Kornel Krakowski,485858112,,,,"
"Maciej Wolowicz,485850680,,,,"
"Adam Cyrek,485841681,P-1,P,-1,P"
"Henryk Misiurski,485884896,,,,"
"Zygmunt Moniak,485879419,,,,"
"Stanislaw Ozdoba,485855827,,,,"
"Konrad Makaron,485873316,Q67,Q,67,Q"
"Marcin Kapuscik,485892287,,,,"
"Piotr Jasiak,485843513,,,,"
"Wlodzimierz Jenarzewski,485841715,T13,T,13,T"
"Jozef Pietrusinski,485855181,Q22,Q,22,Q"
"Przemyslaw Opieka,485820383,,,,"
"Jerzy Michonski,485854357,Q-1,Q,-1,Q"
"Jakub Grabek,485849749,,,,"
"Jaroslaw Cymbaluk,485849620,,,,"
"Ignacy Mizura,485874919,,,,"
"Rudolf Opoka,485805398,,,,"
"Maksymilian Babiak,485847166,P22,P,22,P"
"Tomasz Borucha,485858887,,,,"
"Przemyslaw Lastocki,485837512,U4,U,4,U"
"Daniel Sledziona,485860453,,,,"
"Bartlomiej Lademann,485808267,S29,S,29,S"
"Robert Swiatkowski,485804382,H10,H,10,H"
"Andrzej Pawlukowski,485877214,P4,P,4,P"
"Marek Sarowski,485889143,,,,"
"Maciej Gabryluk,485847382,Q4,Q,4,Q"
"Walerian Zeman,485833644,,,,"
"Lukasz Makiewicz,485866259,,,,"
"Racibor Doczekalski,485886827,Q-1,Q,-1,Q"
"Tobiasz Kulis,485889434,,,,"
"Tomasz Rochon,485845943,,,,"
"Maciej Ketler,485859016,H115,H,115,H"
"Fryderyk Szachniewicz,485855268,,,,"
"Mariusz Glazik,485865227,P4,P,4,P"
"Edmund Kyc,485847571,H28,H,28,H"
"Marek Urzedowski,485875435,,,,"
"Ariel Czul,485863651,P67,P,67,P"
"Jan Gielda,485854692,T8,T,8,T"
"Adrian Bladek,485857240,,,,"
"Gustaw Bryl,485882517,P4,P,4,P"
"Gustaw Kacprzak,485841077,,,,"
"Cezary Sulzycki,485838083,P27,P,27,P"
"Jakub Radziwonka,485856664,,,,"
"Szymon Stochmal,485858374,,,,"
"Kuba Nos,485806427,,,,"
"Robert Janek,485811517,P-1,P,-1,P"
"Michal Filanowski,485885367,U64,U,64,U"
"Jan Piasecki,485837961,T-1,T,-1,T"
"Marek Wrzoskiewicz,485848845,U3,U,3,U"
"Karol Baszanowski,485805578,H11,H,11,H"
"Jerzy Fisz,485841217,U22,U,22,U"
"Piotr Pilawski,485839908,U-1,U,-1,U"
"Marcin Szewc,485833302,H-1,H,-1,H"
"Gniewosz Lejman,485890300,H53,H,53,H"
"Marcin Matwiej,485843553,,,,"
"Jakub Miodowicz,485842463,,,,"
"Waclaw Pacyk,485847418,Q4,Q,4,Q"
"Jerzy Mojsak,485864681,H4,H,4,H"
"Felix Blaul,485869204,U4,U,4,U"
"Damian Sopolinski,485880287,Q107,Q,107,Q"
"Jerzy Rozycki,485890351,,,,"
"Emil Cacko,485838217,,,,"
"Maciej Wachalski,485813954,,,,"
"Igor Krasnosielc,485838131,P60,P,60,P"
"Oleksii Priadun,485890378,T6,T,6,T"
"Karol Golenia,485842421,,,,"
"Bronislaw Jalosinski,485854420,Q4,Q,4,Q"
"Konrad Grad,485856089,Q4,Q,4,Q"
"Konrad Czarnik,485844194,H68,H,68,H"
"Pawel Marcinkiewicz,485849978,H3,H,3,H"
"Cyprian Zimnicki,485862353,,,,"
"Tytus Ciurzynski,485877586,Q97,Q,97,Q"
"Achacy Sarnicki,485837498,U36,U,36,U"
"Krzysztof Ilowski,485841574,,,,"
"Boleslaw Poniatowski,485865079,Q8,Q,8,Q"
"Robert Manka,485850394,,,,"
"Seweryn Kadziola,485839277,P-1,P,-1,P"
"Slawomir Potoczny,485879109,U43,U,43,U"
"Jeremi Kolak,485842366,,,,"
"Andrzej Kosciecha,485887297,,,,"
"Dominik Dembek,485839747,R4,R,4,R"
"Leon Kotarski,485864553,Q-1,Q,-1,Q"
"Wladyslaw Dobski,485876190,,,,"
"Walenty Klein-Mullersmann,485856371,,,,"
"Zygmunt Franecki,485876135,,,,"
"Marcin Matyszewski,485879800,H2,H,2,H"
"Daniel Kasiak,485838093,,,,"
"Dariusz Wiergowski,485860167,H60,H,60,H"
"Ambrozy Dubielak,485859061,U4,U,4,U"
"Beniamin Iwaniak,485851467,,,,"
"Jakub Snopko,485840190,Q15,Q,15,Q"
"Jan Skalec,485840775,,,,"
"Stanislaw Dorynek,485876109,,,,"
"Pawel Korpik,485843165,P4,P,4,P"
"Kajetan Gawecki,485865128,,,,"
"Mateusz Lempicki,485881084,,,,"
"Wladyslaw Kazimierowski,485842795,Q29,Q,29,Q"
"Serhii Malitka,485880134,P2,P,2,P"
"Bartosz Wers,485870580,,,,"
"Przemyslaw Rohde,485841210,,,,"
"Marcin Ratajczak,485868359,,,,"
"Roman Maduzia,485846323,,,,"
"Krzysztof Drach,485889513,,,,"
"Jan Nieckarz,485841917,,,,"
"Jozef Piwowar,485859593,T-1,T,-1,T"
"Joachim Strzelecki,485857623,H60,H,60,H"
"Odon Janczy,485872585,,,,"
"Boguslaw Maciejak,485848289,P-1,P,-1,P"
"Jan Owsianik,485889201,,,,"
"Krzesislaw Piekucinski,485841665,,,,"
"Jaroslaw Ertman,485843496,,,,"
"Feliks Bojko,485849646,Q4,Q,4,Q"
"Antek Sen,485838892,T8,T,8,T"
"Jozef Paterski,485841651,P60,P,60,P"
"Maciej Wojnicki,485834629,U60,U,60,U"
"Maciej Dobinski,485890030,,,,"
"Kasjan Siembida,485889570,,,,"
"Marian Zelazowski,485843301,P-1,P,-1,P"
"Stanislaw Latusek,485849038,T-1,T,-1,T"
"Igor Piorunowski,485854324,S-1,S,-1,S"
"Edward Wojtacha,485862478,Q-1,Q,-1,Q"
"Ihor Kravets,485839866,,,,"
"Jerzy Kot,485839737,,,,"
"Jozef Rusek,485880720,U-1,U,-1,U"
"Fabian Pauch,485850318,T100,T,100,T"
"Szymon Czech,485873928,,,,"
"Aleksander Waleszczynski,485840975,,,,"
"Piotrek Czarnecki,485879845,P21,P,21,P"
"Jaroslaw Stawinski,485838421,T36,T,36,T"
"Patryk Kubczak,485862312,H4,H,4,H"
"Jakub Klebek,485879901,,,,"
"Ksenofont Miesiolek,485843615,H-1,H,-1,H"
"Sedzislaw Kubera,485858876,Q8,Q,8,Q"
"Franciszek Gaj,485849759,Q59,Q,59,Q"
"Lucjan Gaj,485856653,,,,"
"Zbigniew Kluz,485847329,,,,"
"Mateusz Czekierda,485854955,,,,"
"Maciej Dutkiewicz,485842893,Q4,Q,4,Q"
"Tomasz Milkowski,485846228,Q-1,Q,-1,Q"
"Jacek Rowicki,485876171,,,,"
"Maciej Hajduga,485882293,,,,"
"Wiktor Osmanski,485847420,,,,"
"Jaroslaw Sztein,485863852,,,,"
"Ireneusz Charczuk,485887958,H50,H,50,H"
"Maurycy Romer,485840237,P60,P,60,P"
"Ludwik Rozowski,485869272,P27,P,27,P"
"Andrzej Krzaczynski,485885250,H4,H,4,H"
"Anatol Recembel,485843940,,,,"
"Lech Chudziak,485869322,U67,U,67,U"
"Leopold Koterwa,485855780,T4,T,4,T"
"Wlodzimierz Baldyga,485863724,T100,T,100,T"
"Radoslaw Tobis,485839582,P29,P,29,P"
"Sylwester Dukowicz,485857379,,,,"
"Szymon Marcjan,485854721,U4,U,4,U"
"Konrad Aleksa,485861623,T-1,T,-1,T"
"Nikodem Dolna,485841472,,,,"
"Florencjusz Korpacki,485849604,,,,"
"Szczepan Konkel,485842840,,,,"
"Fabian Borejko,485876789,U15,U,15,U"
"Hektor Lagodzinski,485844280,,,,"
"Marceli Bujnik,485870355,,,,"
"Mateusz Wydra,485850676,T28,T,28,T"
"Fabian Kaczka,485857389,,,,"
"Piotr Furmanek,485876844,U100,U,100,U"
"Boleslaw Kujawski,485840856,,,,"
"Leon Kubis,485812823,T-1,T,-1,T"
"Marcin Dziurkowski,485875008,Q-1,Q,-1,Q"
"Leon Zalkowski,485848325,U4,U,4,U"
"Alfred Falacinski,485863712,,,,"
"Przemyslaw Goscinski,485857082,,,,"
"Wojciech Radlo,485874460,U15,U,15,U"
"Mariusz Prusinski,485848801,Q43,Q,43,Q"
"Daniel Tyczynski,485840633,,,,"
"Damian Krasicki,485889965,U59,U,59,U"
"Stanislaw Wardak,485843542,H-1,H,-1,H"
"Jakub Soczek,485850436,,,,"
"Patryk Doroz,485883026,H4,H,4,H"
"Antoni Wojciechowski,485849707,Q15,Q,15,Q"
"Stanislaw Danych,485868244,T-1,T,-1,T"
"Lutoslaw Baraniak,485837280,Q8,Q,8,Q"
"Ryszard Poziemski,485891156,T36,T,36,T"
"Grzegorz Radoszewski,485868701,P-1,P,-1,P"
"Mariusz Marek,485862294,,,,"
"Zbigniew Lastocki,485858164,H4,H,4,H"
"Krzysztof Zaton,485864578,,,,"
"Jozef Kaczynski,485848242,,,,"
"Sobieslaw Wyzinski,485852405,P42,P,42,P"
"Baltazar Zaluga,485860985,T-1,T,-1,T"
"Dariusz Jackowiak,485845929,U-1,U,-1,U"
"Leslaw Szarek,485841687,,,,"
"Wienczyslaw Wasyluk,485861585,,,,"
"Leszek Lepionka,485857163,,,,"
"Walenty Kolarz,485843167,,,,"
"Robert Sloniewski,485883609,H-1,H,-1,H"
"Polikarp Szremski,485856477,,,,"
"Andrzej Antolak,485848884,,,,"
"Marek Grybel,485841637,H44,H,44,H"
"Piotr Wyrwol,485842567,,,,"
"Ryszard Smycz,485972364,P34,P,34,P"
