player,since,id,L_GK,L_CD,L_WB,L_IM,L_W,L_F,tsi,salary,form,condition,gk,def,playmaking,wing,pass,scoring,sp
"Ignacy Florecki,2,477601658,3.0,5.5,-1.0,-1.0,-1.0,-1.0,500,1440,6,4,1,7,2,3,4,3,1"
"Adam Zdziechowski,0,477637077,-1.0,3.0,-1.0,4.0,5.5,5.5,820,1320,6,4,1,4,3,6,7,3,1"
"Seweryn Grzes,0,477642350,-1.0,3.0,4.5,5.5,6.0,5.5,1250,1560,6,4,2,4,4,7,6,3,4"
"Robert Terech,0,477636503,-1.0,3.0,-1.0,5.5,4.5,3.5,500,1520,6,4,1,3,7,3,4,3,1"
"Gwidon Szalak,13,477307937,1.5,-1.0,3.5,2.5,-1.0,4.0,220,1080,6,5,1,4,1,5,5,2,4"
"Marcin Cisak,2,477600925,2.0,4.0,-1.0,-1.0,4.5,4.5,460,1160,6,4,1,5,3,3,6,3,2"
"Zygfryd Cecot,3,477587451,-1.0,-1.0,5.0,-1.0,5.5,-1.0,1050,1240,6,5,1,6,5,7,4,3,2"
"Ryszard Czyszek,2,477601469,-1.0,-1.0,-1.0,-1.0,-1.0,7.0,920,1560,6,4,1,4,3,3,5,7,2"
"Michal Fulara,2,477603607,-1.0,3.0,-1.0,6.5,-1.0,-1.0,1140,1880,6,4,1,3,7,5,4,4,3"
"Rudolf Kucharczak,0,477634064,-1.0,4.0,-1.0,5.5,-1.0,4.0,610,1160,6,4,2,4,6,3,6,3,4"
"Adrian Beben,6,477507448,-1.0,-1.0,-1.0,-1.0,5.5,-1.0,520,1240,6,5,1,4,4,7,3,4,4"
"Marek Kempa,6,477518662,-1.0,-1.0,-1.0,5.0,3.5,5.0,510,1240,6,4,1,3,6,2,2,6,3"
"Wilhelm Zdrojewski,13,477321455,-1.0,-1.0,-1.0,5.5,-1.0,5.5,560,1400,4,4,1,3,7,4,3,5,4"
"Rafal Mrugalski,2,477601247,-1.0,-1.0,-1.0,6.5,-1.0,7.5,2730,1800,6,4,1,5,7,6,4,7,1"
"Grzegorz Falkus,4,477581708,-1.0,-1.0,5.0,-1.0,-1.0,-1.0,410,1160,6,4,1,6,2,5,4,2,1"
"Roman Kubis,0,477631998,-1.0,-1.0,-1.0,-1.0,-1.0,7.5,840,1160,6,4,1,4,5,6,4,5,1"
"Gniewko Skibinski,2,477609152,-1.0,-1.0,-1.0,3.0,4.5,5.5,340,1080,6,4,1,3,3,6,5,4,3"
"Marek Koszczuk,12,477339712,-1.0,-1.0,-1.0,-1.0,-1.0,6.5,330,1080,6,5,1,2,5,5,3,5,2"
"Wieslaw Zdun,6,477506090,-1.0,-1.0,-1.0,5.0,6.0,-1.0,600,1240,6,5,1,4,6,6,3,3,3"
"Tomasz Kanczugowski,3,477598334,-1.0,3.5,-1.0,-1.0,-1.0,8.0,1190,1600,6,4,1,5,4,5,4,7,1"
"Igor Grzeszczuk,6,477503878,-1.0,-1.0,-1.0,-1.0,5.5,-1.0,280,1080,6,4,1,3,5,6,3,4,5"
"Robert Kurpinski,7,477500567,-1.0,-1.0,-1.0,-1.0,5.0,-1.0,300,1160,6,5,1,3,3,7,2,4,4"
"Remigiusz Kachel,5,477525510,-1.0,-1.0,4.5,6.0,5.0,-1.0,630,1320,6,5,1,5,6,3,4,3,6"
"Florian Sobaszek,2,477602786,-1.0,-1.0,-1.0,-1.0,-1.0,8.0,1270,1640,6,5,1,3,4,5,5,7,1"
"Slawomir Mazgaj,4,477585034,-1.0,-1.0,5.0,5.5,6.0,-1.0,810,1240,6,5,1,4,6,6,5,3,3"
"Marcin Burzec,7,477481460,-1.0,-1.0,-1.0,4.5,-1.0,7.0,1210,1600,6,5,1,4,5,5,3,7,2"
"Emilian Hulisz,0,477631204,-1.0,-1.0,-1.0,-1.0,5.0,-1.0,500,1160,6,4,1,5,2,6,2,5,1"
"Bogumil Nowokunski,1,477615214,-1.0,5.5,-1.0,-1.0,-1.0,-1.0,890,1320,6,4,1,7,3,5,2,5,1"
"Wladyslaw Wladarz,0,477641526,-1.0,-1.0,6.0,6.5,-1.0,-1.0,1090,1400,6,4,1,6,6,4,4,3,5"
"Wincenty Bryk,1,477615990,-1.0,3.0,-1.0,6.5,-1.0,-1.0,750,1480,6,4,1,3,7,3,5,3,6"
"Karol Puchala,0,477637777,-1.0,-1.0,5.5,-1.0,-1.0,-1.0,880,1240,6,4,1,6,4,4,5,5,1"
"Marian Klitchko,2,477601981,-1.0,-1.0,-1.0,4.5,5.0,6.0,400,1080,6,5,1,3,5,5,3,5,4"
"Michal Czaplinski,0,477622913,-1.0,-1.0,-1.0,6.5,6.5,6.0,2020,1720,6,4,1,4,7,6,6,5,2"
"Jan Brzostowicz,10,477323069,-1.0,-1.0,-1.0,-1.0,-1.0,7.0,580,1400,6,5,1,3,2,3,5,7,1"
"Ferdynand Modelski,3,477594480,-1.0,-1.0,-1.0,5.0,6.5,-1.0,1360,1640,6,5,1,3,5,8,5,3,3"
"Witold Golda,1,477615768,-1.0,4.0,-1.0,7.0,-1.0,5.0,1300,2120,6,4,1,4,8,3,5,4,2"
"Kazimierz Biel,1,477619405,-1.0,-1.0,-1.0,6.0,5.5,7.0,1440,1560,6,4,1,3,7,5,5,6,4"
"Adrian Chlodek,1,477612540,-1.0,4.5,4.5,6.5,6.0,-1.0,1080,1440,6,4,1,5,6,4,5,3,4"
"Tadeusz Podolak,12,477342956,-1.0,-1.0,-1.0,5.0,-1.0,5.5,430,1160,6,5,1,3,6,4,3,5,3"
"Adrian Fuczek,1,477618649,4.5,-1.0,-1.0,-1.0,-1.0,-1.0,3460,5080,6,4,7,3,2,1,1,1,4"
"Marcin Krzywon,10,477301466,2.0,5.5,5.5,5.5,-1.0,-1.0,900,1240,6,5,1,7,5,5,3,2,1"
"Radoslaw Maruszczyk,1,477617594,-1.0,4.5,5.5,6.0,5.5,-1.0,1050,1240,6,4,1,6,6,4,5,3,2"
"Lukasz Pyszka,0,477638903,5.0,-1.0,2.0,-1.0,-1.0,-1.0,2300,4040,6,4,6,3,1,1,2,2,1"
"Remigiusz Sidel,1,477619984,5.0,-1.0,2.0,-1.0,-1.0,-1.0,2180,3960,6,4,6,3,1,2,1,1,5"
"Stanislaw Sabik,1,477616816,-1.0,-1.0,3.5,-1.0,-1.0,6.5,770,1160,6,4,1,3,5,6,5,5,4"
"Robert Baczynski,6,477329011,-1.0,4.5,-1.0,6.0,5.5,-1.0,860,1320,7,5,2,5,6,4,5,4,1"
"Jerzy Jedrszczyk,13,477301842,-1.0,-1.0,-1.0,6.0,-1.0,3.5,610,1560,6,5,1,3,7,3,4,3,1"
"Patryk Jasielski,1,477618102,-1.0,-1.0,-1.0,-1.0,-1.0,5.5,220,1240,6,4,1,2,2,3,2,6,2"
"Henryk Pycinski,1,477621013,-1.0,4.5,5.5,-1.0,-1.0,-1.0,530,1320,6,4,1,7,3,4,4,3,3"
"Gabriel Drozdowski,11,477354870,1.0,-1.0,-1.0,-1.0,3.0,-1.0,10,1000,6,5,1,2,2,3,3,2,2"
"Jozef Klepczynski,5,477524255,-1.0,4.5,5.0,-1.0,-1.0,-1.0,410,1160,6,5,1,6,3,5,3,5,2"
"Kuba Kiedrowicz,10,477392505,-1.0,-1.0,3.0,-1.0,5.0,-1.0,370,1080,6,4,2,2,4,6,5,4,4"
"Jakub Maciaszczyk,0,477644747,4.5,3.0,-1.0,-1.0,2.0,-1.0,20,2520,6,4,4,5,2,2,1,1,3"
"Tadeusz Kukawski,8,477466439,-1.0,5.0,5.0,6.0,-1.0,-1.0,560,1240,6,5,1,6,6,3,3,2,3"
"Marcin Zegar,6,477510935,2.0,-1.0,-1.0,-1.0,-1.0,-1.0,640,1080,6,5,1,5,3,5,5,5,5"
"Mateusz Dykiert,2,477613591,-1.0,-1.0,-1.0,6.0,-1.0,-1.0,900,1400,6,4,1,4,7,4,5,3,5"
"Jozef Chobot,7,477506753,-1.0,3.5,4.5,-1.0,5.0,5.0,490,1080,6,5,1,5,3,6,4,4,2"
"Helge Quandt,2,477612992,-1.0,-1.0,-1.0,5.0,-1.0,-1.0,240,1080,6,4,1,4,6,3,3,3,4"
"Boleslaw Slowinski,0,477648171,-1.0,4.0,4.5,5.5,4.5,5.5,810,1160,6,4,1,5,6,4,5,5,2"
"Remigiusz Malesinski,0,477652525,-1.0,-1.0,2.5,4.5,-1.0,-1.0,170,1000,6,4,1,2,5,3,5,3,1"
"Lech Blok,1,477642783,6.0,-1.0,-1.0,-1.0,-1.0,-1.0,3910,5480,6,4,7,3,1,1,1,1,2"
"Roman Sokolowicz,8,477499586,-1.0,5.0,-1.0,-1.0,-1.0,5.0,300,1080,6,5,1,6,3,4,4,4,2"
"Boleslaw Klauza,0,477651668,-1.0,5.0,-1.0,-1.0,-1.0,-1.0,630,1320,6,4,1,7,3,4,3,4,2"
"Robert Augustyniak,1,477645525,-1.0,-1.0,6.0,-1.0,7.0,-1.0,1990,1480,6,4,2,6,6,6,5,3,5"
"Bozydar Chojnacki,2,477618349,-1.0,-1.0,-1.0,5.5,-1.0,-1.0,440,1160,6,4,1,3,6,4,5,3,3"
"Cyryl Fabianczyk,0,477650942,-1.0,3.5,-1.0,-1.0,5.0,7.0,710,1160,6,4,1,4,4,5,5,6,1"
"Wojciech Kotas,3,477603827,-1.0,-1.0,-1.0,4.5,-1.0,5.5,240,1080,6,5,1,3,4,3,5,4,2"
"Leszek Cielecki,1,477651584,-1.0,2.5,-1.0,-1.0,-1.0,7.0,590,1520,6,4,1,3,2,4,4,7,5"
"Jakub Odzimek,0,477655110,-1.0,-1.0,5.0,-1.0,6.0,4.5,640,1240,6,4,1,4,4,7,5,2,1"
"Andrzej Haskiewicz,4,477589989,-1.0,4.0,-1.0,-1.0,-1.0,-1.0,630,1160,6,5,1,5,3,2,7,3,1"
"Bartosz Stawicki,0,477657886,-1.0,-1.0,4.5,5.0,-1.0,-1.0,340,1080,6,4,1,5,5,4,4,3,3"
"Krystian Bialasiewicz,6,477551813,2.5,5.0,5.0,4.5,4.5,4.5,400,1080,6,4,1,6,4,4,3,4,4"
"Ariel Lesnikowski,8,477491923,5.0,-1.0,-1.0,-1.0,-1.0,-1.0,1660,3480,6,5,6,3,1,1,2,1,8"
"Krzysztof Gronostaj,7,477535990,-1.0,-1.0,-1.0,6.5,6.0,6.5,1720,1560,6,5,1,4,7,5,6,4,3"
"Grzegorz Szkup,0,477647502,6.0,2.0,-1.0,-1.0,-1.0,-1.0,4270,6080,6,4,7,3,1,1,1,1,3"
"Henryk Gryckiewicz,7,477506394,-1.0,5.5,-1.0,-1.0,4.0,5.5,1050,1400,6,5,1,7,2,3,5,5,4"
"Wladyslaw Kluczynski,0,477652448,-1.0,3.0,-1.0,-1.0,-1.0,-1.0,460,1080,6,4,1,3,5,5,2,5,1"
"Jerzy Slesicki,0,477650616,-1.0,-1.0,3.0,-1.0,-1.0,7.5,830,1520,6,4,1,2,2,6,3,7,3"
"Lucjan Mus,0,477658217,-1.0,4.0,-1.0,-1.0,-1.0,-1.0,870,1160,6,4,1,5,3,5,6,3,2"
"Roman Ginalski,1,477636211,-1.0,-1.0,-1.0,-1.0,-1.0,6.5,830,1160,6,4,1,5,4,4,5,6,6"
"Dominik Aksamit,3,477608011,-1.0,6.0,5.0,-1.0,5.5,-1.0,930,1440,6,5,1,7,6,3,3,2,2"
"Jacek Gawliczek,5,477519859,-1.0,3.0,-1.0,6.5,5.0,3.5,1220,2040,6,5,1,2,8,3,5,2,1"
"Stanislaw Rusin,0,477650509,-1.0,-1.0,4.0,-1.0,4.5,6.0,370,1000,6,4,1,4,3,5,5,5,1"
"Grzegorz Kosior,4,477595986,-1.0,5.0,5.0,-1.0,-1.0,-1.0,850,1240,6,4,1,6,6,2,2,5,1"
"Grzegorz Sudol,9,477476669,-1.0,-1.0,4.0,-1.0,-1.0,-1.0,600,1320,6,5,1,3,6,5,4,2,2"
"Janusz Zebiec,2,477621852,-1.0,-1.0,-1.0,6.5,-1.0,3.5,1160,2040,6,4,1,5,8,3,3,3,3"
"Leon Klamka,9,477472131,-1.0,-1.0,-1.0,5.0,-1.0,7.5,2140,2040,6,5,1,6,6,3,3,8,1"
"Maciej Rajtuz,2,477614476,2.5,5.5,5.0,6.0,-1.0,-1.0,1010,1240,6,4,1,6,5,4,6,3,4"
"Cezary Muras,0,477659952,-1.0,5.5,5.5,-1.0,-1.0,-1.0,800,1440,6,4,2,7,5,3,2,5,1"
"Thilo Dennemarck,2,477611544,-1.0,-1.0,-1.0,5.0,5.0,6.5,1080,1240,6,4,1,5,4,4,7,5,3"
"Adam Gasiuk,7,477504437,1.0,-1.0,3.0,4.0,4.0,7.0,360,1080,6,5,1,3,4,4,5,5,3"
"Walenty Czarny,0,477652827,-1.0,5.0,4.5,4.5,-1.0,5.0,310,1000,6,4,1,5,5,3,2,5,4"
"Ferdynand Kijanka,2,477618545,-1.0,3.5,4.5,-1.0,-1.0,5.0,280,1080,6,4,1,4,4,5,3,4,1"
"Fryderyk Slawek,7,477518178,-1.0,-1.0,-1.0,5.5,-1.0,-1.0,600,1160,6,5,1,3,6,5,3,5,4"
"Marcin Barton,8,477490004,0.5,2.0,3.5,-1.0,5.0,7.0,440,1080,6,4,1,2,4,6,4,5,2"
"Ignacy Maslej,2,477613031,-1.0,3.0,4.0,4.5,6.5,-1.0,1300,1320,6,4,1,3,4,6,7,4,1"
"Gawel Wojarski,0,477651319,-1.0,-1.0,-1.0,-1.0,7.0,-1.0,2030,1760,6,4,1,6,3,8,5,3,1"
"Ireneusz Ziemichod,14,477305990,-1.0,3.0,3.5,4.5,5.0,-1.0,340,1080,6,4,1,3,5,6,4,3,1"
"Mariusz Walach,0,477652454,-1.0,5.5,6.0,-1.0,5.5,6.5,1010,1400,6,4,1,7,3,5,5,5,1"
"Wojciech Frelichowski,7,477519279,-1.0,-1.0,4.5,6.0,5.0,5.5,1070,1240,6,4,1,5,6,2,6,4,1"
"Tomasz Sipinski,0,477662215,-1.0,-1.0,4.0,3.0,4.5,4.5,460,1160,6,4,1,4,2,6,6,3,1"
"Ludwik Pitolak,0,477661749,-1.0,-1.0,-1.0,-1.0,-1.0,7.0,600,1520,6,4,1,2,3,4,4,7,2"
"Bartosz Lemieszek,7,477519776,-1.0,3.5,-1.0,-1.0,-1.0,-1.0,560,1080,6,5,1,4,5,3,5,5,5"
"Mateusz Kazimierz,0,477651923,5.0,-1.0,-1.0,-1.0,-1.0,-1.0,2960,4600,6,4,7,4,1,1,1,1,1"
"Aleksander Waniewski,12,477355876,-1.0,5.0,6.0,-1.0,-1.0,-1.0,740,1160,7,4,2,6,5,5,4,3,1"
"Ludwik Dolowa,0,477656756,-1.0,-1.0,-1.0,6.0,-1.0,-1.0,850,1840,6,4,1,4,7,4,2,3,3"
"Bonifacy Labak,2,477615933,-1.0,3.5,-1.0,6.0,4.5,-1.0,640,1600,6,4,1,4,7,2,4,2,1"
"Kazimierz Gawlak,0,477655685,4.5,-1.0,-1.0,-1.0,-1.0,-1.0,1240,3000,6,4,5,3,1,2,1,1,2"
"Wlodzimierz Masajada,14,477312517,-1.0,-1.0,-1.0,6.0,-1.0,-1.0,680,1400,6,4,1,6,6,3,3,3,3"
"Alojzy Tumidajewicz,13,477346886,-1.0,-1.0,-1.0,5.5,-1.0,6.5,550,1240,4,4,1,4,6,4,3,5,2"
"Wojciech Fornalczyk,7,477506256,2.0,-1.0,-1.0,-1.0,7.0,-1.0,910,1160,6,5,1,5,5,6,4,4,3"
"Fryderyk Kalka,13,477346732,4.5,-1.0,3.0,-1.0,-1.0,-1.0,440,2040,5,4,4,4,1,2,1,1,3"
"Marceli Pieklo,6,477305738,5.0,2.0,-1.0,1.0,1.0,0.5,2600,4280,6,5,6,3,1,1,1,1,1"
"Piotr Pogonowski,13,477346520,1.5,-1.0,5.5,-1.0,-1.0,-1.0,1100,1480,6,5,1,5,5,7,2,3,2"
"Piotr Szynkowski,0,477649472,-1.0,3.0,-1.0,6.0,-1.0,4.5,860,1560,6,4,1,3,7,3,5,3,3"
"Szymon Topor,8,477498400,-1.0,-1.0,3.5,-1.0,5.5,4.0,530,1160,6,4,1,3,4,6,6,2,3"
"Antek Woszczynski,7,477507331,-1.0,-1.0,-1.0,4.5,5.5,5.0,310,1080,6,5,1,4,4,6,3,4,6"
"Artur Mrzyglod,14,477309904,0.5,2.0,3.0,4.0,5.0,-1.0,320,1080,5,5,1,1,5,5,5,4,1"
"Pawel Parzychowski,0,477654098,-1.0,2.5,2.5,2.5,2.0,1.5,1250,3000,6,4,5,3,2,1,3,1,1"
"Sylweriusz Piochowiak,2,477611708,-1.0,-1.0,-1.0,5.0,4.5,-1.0,250,1080,6,4,1,4,5,3,4,4,3"
"Slawomir Juda,1,477645082,-1.0,5.5,6.0,-1.0,5.5,-1.0,630,1240,6,4,1,6,4,5,3,3,5"
"Bertram Lukaszyk,12,477353804,-1.0,-1.0,3.5,-1.0,4.5,6.0,410,1080,6,4,1,4,3,5,5,5,1"
"Jakub Slesicki,4,477595090,-1.0,-1.0,-1.0,-1.0,-1.0,6.5,340,1080,6,4,1,5,4,4,3,5,3"
"Jakub Panas,12,477354657,-1.0,-1.0,-1.0,7.0,-1.0,-1.0,2000,2040,7,5,2,3,7,3,6,4,1"
"Andrzej Kozubowski,0,477656855,2.0,4.0,3.5,-1.0,-1.0,-1.0,220,1080,6,4,2,4,5,3,4,3,6"
"Benedykt Juszczyszyn,0,477652486,6.0,-1.0,-1.0,-1.0,-1.0,-1.0,2470,4200,6,4,6,4,1,1,1,1,5"
"Konrad Trzewik,1,477638485,-1.0,4.0,-1.0,5.0,-1.0,6.0,830,1240,6,4,1,5,6,3,4,6,1"
"Olaf Mrozinski,3,477608414,-1.0,5.5,-1.0,-1.0,-1.0,5.5,950,1480,6,5,2,7,4,3,5,5,5"
"Krzysztof Paradowski,0,477648536,-1.0,-1.0,-1.0,6.5,-1.0,-1.0,1280,2040,6,4,1,4,7,5,4,3,4"
"Leon Pliszka,0,477660916,-1.0,-1.0,-1.0,-1.0,6.0,-1.0,880,1320,6,4,1,4,5,7,4,2,2"
"Boguslaw Czerepak,2,477620397,-1.0,-1.0,-1.0,-1.0,-1.0,6.0,470,1160,6,4,1,4,6,3,3,5,1"
"Jaroslaw Skrzeta,0,477648533,-1.0,-1.0,6.0,-1.0,5.5,-1.0,1050,1440,6,4,1,7,3,6,3,5,3"
"Jerzy Koryciak,3,477600847,-1.0,-1.0,6.0,5.5,6.5,-1.0,1370,1480,6,4,1,5,6,7,3,2,1"
"Pawel Baron,0,477659145,-1.0,3.0,3.5,-1.0,-1.0,6.0,300,1160,6,4,1,4,3,4,2,6,1"
"Artur Kartasinski,0,477654639,-1.0,-1.0,4.5,-1.0,-1.0,-1.0,150,1080,6,4,2,5,5,3,3,2,1"
"Jacek Tarsa,0,477658277,-1.0,-1.0,-1.0,6.0,-1.0,-1.0,910,1320,6,4,1,4,6,4,5,4,1"
"Marcin Bednarczuk,0,477647824,-1.0,-1.0,-1.0,5.0,-1.0,4.0,630,1240,6,4,1,3,5,3,7,2,1"
"Andrzej Grunt,2,477614029,-1.0,6.0,-1.0,6.0,-1.0,-1.0,880,1440,6,4,1,7,6,3,3,4,5"
"Leszek Dziewiecki,1,477654792,-1.0,-1.0,-1.0,-1.0,-1.0,6.0,420,1160,6,4,1,4,2,2,5,6,2"
"Franciszek Oponowicz,1,477651816,-1.0,3.0,-1.0,5.0,6.0,-1.0,1110,1320,6,4,1,3,6,6,3,5,1"
"Nikifor Misztak,8,477505365,-1.0,-1.0,-1.0,5.0,-1.0,6.5,850,1240,6,5,1,5,5,5,4,6,1"
"Marcin Kraszewski,8,477515188,-1.0,-1.0,-1.0,5.0,5.0,-1.0,340,1080,6,4,1,5,5,5,3,2,4"
"Piotr Wojdala,0,477671879,-1.0,-1.0,4.5,5.5,-1.0,5.0,650,1080,6,4,1,4,5,5,5,3,4"
"Jan Gorko,3,477617388,-1.0,5.0,6.0,-1.0,5.5,-1.0,810,1320,6,4,1,7,3,6,4,3,1"
"Wlodzimierz Birdziak,1,477650073,-1.0,1.5,2.5,3.5,-1.0,4.5,260,1000,6,4,1,2,4,5,5,3,2"
"Antoni Wycisk,1,477651097,-1.0,5.5,-1.0,-1.0,-1.0,6.0,1280,1440,6,4,1,7,5,5,3,5,3"
"Krzysztof Mlynarski,2,477627454,-1.0,-1.0,5.5,-1.0,-1.0,5.5,1160,1320,6,4,1,6,6,4,2,5,4"
"Arkadiusz Nyka,2,477653685,-1.0,-1.0,-1.0,6.0,4.5,5.0,690,1240,6,4,1,4,6,3,5,4,1"
"Fryderyk Jessa,7,477520935,-1.0,-1.0,-1.0,-1.0,-1.0,8.0,1270,2120,6,5,1,4,3,5,3,8,3"
"Stanislaw Piesiur,1,477656171,-1.0,2.5,5.0,3.0,3.0,-1.0,220,1080,6,4,2,3,2,4,6,3,4"
"Augustyn Dorna,1,477659260,2.0,3.5,-1.0,-1.0,-1.0,-1.0,420,1080,6,4,1,4,4,6,4,4,4"
"Andrzej Czapski,8,477511429,-1.0,-1.0,-1.0,4.5,4.5,-1.0,1680,1720,6,5,1,3,4,4,7,7,1"
"Hubert Nyckowski,7,477544025,2.0,4.5,4.5,-1.0,4.5,-1.0,750,1320,6,5,1,5,6,3,3,5,4"
"Henryk Sarama,2,477633226,-1.0,-1.0,3.5,5.0,5.0,3.5,470,1400,6,4,1,3,7,4,3,3,3"
"Jacek Kilijanski,8,477507987,-1.0,-1.0,-1.0,-1.0,6.0,-1.0,430,1240,6,4,1,4,4,7,3,3,3"
"Kordian Stachniuk,0,477673054,-1.0,4.0,-1.0,-1.0,3.0,6.0,660,1520,6,4,2,5,2,2,2,7,3"
"Walerian Uniejewski,3,477615488,-1.0,-1.0,-1.0,5.5,-1.0,-1.0,350,1440,6,4,1,3,7,2,2,2,1"
"Zygmunt Polaczek,2,477642607,-1.0,-1.0,-1.0,4.5,-1.0,-1.0,420,1080,6,4,1,5,5,5,2,4,2"
"Msciwoj Malmur,1,477662930,-1.0,-1.0,-1.0,-1.0,-1.0,-1.0,280,1000,6,4,1,5,4,4,4,4,3"
"Pawel Dulawa,3,477615225,-1.0,5.0,-1.0,-1.0,4.5,-1.0,700,1400,6,4,1,7,3,3,5,4,2"
"Radoslaw Jurko,6,477571471,-1.0,3.0,-1.0,-1.0,-1.0,-1.0,340,1080,6,5,1,3,3,5,5,4,2"
"Kasjusz Zygier,9,477480736,-1.0,3.5,-1.0,-1.0,-1.0,6.0,170,1000,6,5,1,5,3,3,3,4,2"
"Bogumil Klusiec,0,477671909,-1.0,4.5,5.0,4.5,5.0,4.0,380,1080,6,4,1,5,5,5,3,3,1"
"Maciej Fiedziasty,1,477662527,-1.0,4.5,5.5,5.5,6.0,-1.0,630,1160,6,4,1,5,5,5,4,3,2"
"Antoni Saran,1,477655882,-1.0,2.5,-1.0,5.0,5.0,4.0,240,1080,6,4,1,3,5,4,4,3,2"
"Antoni Sadzik,3,477615056,-1.0,3.0,-1.0,3.5,-1.0,7.5,1060,1600,6,4,1,3,2,3,6,7,2"
"Aleksander Borkowski,1,477654474,-1.0,4.5,-1.0,5.0,4.5,3.0,370,1240,6,4,2,5,6,3,3,3,3"
"Hipolit Reszka,2,477646691,-1.0,4.5,-1.0,-1.0,5.5,-1.0,720,1160,6,4,1,5,3,6,4,5,6"
"Henryk Minor,1,477659575,-1.0,-1.0,5.0,5.0,6.5,-1.0,890,1240,6,4,1,4,6,7,4,3,3"
"Wojciech Norkowski,8,477508493,-1.0,-1.0,3.0,5.5,3.5,-1.0,510,1400,6,5,1,3,7,2,3,4,2"
"Szymon Gebler,1,477662869,-1.0,-1.0,-1.0,4.5,-1.0,7.5,1220,1440,6,4,1,3,4,3,7,6,3"
"Adrian Surmacki,1,477663691,-1.0,5.5,5.5,-1.0,-1.0,-1.0,570,1240,6,4,1,6,3,3,6,2,2"
"Gerard Widecki,4,477604855,-1.0,5.0,5.0,3.0,3.5,-1.0,370,1440,6,5,1,7,2,3,2,2,1"
"Tobiasz Kalis,1,477652988,-1.0,3.0,3.5,4.0,4.0,-1.0,410,1080,6,4,1,4,4,3,6,4,3"
"Maciej Zdunkiewicz,1,477658285,-1.0,4.0,5.0,3.5,5.5,-1.0,420,1080,6,4,1,5,3,6,3,4,5"
"Gerard Nobis,9,477499923,-1.0,-1.0,-1.0,5.5,5.0,-1.0,570,1400,6,4,1,3,7,4,3,4,2"
"Slawomir Zaburciak,8,477513163,-1.0,5.0,-1.0,4.5,-1.0,-1.0,370,1160,6,4,1,6,4,4,3,4,4"
"Ryszard Haman,1,477666254,1.0,-1.0,3.0,4.5,4.5,4.5,370,1160,6,4,1,3,6,5,3,4,2"
"Leslaw Gozdowski,11,477459680,-1.0,-1.0,-1.0,-1.0,-1.0,7.5,1110,1960,6,5,1,4,2,5,2,8,1"
"Marcin Dziewinski,8,477506646,-1.0,6.0,6.5,-1.0,-1.0,-1.0,770,1320,6,4,1,7,4,5,3,3,2"
"Wlodzimierz Budka,1,477650682,-1.0,-1.0,-1.0,3.5,-1.0,-1.0,390,1080,6,4,1,4,2,3,5,5,5"
"Edward Zdunski,5,477596123,5.0,-1.0,-1.0,-1.0,-1.0,-1.0,1140,2920,6,5,5,4,2,1,1,2,1"
"Tomasz Pilski,13,477357851,-1.0,-1.0,-1.0,6.0,5.0,-1.0,440,1080,6,6,1,5,5,4,4,3,2"
"Tomasz Kolos,3,477617670,-1.0,5.5,5.5,7.0,6.5,-1.0,1890,2200,6,4,1,5,8,5,4,3,1"
"Ismael Kerzel,2,477623757,-1.0,-1.0,-1.0,5.0,6.5,-1.0,2320,1760,6,4,2,3,5,8,7,5,1"
"Zenon Wenta,3,477615124,5.5,-1.0,-1.0,-1.0,-1.0,-1.0,3050,4680,6,4,7,2,1,1,1,1,2"
"Adrian Chodnicki,1,477658538,-1.0,-1.0,-1.0,6.0,-1.0,-1.0,870,1520,6,4,1,3,7,4,3,5,3"
"Arkadiusz Mac,8,477517366,-1.0,2.0,-1.0,4.5,-1.0,4.0,210,1080,6,4,1,2,6,3,3,4,3"
"Mieczyslaw Wojno,5,477587682,-1.0,5.0,5.5,3.5,-1.0,-1.0,620,1400,6,4,1,7,2,4,5,3,3"
"Ryszard Wronikowski,1,477651546,-1.0,5.5,-1.0,3.5,4.0,-1.0,800,1400,6,4,1,7,2,3,3,6,1"
"Miroslaw Burczynski,1,477654177,6.0,-1.0,-1.0,-1.0,-1.0,-1.0,3970,5560,6,4,7,2,1,1,1,1,4"
"Racibor Kuchnowski,1,477660635,-1.0,5.0,4.5,-1.0,-1.0,-1.0,200,1080,6,4,1,3,5,3,4,2,2"
"Edward Popielewicz,2,477642559,-1.0,4.0,-1.0,-1.0,-1.0,-1.0,380,1000,6,4,1,5,4,3,5,4,3"
"Waldemar Salamonowicz,1,477668661,-1.0,2.5,-1.0,4.5,-1.0,5.5,400,1080,6,4,1,3,4,4,6,4,2"
"Zbigniew Narcyz,1,477653693,-1.0,-1.0,2.5,-1.0,-1.0,6.0,160,1080,6,4,1,2,3,3,3,6,6"
"Wladyslaw Pliszczynski,1,477647617,-1.0,-1.0,-1.0,-1.0,-1.0,8.0,1110,1320,6,4,1,4,3,4,7,6,4"
"Gordon Zagora,1,477649958,-1.0,-1.0,3.0,5.5,5.0,-1.0,500,1240,6,4,1,3,6,5,5,3,2"
"Antoni Rutka,0,477674745,-1.0,-1.0,5.5,-1.0,5.5,-1.0,500,1160,6,4,1,6,3,6,4,2,4"
"Adam Dunin,1,477650975,-1.0,-1.0,-1.0,6.0,-1.0,-1.0,760,1320,6,4,1,4,6,4,5,3,3"
"Ryszard Bicz,1,477665652,-1.0,5.0,5.0,-1.0,-1.0,-1.0,260,1080,6,4,1,5,4,4,3,3,5"
"Mariusz Wachowski,5,477597734,-1.0,-1.0,-1.0,-1.0,6.0,-1.0,710,1160,6,5,2,5,4,4,6,4,2"
"Daniel Hudela,1,477649445,-1.0,-1.0,-1.0,3.5,-1.0,-1.0,200,1000,6,4,1,4,4,4,4,4,2"
"Baltazar Kniat,10,477476076,-1.0,5.5,6.0,5.5,-1.0,-1.0,520,1160,6,5,1,5,6,5,3,2,5"
"Andrzej Jurkowski,6,477581850,-1.0,3.5,-1.0,-1.0,-1.0,6.5,430,1240,6,4,1,4,3,4,2,6,3"
"Kuba Pawlak,2,477644903,-1.0,-1.0,-1.0,6.0,-1.0,-1.0,870,1600,6,4,1,4,7,4,4,4,2"
"Tomasz Salus,1,477658046,-1.0,-1.0,-1.0,-1.0,6.5,-1.0,1170,1640,6,4,2,4,5,8,4,2,6"
"Roman Dylewski,1,477658115,-1.0,-1.0,5.5,-1.0,-1.0,-1.0,540,1160,6,4,1,6,4,6,2,3,3"
"Romuald Bujak,1,477658158,-1.0,-1.0,-1.0,-1.0,5.5,-1.0,510,1160,6,4,1,6,5,5,4,2,3"
"Bronislaw Kesik,1,477655674,-1.0,-1.0,-1.0,5.0,6.5,-1.0,1330,1440,6,4,1,6,4,7,4,4,4"
"Hannes Griebaum,0,477673553,-1.0,-1.0,-1.0,5.0,6.0,-1.0,730,1160,6,4,1,3,6,6,5,4,3"
"Jerzy Zaleski,1,477655891,-1.0,-1.0,5.0,3.5,-1.0,-1.0,290,1080,6,4,1,5,3,5,4,3,1"
"Egon Fuczek,8,477514450,-1.0,3.0,3.5,4.5,4.0,-1.0,130,1000,6,5,1,3,5,4,4,2,2"
"Dawid Warcholak,3,477622218,-1.0,-1.0,3.5,-1.0,-1.0,-1.0,360,1080,6,4,1,3,3,6,5,1,2"
"Ireneusz Siemieniewski,0,477675175,-1.0,4.0,4.0,4.0,4.0,-1.0,320,1160,6,4,2,5,4,4,3,5,1"
"Wojciech Waszkowiak,1,477655111,-1.0,-1.0,-1.0,-1.0,-1.0,-1.0,3490,5080,6,4,7,3,1,1,1,2,1"
"Jacenty Puzio,1,477649047,-1.0,-1.0,-1.0,5.5,4.5,7.5,840,1320,6,4,1,3,6,4,5,6,4"
"Kazimierz Manuszewski,7,477525330,-1.0,-1.0,5.0,4.5,-1.0,6.5,820,1080,6,5,1,5,4,5,5,4,2"
"Otto Faberski,1,477655500,-1.0,4.5,5.0,3.5,3.5,3.0,170,1080,6,4,1,6,2,3,3,2,1"
"Jan Jozwiak,3,477612552,-1.0,6.0,-1.0,4.5,-1.0,4.0,620,1480,6,4,1,7,4,3,3,3,4"
"Antoni Milak,8,477510706,5.5,3.0,-1.0,-1.0,-1.0,-1.0,2300,4040,6,4,6,4,1,1,1,1,4"
"Jeremiasz Lotarski,0,477676408,-1.0,-1.0,-1.0,-1.0,5.5,-1.0,340,1080,6,4,1,3,5,5,4,4,3"
"Jan Kuczek,2,477638001,-1.0,-1.0,-1.0,4.5,4.0,-1.0,120,1000,6,4,1,4,5,4,3,2,4"
"Marcin Kaszewski,7,477528511,1.5,-1.0,-1.0,2.5,4.0,6.0,190,1000,6,5,1,3,1,5,5,4,2"
"Juliusz Moj,1,477652998,-1.0,4.0,5.0,4.5,6.0,5.0,640,1160,6,4,1,5,5,6,3,4,4"
"Patryk Stachurka,8,477520270,-1.0,-1.0,-1.0,4.0,5.0,8.0,940,1400,6,5,1,4,4,5,4,7,4"
"Ariel Kluch,2,477646965,-1.0,6.0,-1.0,6.0,5.0,5.5,1070,1400,6,4,1,7,6,3,3,4,1"
"Marcel Taraszka,2,477643407,-1.0,5.0,4.5,5.5,-1.0,-1.0,750,1240,6,4,1,6,6,4,4,2,1"
"Hilary Tuchalski,2,477645170,-1.0,-1.0,4.5,5.5,4.5,4.5,510,1240,6,4,1,5,6,3,2,4,1"
"Grzegorz Siemieniak,8,477501896,-1.0,-1.0,6.0,-1.0,5.0,-1.0,560,1160,6,5,1,6,3,5,3,4,3"
"Wojciech Basiak,1,477659119,-1.0,5.0,-1.0,-1.0,-1.0,5.5,420,1160,6,4,1,6,3,3,3,5,2"
"Patryk Wojewodzki,3,477618763,-1.0,5.5,-1.0,-1.0,-1.0,-1.0,840,1560,6,4,1,7,3,4,3,5,1"
"Ariel Belczyk,1,477668782,-1.0,2.0,-1.0,-1.0,4.0,4.5,440,1240,6,4,1,2,6,2,5,4,3"
"Kasper Karpala,1,477663722,2.0,-1.0,6.0,-1.0,6.0,4.0,1150,1400,6,4,1,7,4,6,4,2,2"
"Szymon Hadrys,5,477504097,-1.0,-1.0,7.0,-1.0,6.0,-1.0,1570,1800,6,5,1,8,4,6,3,3,2"
"Jedrzej Ozarowski,1,477651166,-1.0,-1.0,-1.0,-1.0,-1.0,6.0,220,1160,6,4,1,2,3,4,2,6,2"
"Wladyslaw Gramotny,1,477657269,-1.0,-1.0,-1.0,5.5,4.5,3.0,580,1760,6,4,1,3,7,3,3,2,1"
"Zdzisiek Chola,1,477649999,-1.0,4.5,5.0,5.5,5.5,-1.0,670,1320,6,4,1,5,6,5,3,3,3"
"Gustaw Nalewajk,8,477503879,2.0,-1.0,-1.0,-1.0,-1.0,-1.0,250,1080,6,4,1,4,5,3,3,4,6"
"Maciej Filipiak,2,477631721,-1.0,-1.0,-1.0,5.0,5.0,5.5,1170,1320,6,4,1,3,6,4,7,4,1"
"Dominik Borek,3,477618082,-1.0,2.5,3.0,-1.0,4.0,-1.0,50,1000,6,4,1,3,3,5,3,3,2"
"Tadeusz Biskup,1,477669028,-1.0,-1.0,-1.0,6.5,-1.0,-1.0,890,1920,6,4,1,2,7,4,5,2,2"
"Dominik Kornacki,1,477658739,-1.0,3.5,-1.0,-1.0,-1.0,6.0,300,1080,6,4,1,4,3,3,5,4,3"
"Dominik Korzan,0,477676917,-1.0,-1.0,4.0,-1.0,-1.0,4.0,210,1000,6,4,1,4,5,4,4,2,1"
"Protazy Borczon,0,477678680,-1.0,-1.0,-1.0,3.5,-1.0,8.0,1280,1480,6,4,1,4,2,3,6,7,5"
"Wszemir Szczechowiak,1,477664439,-1.0,-1.0,4.0,-1.0,5.5,3.0,300,1080,6,4,1,4,5,5,4,1,6"
"Protazy Krzysciak,1,477651270,-1.0,5.0,-1.0,5.5,4.5,3.0,460,1240,6,4,1,5,6,2,3,3,2"
"Szymon Lukaszewicz,7,477535964,-1.0,-1.0,-1.0,6.0,-1.0,-1.0,480,1240,6,5,1,4,6,4,3,3,2"
"Maciej Nowina,9,477502082,-1.0,-1.0,-1.0,-1.0,-1.0,5.0,110,1000,6,5,1,4,3,4,4,3,3"
"Dariusz Wojtaszyk,2,477656578,-1.0,4.5,3.5,6.0,5.0,-1.0,540,1400,6,4,1,4,7,3,4,3,1"
"Slawomir Kopecki,2,477660914,-1.0,2.0,-1.0,-1.0,3.5,-1.0,570,1320,6,4,1,3,3,2,7,4,4"
"Zdzislaw Samorek,9,477510718,-1.0,-1.0,-1.0,-1.0,3.5,-1.0,100,1080,6,5,1,2,2,5,2,4,4"
"Piotr Zaburciak,14,477362288,-1.0,6.0,6.5,-1.0,6.0,-1.0,940,1240,6,4,1,6,5,6,3,4,1"
"Bogdan Wasinski,3,477647137,-1.0,-1.0,4.5,-1.0,-1.0,3.5,770,1160,6,4,1,5,5,5,6,2,4"
"Demetriusz Palgan,1,477674269,-1.0,-1.0,-1.0,6.5,6.5,-1.0,1180,1240,6,4,2,6,6,4,6,3,3"
"Rudolf Fijarczyk,1,477678546,-1.0,-1.0,5.0,-1.0,5.5,5.0,470,1160,6,4,1,4,3,7,3,3,2"
"Bogumil Szafarski,9,477509616,-1.0,-1.0,-1.0,-1.0,4.5,-1.0,290,1240,6,4,1,2,2,7,4,2,5"
"Antoni Tomaszczuk,11,477469615,-1.0,-1.0,2.5,4.5,2.5,-1.0,140,1080,6,5,1,3,6,2,2,3,1"
"Jozef Wojtak,1,477673993,-1.0,-1.0,-1.0,3.5,-1.0,-1.0,110,1000,6,4,1,5,3,2,3,2,1"
"Tristan Stefanowski,9,477511147,-1.0,-1.0,-1.0,-1.0,-1.0,3.0,60,1000,6,5,1,3,4,2,4,2,2"
"Jan Bosko,0,477686401,-1.0,-1.0,-1.0,5.0,-1.0,5.0,620,1160,6,4,1,4,6,6,4,4,5"
"Marek Paulewicz,2,477648438,-1.0,-1.0,5.5,-1.0,5.5,7.0,790,1160,6,4,1,4,4,5,5,6,1"
"Leon Lukaczynski,2,477657497,-1.0,4.5,-1.0,-1.0,4.0,-1.0,200,1000,6,4,1,5,4,2,4,3,1"
"Amadeusz Wacek,2,477664570,-1.0,-1.0,-1.0,5.0,4.5,6.0,580,1160,6,4,1,4,4,3,6,5,1"
"Radomir Wilde,3,477642738,-1.0,-1.0,-1.0,4.0,4.0,-1.0,90,1000,6,4,1,2,4,4,3,3,6"
"Radoslaw Lipski,2,477658627,-1.0,-1.0,5.0,-1.0,5.5,-1.0,600,1080,6,4,1,5,4,6,3,5,2"
"Leszek Jedrych,2,477654675,-1.0,-1.0,-1.0,-1.0,-1.0,8.5,1430,1640,6,4,1,5,4,5,4,7,1"
"Marcin Szalachowski,1,477671116,-1.0,-1.0,5.5,-1.0,6.0,-1.0,1090,1240,6,4,1,6,3,6,6,2,7"
"Artur Bak,2,477652704,-1.0,2.5,3.0,5.0,-1.0,6.0,370,1080,6,4,1,3,5,4,4,5,6"
"Edward Pawlusinski,2,477654590,-1.0,-1.0,3.5,-1.0,5.0,-1.0,140,1080,6,4,1,4,4,5,3,3,1"
"Zbigniew Siakowski,0,477685977,-1.0,5.5,-1.0,4.5,4.5,-1.0,710,1320,6,4,1,7,3,3,4,4,1"
"Maciej Lepiarz,2,477663683,-1.0,-1.0,-1.0,4.5,-1.0,5.0,650,1160,6,4,1,2,5,3,5,5,4"
"Cezary Ortyl,2,477658347,-1.0,-1.0,-1.0,5.0,-1.0,-1.0,440,1080,6,4,1,3,5,4,5,3,3"
"Zygmunt Kepa,1,477674656,-1.0,2.5,3.5,-1.0,4.5,-1.0,160,1080,6,4,1,3,3,6,3,3,4"
"Ireneusz Karpus,2,477664710,-1.0,5.5,5.5,-1.0,-1.0,-1.0,970,1160,6,4,1,6,4,5,6,4,3"
"Waldemar Kulus,2,477653423,4.0,2.0,-1.0,-1.0,-1.0,1.5,950,2680,6,4,5,2,2,3,1,2,1"
"Kazimierz Chwiejczak,5,477600870,-1.0,-1.0,-1.0,-1.0,5.0,8.0,900,1240,6,4,2,3,4,6,5,6,2"
"Wieslaw Cupial,2,477652384,-1.0,5.0,6.0,4.5,6.0,5.0,750,1240,6,4,1,6,4,6,3,4,1"
"Stefan Lychowski,4,477611531,-1.0,4.5,-1.0,6.0,-1.0,-1.0,380,1080,6,4,1,5,5,4,5,2,5"
"Karol Pacholczyk,1,477672671,-1.0,4.5,-1.0,3.0,-1.0,-1.0,260,1080,6,4,1,6,2,3,4,3,5"
"Zdzisiek Supera,2,477652747,-1.0,2.5,-1.0,4.5,-1.0,6.5,530,1320,6,4,1,3,5,3,4,6,2"
"Mateusz Czachorowski,2,477652002,-1.0,-1.0,-1.0,-1.0,6.0,-1.0,1090,1600,6,4,1,5,3,8,4,4,3"
"Romuald Daszek,8,477523602,-1.0,2.0,-1.0,3.0,-1.0,3.5,160,1080,6,4,1,2,2,4,6,2,2"
"Tomasz Kapala,2,477658602,-1.0,-1.0,-1.0,-1.0,5.5,5.0,420,1160,6,4,1,3,4,6,4,3,2"
"Radoslaw Lesnicki,1,477682961,-1.0,-1.0,-1.0,4.0,5.0,-1.0,210,1000,6,4,1,3,4,6,4,3,3"
"Jerzy Skrobisz,13,477377228,2.0,-1.0,-1.0,-1.0,-1.0,7.0,650,1240,6,4,1,4,5,3,4,6,6"
"Zbigniew Grzedzicki,2,477659223,-1.0,-1.0,4.5,5.5,5.0,-1.0,450,1440,6,4,1,4,7,2,3,3,5"
"Arkadiusz Aleks,2,477666040,-1.0,-1.0,4.0,4.5,6.0,-1.0,730,1240,6,4,1,3,5,7,4,5,1"
"Czesiek Gucia,0,477686519,-1.0,-1.0,-1.0,4.0,-1.0,7.0,830,1480,6,4,1,2,4,3,5,7,3"
"Grzegorz Bukowski,8,477525113,-1.0,5.0,-1.0,-1.0,-1.0,-1.0,420,1160,6,5,1,6,3,3,4,2,4"
"Maciej Piotrowicz,2,477658103,-1.0,5.0,4.0,-1.0,-1.0,-1.0,630,1240,6,4,1,6,2,1,6,3,2"
"Krzysztof Wasowski,2,477653257,1.5,-1.0,-1.0,5.0,-1.0,-1.0,290,1000,6,4,1,4,5,4,4,5,1"
"Karol Gajowiecki,1,477671845,-1.0,-1.0,5.5,-1.0,-1.0,-1.0,630,1320,6,4,1,7,5,3,3,3,1"
"Mateusz Tylec,1,477682671,-1.0,-1.0,-1.0,6.0,6.5,-1.0,1360,1520,6,4,1,5,7,6,3,4,5"
"Walter Supernat,3,477645190,-1.0,-1.0,6.0,-1.0,-1.0,-1.0,590,1560,6,4,1,7,3,4,2,2,4"
"Apolinary Damasiewicz,0,477686187,-1.0,-1.0,-1.0,6.0,-1.0,-1.0,740,1560,6,4,1,3,7,5,4,2,2"
"Daniel Komza,2,477658724,-1.0,-1.0,4.5,4.5,5.0,-1.0,350,1080,6,4,1,5,5,4,4,3,3"
"Przemyslaw Banasiak,2,477648982,-1.0,-1.0,6.0,5.0,-1.0,6.0,1200,1400,6,4,1,7,5,5,3,5,4"
"Edmund Gatarek,1,477674670,-1.0,5.0,-1.0,7.5,-1.0,-1.0,3220,2200,6,4,1,6,8,5,6,4,3"
"Ireneusz Koczwara,13,477375458,-1.0,-1.0,-1.0,3.0,3.5,-1.0,90,1000,6,5,1,3,3,4,3,4,3"
"Zbigniew Paw,2,477654822,-1.0,-1.0,3.0,-1.0,-1.0,-1.0,110,1000,6,4,1,3,2,3,4,5,2"
"Stanislaw Liberda,3,477638098,2.5,5.5,5.5,-1.0,-1.0,-1.0,480,1320,6,4,1,7,2,4,3,4,1"
"Karol Trzcionkowski,2,477665653,-1.0,-1.0,-1.0,-1.0,6.0,-1.0,580,1080,6,4,1,4,4,6,5,4,1"
"Edward Szpyra,2,477655506,-1.0,-1.0,-1.0,-1.0,-1.0,4.5,290,1080,6,4,1,5,5,4,2,4,2"
"Konstanty Wierzchowicz,2,477663329,-1.0,5.5,6.0,-1.0,-1.0,-1.0,810,1480,6,4,1,7,3,3,5,3,2"
"Ryszard Splawski,2,477667158,-1.0,-1.0,-1.0,6.0,4.0,-1.0,370,1440,6,4,1,3,7,3,3,3,2"
"Dominik Szybiak,0,477687524,-1.0,-1.0,-1.0,-1.0,4.5,-1.0,310,1080,6,4,1,3,2,6,3,5,2"
"Aleksander Wojdasiewicz,2,477655342,-1.0,4.5,5.5,4.0,-1.0,-1.0,860,1240,6,4,1,6,3,6,5,5,2"
"Bartosz Rogoz,10,477477460,-1.0,4.0,3.5,5.0,4.0,-1.0,560,1160,6,4,1,5,5,1,6,3,2"
"Adam Gilewski,9,477506325,-1.0,-1.0,4.5,-1.0,5.5,-1.0,340,1080,6,4,1,4,3,5,4,5,2"
"Sebastian Okupiec,2,477657506,-1.0,-1.0,-1.0,5.5,-1.0,-1.0,600,1160,6,4,1,3,6,3,5,5,4"
"Dariusz Chudzik,2,477653318,-1.0,-1.0,-1.0,-1.0,5.0,-1.0,410,1080,6,4,1,2,5,5,4,5,1"
"Jacek Bednarczuk,14,477361109,4.5,-1.0,-1.0,-1.0,-1.0,-1.0,700,2520,5,4,5,3,1,2,1,1,3"
"Marcin Bialowas,8,477538978,-1.0,-1.0,-1.0,-1.0,5.0,-1.0,620,1560,6,4,1,4,2,8,3,3,1"
"Jakub Szarek,8,477525232,-1.0,4.5,-1.0,-1.0,-1.0,-1.0,600,1160,6,5,1,6,3,3,5,4,4"
"Przemyslaw Skweres,3,477630238,-1.0,-1.0,5.5,5.5,6.5,-1.0,940,1240,6,4,1,6,6,5,3,4,1"
"Bernard Dym,2,477653396,-1.0,-1.0,3.0,3.5,5.0,5.5,230,1080,6,4,1,2,3,6,4,3,1"
"Boguchwal Ciesla,1,477683668,-1.0,-1.0,-1.0,-1.0,4.0,6.0,250,1080,6,4,1,2,4,4,3,6,3"
"Korneliusz Zander,12,477426120,-1.0,6.0,-1.0,4.5,-1.0,6.0,1290,1560,6,4,1,7,3,4,5,4,2"
"Leon Czepiec,1,477682989,-1.0,-1.0,-1.0,-1.0,-1.0,-1.0,110,1000,6,4,1,2,4,3,5,4,2"
"Krzysztof Bobrzyk,8,477543889,-1.0,-1.0,-1.0,4.5,5.0,-1.0,180,1080,6,5,1,3,5,4,3,3,3"
"Kazimierz Cyganek,0,477687891,-1.0,-1.0,-1.0,3.5,-1.0,5.0,150,1000,6,4,1,3,4,4,1,5,2"
"Igor Rutowicz,2,477653115,-1.0,6.0,-1.0,6.5,6.5,-1.0,1290,1440,6,4,1,6,6,4,5,3,2"
"Maciej Huczala,1,477680855,-1.0,5.0,4.5,5.0,-1.0,-1.0,500,1160,6,4,1,5,5,4,3,3,1"
"Lukasz Tkaczyk,0,477690448,-1.0,-1.0,-1.0,5.0,-1.0,-1.0,370,1240,6,4,2,3,6,4,3,4,2"
"Cezary Plotnicki,2,477660245,5.5,-1.0,-1.0,-1.0,-1.0,-1.0,3240,4920,6,4,7,3,1,1,2,2,2"
"Jacek Koman,2,477655209,-1.0,-1.0,3.5,-1.0,4.5,-1.0,200,1000,6,4,1,3,3,5,4,4,5"
"Jan Wasiewski,2,477651275,-1.0,5.0,-1.0,5.5,-1.0,-1.0,540,1160,6,4,1,6,6,3,4,4,2"
"Jerzy Czeszyk,2,477660254,-1.0,-1.0,-1.0,-1.0,-1.0,6.5,240,1080,6,4,1,4,3,2,4,5,4"
"Wieslaw Rejmak,4,477619961,-1.0,6.0,-1.0,-1.0,-1.0,-1.0,720,1440,6,4,1,7,5,4,3,2,3"
"Damian Szyszka,8,477525690,-1.0,-1.0,-1.0,3.0,-1.0,-1.0,70,1000,6,5,1,2,3,4,4,3,2"
"Maciej Mega,5,477607056,-1.0,-1.0,-1.0,5.5,5.5,6.5,990,1240,6,5,1,4,6,5,4,6,1"
"Przemyslaw Kopec,2,477652527,-1.0,-1.0,-1.0,-1.0,-1.0,-1.0,1850,3720,6,4,6,2,1,1,1,2,1"
"Sergiusz Szaruga,1,477680853,-1.0,-1.0,-1.0,5.5,-1.0,7.0,1890,1440,6,4,1,3,6,6,6,6,4"
"Grzegorz Kosik,2,477661012,-1.0,3.0,-1.0,-1.0,5.5,-1.0,1010,1320,6,4,1,3,6,5,3,6,3"
"Wojciech Szumna,2,477662453,-1.0,4.5,5.0,-1.0,5.5,-1.0,760,1080,6,4,1,5,4,3,6,5,4"
"Witold Fuglewicz,1,477672781,-1.0,6.0,6.5,-1.0,-1.0,-1.0,1190,1880,6,4,1,8,3,5,4,4,1"
"Juliusz Kwiatkowski,2,477661043,-1.0,4.5,4.5,-1.0,5.0,-1.0,310,1080,6,4,1,5,3,4,4,3,1"
"Przemyslaw Rudzki,10,477494068,-1.0,6.5,6.0,-1.0,-1.0,-1.0,1250,1720,6,4,2,7,5,4,4,4,4"
"Marcin Burdzel,3,477646187,-1.0,5.5,5.5,-1.0,-1.0,-1.0,680,1520,6,4,1,7,3,5,4,3,3"
"Patryk Gansty,2,477659950,-1.0,1.5,2.0,4.0,4.0,5.5,450,1080,6,4,1,2,4,4,6,4,2"
"Marek Karasinski,1,477678689,2.0,3.5,-1.0,-1.0,4.5,-1.0,310,1160,6,4,1,4,6,3,3,4,4"
"Aleksander Jakubczyk,0,477686014,-1.0,4.0,3.0,6.0,-1.0,4.5,660,1520,6,4,1,4,7,2,4,3,1"
"Krzysztof Gumowski,0,477688633,-1.0,-1.0,6.0,4.0,-1.0,5.5,940,1480,6,4,1,7,3,5,4,4,3"
"Bartlomiej Grzymek,8,477524391,-1.0,3.5,-1.0,4.5,5.5,6.5,930,1160,6,4,1,4,3,6,6,4,1"
"Dionizjusz Stypinski,2,477654724,-1.0,4.0,-1.0,3.0,4.0,3.0,100,1000,6,4,1,5,2,3,3,2,3"
"Jaroslaw Piekarzewski,1,477675064,-1.0,3.0,4.0,3.5,4.5,7.0,720,1440,6,4,1,4,3,5,3,7,1"
"Zdzislaw Liszka,0,477690393,-1.0,-1.0,-1.0,4.5,-1.0,-1.0,320,1080,6,4,1,2,5,4,5,3,5"
"Edward Biedulski,1,477674979,-1.0,3.5,3.5,-1.0,-1.0,6.0,460,1080,6,4,1,4,4,3,6,5,3"
"Olgierd Sienkowski,1,477683270,2.0,5.0,4.5,4.5,-1.0,-1.0,380,1000,6,4,1,5,4,3,5,4,6"
"Grzegorz Ludwa,2,477668126,-1.0,-1.0,-1.0,6.5,-1.0,-1.0,1280,2040,6,4,1,4,7,5,3,4,1"
"Karol Zurawiecki,1,477672503,-1.0,3.0,3.0,2.5,-1.0,2.0,30,1000,6,4,1,4,2,2,3,1,1"
"Piotr Zalas,3,477644801,-1.0,-1.0,-1.0,-1.0,-1.0,3.5,20,1000,6,4,1,2,3,3,1,4,1"
"Marco Billings,0,477686909,-1.0,-1.0,-1.0,6.5,-1.0,-1.0,1180,1400,6,4,1,4,7,5,5,2,2"
"Julian Marszalkowski,9,477505773,-1.0,-1.0,-1.0,6.5,-1.0,5.5,1910,1720,6,4,1,6,7,3,5,5,2"
"Patryk Szymiec,1,477685517,-1.0,5.5,5.5,4.0,-1.0,-1.0,730,1320,6,4,1,7,4,4,4,4,1"
"Andrzej Koluch,1,477696389,-1.0,5.0,-1.0,6.0,-1.0,-1.0,1010,1440,6,4,1,6,7,4,3,4,3"
"Prokop Bober,2,477675259,-1.0,-1.0,-1.0,5.0,5.5,-1.0,340,1160,6,4,1,4,6,4,3,3,2"
"Aleksander Kocielski,2,477683492,-1.0,6.0,5.0,5.0,4.5,-1.0,660,1320,6,4,1,7,4,3,3,4,3"
"Michal Maciak,0,477701539,-1.0,5.0,-1.0,-1.0,-1.0,5.0,1020,1320,6,4,1,7,4,3,6,4,1"
"Edmund Mesznajder,1,477691353,-1.0,5.0,6.0,3.5,5.0,2.5,370,1160,6,4,1,6,4,6,1,2,2"
"Bozymir Prochniewicz,2,477683625,-1.0,5.0,5.0,-1.0,-1.0,-1.0,600,1160,6,4,1,6,5,4,3,4,5"
"Mateusz Bajerski,1,477691481,-1.0,6.0,-1.0,-1.0,-1.0,-1.0,750,1320,6,4,1,7,2,4,5,4,4"
"Miroslaw Zysk,1,477691940,1.5,-1.0,-1.0,3.5,-1.0,-1.0,350,1080,6,4,1,4,3,6,4,4,1"
"Teofil Kiryk,1,477685694,-1.0,-1.0,-1.0,4.5,-1.0,4.0,260,1080,6,4,1,4,5,5,3,2,6"
"Jakub Kolany,2,477683371,-1.0,-1.0,-1.0,5.5,-1.0,-1.0,720,1240,6,4,2,5,6,4,5,4,2"
"Teodozjusz Zmudzinski,0,477701888,-1.0,-1.0,-1.0,-1.0,3.5,6.0,330,1160,6,4,1,2,4,3,2,6,3"
"Gustaw Zagulski,1,477695431,-1.0,3.5,5.0,-1.0,5.5,-1.0,520,1320,6,4,1,4,3,7,2,3,1"
"Jan Nadera,1,477686762,5.5,-1.0,-1.0,-1.0,-1.0,-1.0,3860,5400,6,4,7,3,1,1,1,2,1"
"Dawid Darda,2,477681851,-1.0,3.5,3.5,6.0,5.0,-1.0,1120,1320,6,4,1,4,6,3,6,5,3"
"Mateusz Kalinowicz,2,477683664,-1.0,-1.0,-1.0,5.5,4.5,-1.0,150,1080,6,4,1,4,5,3,3,2,1"
"Marek Lukaszewski,1,477692538,-1.0,-1.0,-1.0,5.0,-1.0,4.0,280,1080,6,4,1,4,5,3,3,4,1"
"Piotr Gumienna,1,477693635,-1.0,5.0,5.0,-1.0,4.5,-1.0,480,1160,6,4,1,6,3,3,5,4,2"
"Wladyslaw Adas,1,477692370,-1.0,-1.0,3.5,-1.0,-1.0,-1.0,260,1080,6,4,1,3,4,6,4,3,2"
"Michal Liwerski,3,477664530,-1.0,-1.0,5.0,4.0,6.0,-1.0,890,1240,6,4,1,5,4,6,5,4,3"
"Nikodem Matuszewski,3,477655607,-1.0,4.5,5.0,-1.0,-1.0,-1.0,230,1080,6,4,1,6,2,4,3,3,3"
"Wszemir Cichowicz,1,477694321,1.0,3.5,3.5,3.0,-1.0,-1.0,40,1000,6,4,1,4,4,3,1,2,2"
"Bogdan Boryczka,3,477655788,-1.0,-1.0,-1.0,4.5,-1.0,3.0,80,1000,6,4,1,4,4,4,3,2,1"
"Adrian Maziarz,1,477689674,-1.0,4.5,-1.0,-1.0,-1.0,-1.0,1520,1400,6,4,2,5,4,7,6,4,5"
"Piotr Barwinski,1,477689353,2.0,-1.0,-1.0,-1.0,-1.0,-1.0,490,1160,6,4,1,6,5,3,3,4,5"
"Zelislaw Lach,3,477649957,-1.0,-1.0,-1.0,6.0,-1.0,-1.0,620,1600,6,4,1,4,7,3,3,3,5"
"Mateusz Dziwulski,0,477702981,-1.0,-1.0,4.0,6.5,5.0,5.0,1300,2200,6,4,1,3,8,4,4,4,3"
"Kamil Skopek,15,477367158,-1.0,-1.0,6.0,5.0,-1.0,-1.0,930,1160,6,5,1,6,4,4,5,5,1"
"Kajetan Sulek,2,477677172,-1.0,-1.0,-1.0,6.0,-1.0,4.5,630,1440,6,4,1,3,7,5,3,4,4"
"Walery Cupriak,2,477680949,2.0,-1.0,5.5,-1.0,6.0,5.0,740,1520,6,4,2,4,3,7,4,3,5"
"Tadeusz Poltorak,1,477694924,2.0,5.0,5.0,6.0,5.5,-1.0,850,1440,6,4,1,5,6,4,4,4,1"
"Robert Moskal,2,477675933,-1.0,-1.0,-1.0,4.5,4.5,-1.0,170,1080,6,4,1,3,5,4,4,3,1"
"Zenon Soroka,3,477668118,-1.0,-1.0,3.0,-1.0,4.5,-1.0,220,1080,6,4,1,2,4,6,3,4,3"
"Wladyslaw Maska,10,477639061,-1.0,2.5,4.0,-1.0,5.5,7.0,770,1160,6,5,1,3,3,6,6,5,3"
"Edmund Konstantynowicz,9,477661510,-1.0,4.0,-1.0,5.5,-1.0,-1.0,340,1080,6,4,1,4,5,4,5,3,3"
"Marcin Krawczynski,1,477777601,-1.0,4.0,-1.0,5.5,6.5,-1.0,1740,1680,6,4,1,5,6,8,4,3,3"
"Stanislaw Figura,2,477758059,-1.0,-1.0,-1.0,4.5,4.0,-1.0,930,1320,6,4,1,3,4,3,7,5,2"
"Karol Poterek,6,477707795,-1.0,-1.0,5.0,6.0,6.0,-1.0,850,1160,6,5,1,4,6,6,4,4,4"
"Jan Maszkowski,8,477614943,-1.0,6.5,6.0,5.0,-1.0,5.0,1340,1920,6,5,2,8,4,3,5,4,3"
"Jozef Baginski,6,477708316,-1.0,-1.0,-1.0,4.0,4.5,5.0,320,1080,6,5,1,3,3,6,5,4,1"
"Jakub Surowiak,2,477761991,-1.0,5.5,-1.0,-1.0,-1.0,-1.0,720,1560,6,4,1,7,3,2,4,4,4"
"Zygmunt Klarecki,2,477772710,-1.0,6.0,-1.0,5.0,5.5,5.0,740,1320,6,4,1,7,4,4,4,4,1"
"Krzysztof Oramus,9,477652936,-1.0,-1.0,2.5,4.0,-1.0,7.5,990,1840,6,5,2,3,4,4,3,8,3"
"Aleksander Goluchowski,9,477652701,-1.0,6.0,5.0,-1.0,5.0,-1.0,510,1440,6,5,1,7,3,3,3,3,2"
"Jerzy Brenda,3,477741240,-1.0,4.0,4.0,-1.0,-1.0,6.5,920,1720,6,4,1,5,2,4,2,7,1"
"Tadeusz Bigus,1,477779490,-1.0,5.5,6.0,5.0,6.0,-1.0,1420,1400,6,4,1,7,4,6,6,3,3"
"Mikolaj Zachaj,0,477792648,-1.0,5.5,-1.0,-1.0,-1.0,-1.0,950,1560,6,4,1,7,3,4,5,4,1"
"Viktor Neshcheret,3,477747939,-1.0,5.0,5.0,6.5,-1.0,-1.0,1120,1560,6,4,2,6,7,3,4,3,2"
"Olgierd Felski,0,477788890,0.5,2.0,-1.0,5.0,3.5,-1.0,260,1080,6,4,1,2,6,2,5,2,1"
"Hubert Ponury,2,477764722,-1.0,-1.0,-1.0,-1.0,5.0,7.5,1780,1440,6,4,1,4,4,6,7,6,1"
"Orest Kaprzyk,3,477749781,-1.0,-1.0,5.5,-1.0,-1.0,-1.0,680,1160,6,4,1,6,5,5,4,4,3"
"Sewerian Staszko,2,477769029,-1.0,-1.0,-1.0,5.5,6.0,-1.0,810,1560,6,4,1,4,7,5,2,4,1"
"Tomasz Prusinski,1,477778752,-1.0,3.0,3.5,5.5,5.5,7.0,1210,1320,6,4,1,3,6,4,5,6,2"
"Antoni Rej,2,477772317,-1.0,4.5,5.0,4.5,5.0,5.0,450,1080,6,4,1,5,4,4,4,4,5"
"Baltazar Koscianski,1,477775377,-1.0,-1.0,2.5,5.0,4.5,6.0,530,1160,6,4,1,2,6,4,4,5,3"
"Krzysztof Janowiecki,1,477775803,-1.0,4.5,4.0,6.0,5.5,4.0,700,1240,6,4,1,5,6,3,5,2,4"
"Jan Jezuita,2,477769930,-1.0,3.0,3.0,5.0,-1.0,4.0,270,1160,6,4,1,3,6,4,4,3,2"
"Maciej Krueger,3,477746271,-1.0,5.0,-1.0,5.5,6.0,5.0,890,1240,6,4,1,6,6,4,4,4,1"
"Przemyslaw Wernecki,0,477791863,-1.0,5.5,-1.0,6.5,-1.0,3.5,900,1400,6,4,1,6,6,3,5,2,4"
"Norbert Wojtyniak,2,477755988,5.5,-1.0,-1.0,1.5,2.0,-1.0,3100,4760,6,4,7,3,1,1,1,1,3"
"Krzysztof Domon,2,477764208,-1.0,-1.0,3.0,5.5,-1.0,-1.0,840,1240,6,4,1,3,6,6,5,2,5"
"Lech Dudziec,3,477744986,-1.0,3.0,-1.0,6.0,5.5,6.0,1310,1400,6,4,1,3,6,7,4,5,2"
"Tadeusz Mikosz,4,477722143,-1.0,4.0,5.5,-1.0,7.5,-1.0,1420,1320,6,4,1,5,6,7,5,3,2"
"Mariusz Promilec,8,477674617,-1.0,-1.0,-1.0,-1.0,5.5,-1.0,530,1080,6,5,1,5,4,6,2,4,1"
"Andrzej Nyczak,12,477603640,-1.0,2.5,2.5,-1.0,3.0,6.5,410,1320,6,5,1,3,3,2,3,7,2"
"Leszek Nawa,1,477785128,-1.0,-1.0,-1.0,6.5,4.5,3.5,1050,2040,6,4,1,4,8,3,3,3,1"
"Igor Krukowski,1,477786030,-1.0,-1.0,5.5,6.0,6.0,-1.0,990,1400,6,4,2,6,6,5,4,4,1"
"Czeslaw Kinecki,8,477672205,-1.0,4.0,-1.0,-1.0,-1.0,-1.0,450,1320,6,4,1,4,3,3,3,6,5"
"Cezary Urbanowski,1,477778967,-1.0,-1.0,-1.0,-1.0,5.5,-1.0,400,1160,6,4,1,2,5,6,3,2,3"
"Jarema Kononiuk,3,477752525,-1.0,-1.0,-1.0,4.5,-1.0,7.0,730,1400,6,4,1,2,5,3,4,7,2"
"Dobromysl Tuderek,1,477785749,-1.0,-1.0,5.0,5.5,4.5,-1.0,600,1240,6,4,1,6,6,3,3,2,1"
"Mariusz Wrochna,2,477768565,-1.0,5.5,5.5,4.5,4.5,-1.0,430,1240,6,4,1,6,4,3,4,3,2"
"Szczepan Perucki,1,477777184,-1.0,-1.0,-1.0,6.5,-1.0,-1.0,930,1600,6,4,1,4,7,5,4,4,2"
"Maciej Zdzieszynski,1,477775763,-1.0,-1.0,4.0,-1.0,-1.0,5.5,230,1080,6,4,1,4,5,4,3,4,2"
"Bartlomiej Maciarewiak,9,477656795,-1.0,-1.0,2.5,2.0,3.5,7.0,370,1160,6,4,1,2,2,5,4,6,4"
"Gustaw Staciwa,2,477769509,-1.0,-1.0,-1.0,-1.0,4.5,-1.0,110,1000,6,4,1,3,3,5,3,3,1"
"Piotr Mystkowski,2,477755298,-1.0,4.5,-1.0,-1.0,4.0,-1.0,150,1080,6,4,1,6,2,4,2,2,3"
"Jozef Knitter,1,477778798,-1.0,-1.0,3.0,5.0,-1.0,-1.0,490,1160,6,4,1,3,6,3,4,5,2"
"Wiktor Dyda,2,477760519,-1.0,5.5,5.5,4.5,-1.0,-1.0,640,1240,6,4,1,6,4,5,3,3,6"
"Hubert Ryman,13,477597239,-1.0,4.0,-1.0,-1.0,5.0,7.0,660,1160,6,4,1,4,4,4,5,6,5"
"Jedrzej Niedzwiedz,2,477766104,-1.0,3.5,3.5,5.0,-1.0,6.5,750,1160,6,4,1,4,5,2,6,5,1"
"Wlodzimierz Niewiadomski,2,477757148,-1.0,-1.0,4.5,-1.0,5.5,6.5,880,1080,6,4,1,5,5,5,5,5,2"
"Jedrzej Damps,3,477752585,-1.0,-1.0,-1.0,6.5,6.0,-1.0,1220,1560,6,4,1,5,7,5,4,5,6"
"Maciej Lyszkiewicz,1,477783938,-1.0,3.5,4.5,3.5,6.0,-1.0,480,1240,6,4,1,4,4,7,4,3,4"
"Filon Wasag,1,477787911,-1.0,5.5,-1.0,5.5,5.0,-1.0,700,1240,6,4,1,6,6,3,3,3,3"
"Maurycy Kata,2,477760739,-1.0,-1.0,3.5,2.0,4.5,4.5,170,1080,6,4,1,3,2,6,4,3,5"
"Gordon Suwala,2,477761097,-1.0,-1.0,3.0,2.5,-1.0,6.5,520,1600,6,4,1,3,2,3,2,7,3"
"Jozef Rola,2,477771344,6.0,3.0,-1.0,-1.0,-1.0,-1.0,3590,5240,6,4,7,4,1,1,1,1,2"
"Kasper Kochmanski,1,477782948,-1.0,-1.0,-1.0,6.0,-1.0,-1.0,1170,1480,6,4,2,5,7,5,4,4,2"
"Edmund Oscik,2,477756224,-1.0,-1.0,-1.0,6.0,6.5,5.5,2130,1720,6,4,1,3,7,7,6,3,3"
"Bartlomiej Zajecki,2,477766083,-1.0,3.0,-1.0,4.5,-1.0,-1.0,140,1000,6,4,1,3,4,4,4,3,1"
"Bohdan Zeler,1,477773435,-1.0,3.5,4.0,4.5,4.5,-1.0,210,1000,6,4,1,4,4,3,5,3,1"
"Ireneusz Sobierajski,2,477762146,-1.0,5.5,5.5,4.0,-1.0,-1.0,880,1520,6,4,1,7,3,3,5,4,2"
"Wiktor Falski,2,477763155,-1.0,5.5,6.0,3.5,5.5,-1.0,1020,1520,6,4,2,7,3,6,3,5,2"
"Krzysztof Czernia,2,477759447,-1.0,5.5,-1.0,4.5,-1.0,-1.0,1430,1560,6,4,1,7,3,4,6,4,4"
"Sylwester Lubiarz,3,477734578,-1.0,-1.0,4.0,-1.0,-1.0,-1.0,280,1080,6,4,1,3,3,6,4,4,4"
"Ignacy Andrzejak,1,477786385,-1.0,-1.0,3.0,3.5,5.0,4.0,170,1080,6,4,1,2,4,6,3,3,2"
"Michal Jazdzyk,1,477777047,-1.0,-1.0,5.5,4.0,6.5,-1.0,920,1240,6,4,1,5,3,7,5,4,3"
"Florian Geborys,6,477708306,-1.0,-1.0,5.0,3.0,4.5,4.5,500,1240,6,5,1,6,2,4,4,3,1"
"Kazimierz Galuszka,5,477713212,-1.0,4.0,4.0,5.5,-1.0,-1.0,520,1240,6,4,1,5,6,3,4,3,2"
"Przemyslaw Legien,2,477768087,1.5,-1.0,4.5,3.5,6.0,6.5,810,1240,6,4,1,4,3,6,5,5,4"
"Ernest Ostafinski,2,477760159,5.5,1.0,-1.0,-1.0,-1.0,-1.0,3610,5240,6,4,7,2,1,1,1,1,1"
"Krystian Szura,9,477652947,-1.0,-1.0,-1.0,6.0,-1.0,-1.0,800,1560,6,5,1,5,7,4,3,2,2"
"Edmund Zelezniak,2,477771904,-1.0,-1.0,-1.0,-1.0,-1.0,7.0,680,1680,6,4,1,2,3,4,3,7,1"
"Jaroslaw Pruchniak,5,477712990,-1.0,4.0,5.0,-1.0,5.0,6.0,490,1080,6,5,1,5,3,5,3,5,1"
"Pawel Hamala,2,477765685,2.5,5.5,-1.0,4.5,6.0,5.0,860,1440,6,4,1,7,4,5,3,5,2"
"Cyprian Szkudlarski,5,477713759,-1.0,7.0,-1.0,6.5,-1.0,-1.0,2410,2200,6,4,1,8,7,2,4,3,5"
"Zenon Cewotyn,0,477792461,-1.0,-1.0,6.5,-1.0,-1.0,5.0,1020,1680,6,4,1,7,4,4,3,4,2"
"Drogomil Malicki,2,477770212,-1.0,5.0,5.5,-1.0,4.5,-1.0,460,1320,6,4,1,7,3,3,4,3,3"
"Marek Szramek,1,477787964,-1.0,-1.0,-1.0,6.0,-1.0,-1.0,570,1400,6,4,1,3,7,3,5,2,3"
"Julian Adamow,2,477763978,-1.0,5.5,6.0,6.5,7.0,5.0,1200,1520,6,4,1,6,7,5,4,3,3"
"Lech Dymnicki,2,477770367,-1.0,-1.0,-1.0,6.0,-1.0,-1.0,720,1720,6,4,1,4,7,4,4,2,2"
"Igor Wisz,7,477694734,-1.0,4.0,4.5,-1.0,5.5,7.0,1300,1240,6,4,1,5,4,6,6,6,1"
"Bartosz Desperat,2,477757485,1.5,4.5,4.0,5.0,4.5,6.5,1580,1800,6,4,1,5,6,3,3,7,2"
"Karol Pabian,0,477795027,2.0,3.5,4.0,3.5,-1.0,6.0,640,1160,6,4,1,5,3,6,5,4,1"
"Igor Pula,2,477772771,-1.0,-1.0,4.0,-1.0,-1.0,6.0,350,1080,6,4,1,4,4,4,3,6,3"
"Miroslaw Jarmoluk,6,477704857,2.0,-1.0,5.0,4.0,5.0,4.5,470,1080,6,4,1,5,3,4,6,3,1"
"Damian Patyna,2,477755592,-1.0,5.5,5.0,-1.0,-1.0,-1.0,660,1320,6,4,1,7,2,3,4,5,2"
"Radoslaw Maruszewski,2,477763022,-1.0,-1.0,-1.0,-1.0,5.0,-1.0,390,1080,6,4,1,2,3,5,6,4,3"
"Igor Wielgorski,0,477790927,2.5,-1.0,6.0,4.5,6.5,7.0,1590,1320,6,4,1,6,4,6,5,5,1"
"Szymon Kusinski,1,477775588,3.5,-1.0,1.0,-1.0,1.0,-1.0,520,2120,6,4,4,1,2,2,2,1,2"
"Witold Korwel,0,477790029,-1.0,3.5,4.0,5.5,5.5,-1.0,710,1240,6,4,1,4,6,6,5,2,5"
"Nestor Rusyn,1,477775206,2.0,-1.0,-1.0,-1.0,5.5,6.0,2200,1840,6,4,1,4,7,6,2,7,2"
"Dariusz Firmanty,1,477782075,-1.0,5.0,-1.0,-1.0,4.5,-1.0,620,1160,6,4,1,6,5,3,3,5,5"
"Wladyslaw Fiolna,0,477793777,-1.0,4.0,5.5,-1.0,6.0,6.5,1320,1560,6,4,2,5,3,8,5,5,1"
"Dobieslaw Chrzanowski,2,477765027,-1.0,2.5,-1.0,3.5,3.5,6.5,500,1160,6,4,1,3,3,3,5,6,2"
"Leslaw Runej,7,477687039,1.5,4.5,-1.0,6.0,-1.0,-1.0,680,1480,6,4,1,5,7,3,3,4,1"
"Rudolf Jarzabek,1,477780177,-1.0,4.0,3.5,-1.0,4.0,6.5,840,1240,6,4,1,5,5,2,5,6,3"
"Stefan Hasnik,1,477777864,3.5,-1.0,-1.0,-1.0,-1.0,0.5,470,2040,6,4,4,1,1,1,1,1,1"
"Konrad Mazuchowski,0,477791556,-1.0,5.0,6.0,-1.0,5.5,-1.0,470,1160,6,4,1,6,4,5,2,3,1"
"Patryk Labuzinski,0,477795169,-1.0,-1.0,4.0,-1.0,6.0,-1.0,680,1240,6,4,1,3,5,7,5,3,3"
"Pawel Mielczarek,2,477766516,-1.0,1.0,-1.0,-1.0,4.0,6.5,430,1160,6,4,1,2,2,6,4,6,5"
"Oskar Ploskonka,0,477791947,-1.0,-1.0,-1.0,6.0,6.0,-1.0,1950,1760,6,4,1,2,7,5,7,3,1"
"Jan Rawa,6,477708455,-1.0,-1.0,-1.0,-1.0,5.0,7.0,830,1240,6,5,1,3,3,6,5,6,2"
"Zdzislaw Hendel,4,477725471,-1.0,4.5,-1.0,-1.0,-1.0,-1.0,310,1160,6,4,1,6,3,5,4,2,3"
"Roman Tyniec,2,477763299,-1.0,5.5,5.5,-1.0,-1.0,6.0,1110,1320,6,4,1,7,4,4,5,4,2"
"Gabriel Krebs,3,477751837,-1.0,-1.0,-1.0,-1.0,-1.0,6.5,630,1480,6,4,1,4,3,4,3,7,3"
"Andrzej Falborski,2,477758519,-1.0,5.0,5.5,-1.0,6.0,4.0,690,1240,6,4,1,6,3,7,3,2,3"
"Artur Skorupski,1,477782364,-1.0,-1.0,3.5,5.5,6.5,-1.0,1710,1480,6,4,1,2,6,7,6,4,3"
"Zygmunt Zamkowski,2,477762514,-1.0,4.0,3.5,-1.0,-1.0,-1.0,270,1080,6,4,1,5,3,3,4,4,1"
"Stanislaw Kin,2,477758534,-1.0,6.0,6.0,6.0,6.0,5.0,1690,1640,6,4,1,7,5,4,5,4,4"
"Oleksii Gaudy,3,477750743,-1.0,6.0,5.5,-1.0,-1.0,-1.0,530,1320,6,4,1,7,5,3,2,2,4"
"Patryk Grudniak,2,477760291,-1.0,2.5,-1.0,3.0,-1.0,6.5,260,1080,6,4,1,3,3,4,4,6,4"
"Gabriel Rabczuk,2,477761837,-1.0,3.5,-1.0,-1.0,-1.0,7.0,720,1320,6,4,1,3,4,3,5,6,1"
"Szymon Szkolka,2,477761469,-1.0,-1.0,-1.0,4.5,-1.0,6.0,350,1080,6,4,1,3,5,4,3,6,4"
"Cyprian Gromek,2,477765975,5.5,2.0,-1.0,-1.0,-1.0,-1.0,3300,4920,6,4,7,3,1,1,1,1,1"
"Jan Ambroszkiewicz,1,477781299,-1.0,5.0,5.5,5.0,-1.0,-1.0,270,1080,6,4,1,6,4,4,2,3,3"
"Maciej Grzeskow,2,477772742,2.0,4.5,4.5,-1.0,6.0,7.0,990,1160,6,4,1,5,3,6,5,5,2"
"Walerian Gagala,2,477768464,-1.0,-1.0,-1.0,4.5,4.5,7.5,980,1400,6,4,1,4,3,4,5,7,1"
"Lukasz Tadej,0,477788603,-1.0,-1.0,-1.0,5.0,5.0,-1.0,1000,1400,6,4,1,3,5,4,7,3,1"
"Kazimierz Fornalczyk,8,477675173,-1.0,-1.0,-1.0,5.5,4.5,-1.0,440,1480,6,4,1,4,7,2,2,3,5"
"Roman Pieter,0,477792112,-1.0,4.5,4.5,-1.0,-1.0,6.0,870,1240,6,4,1,6,2,4,5,5,3"
"Bogusz Pochmara,8,477669439,-1.0,3.5,4.5,4.0,5.0,5.5,440,1080,6,4,1,4,3,6,4,4,4"
"Boguchwal Kupiec,0,477793579,-1.0,5.0,5.0,3.5,4.0,-1.0,460,1320,6,4,2,7,2,3,4,3,2"
"Jakub Gorzelanczyk,3,477754235,-1.0,5.0,-1.0,3.5,4.5,4.0,240,1080,6,4,1,6,2,4,3,3,2"
"Mateusz Rabiej,2,477762836,-1.0,5.5,-1.0,-1.0,6.5,-1.0,1700,1600,6,4,1,7,5,7,3,3,1"
"Cezary Baranczyk,2,477771933,-1.0,-1.0,-1.0,-1.0,5.0,-1.0,360,1240,6,4,1,4,3,7,3,2,2"
"Bogdan Aszkelowicz,2,477758213,-1.0,5.0,5.0,4.5,-1.0,7.0,1210,1240,6,4,1,6,4,5,5,6,2"
"Marcin Klimczewski,5,477709958,1.5,-1.0,-1.0,3.5,-1.0,-1.0,110,1080,6,4,1,2,5,4,2,3,1"
"Jonatan Krajniewski,2,477768825,-1.0,5.0,-1.0,4.5,5.0,-1.0,490,1080,6,4,1,6,4,4,4,4,2"
"Edmund Lenar,1,477779306,-1.0,-1.0,4.0,6.5,-1.0,7.5,2070,1600,6,4,2,4,6,4,6,6,3"
"Olaf Jeruzal,3,477754266,-1.0,-1.0,-1.0,-1.0,6.5,6.5,1320,1560,6,4,1,4,4,8,4,5,4"
"Boguslaw Strojny,0,477794674,-1.0,-1.0,5.0,5.5,5.0,6.0,740,1160,6,4,1,6,5,3,5,5,5"
"Maciej Kaszynski,2,477757034,-1.0,2.5,-1.0,3.0,4.5,4.5,180,1080,6,4,1,3,3,6,3,3,1"
"Jacek Gerwatowski,1,477782859,-1.0,-1.0,-1.0,-1.0,4.0,4.5,440,1440,6,4,1,3,7,2,3,4,2"
"Igor Borowczak,2,477758869,-1.0,-1.0,-1.0,6.0,-1.0,-1.0,690,1760,6,4,1,3,7,3,4,3,4"
"Lucjan Kazimierczak,8,477687549,-1.0,6.5,6.0,-1.0,-1.0,-1.0,1090,2000,6,4,1,8,4,4,3,3,5"
"Krzysztof Fiedorczuk,3,477769917,-1.0,4.5,5.5,-1.0,5.0,4.0,470,1240,6,4,1,6,3,5,3,3,1"
"Ferdynand Zabinski,0,477802449,-1.0,-1.0,-1.0,-1.0,-1.0,7.0,1460,1600,6,4,1,5,6,2,4,7,2"
"Dawid Kazmierski,2,477780366,-1.0,-1.0,3.5,5.5,-1.0,-1.0,1660,1560,6,4,1,2,5,6,7,2,3"
"Piotr Nastachowski,3,477764211,-1.0,5.0,-1.0,6.0,-1.0,5.5,1100,1320,6,4,2,6,6,4,3,6,2"
"Konstanty Porwolik,3,477771769,-1.0,5.0,5.0,5.0,5.5,-1.0,680,1160,6,4,1,5,5,6,2,4,3"
"Stanislaw Betkier,1,477793436,5.0,-1.0,-1.0,-1.0,-1.0,-1.0,1890,3640,6,4,6,4,2,1,1,1,4"
"Leon Witulski,3,477760324,-1.0,4.0,4.5,-1.0,-1.0,-1.0,230,1080,6,4,1,5,5,3,2,4,2"
"Lutomysl Kesek,2,477786160,-1.0,-1.0,-1.0,6.5,-1.0,-1.0,1280,1440,6,4,1,5,6,4,5,4,2"
"Jaroslaw Czarnowski,3,477759339,-1.0,3.5,3.5,5.0,-1.0,5.0,540,1160,6,4,1,4,6,5,3,5,2"
"Miroslaw Kazmierczak,2,477779671,-1.0,-1.0,-1.0,-1.0,-1.0,7.0,530,1480,6,4,1,4,3,2,4,7,1"
"Stanislaw Lisiewski,0,477802339,-1.0,4.0,-1.0,5.5,6.0,3.5,650,1240,6,4,1,4,6,6,4,2,5"
"Jozef Hutniczak,3,477763844,-1.0,5.0,-1.0,-1.0,6.0,5.5,1300,1680,6,4,1,6,4,8,2,3,1"
"Kazimierz Trzeciak,1,477798248,1.5,-1.0,-1.0,3.5,-1.0,5.5,270,1080,6,4,1,4,3,4,6,4,3"
"Stanislaw Kwinta,6,477716714,1.0,-1.0,3.5,4.0,5.5,6.5,270,1080,6,5,1,3,5,4,3,5,2"
"Slawomir Ebert,10,477667146,-1.0,2.5,3.0,4.0,-1.0,6.0,510,1080,6,5,1,3,4,4,6,4,1"
"Lukasz Stemplewski,3,477771623,-1.0,-1.0,-1.0,4.0,-1.0,6.5,720,1160,6,4,1,4,3,4,6,5,4"
"Marceli Pertek,1,477796443,-1.0,-1.0,-1.0,4.5,4.5,6.0,360,1160,6,4,1,4,5,3,3,6,1"
"Mateusz Wegierek,0,477805907,-1.0,5.0,-1.0,-1.0,-1.0,-1.0,920,1320,6,4,1,5,4,4,4,7,2"
"Maciej Karon,1,477790103,-1.0,-1.0,-1.0,4.5,-1.0,6.0,530,1080,6,4,1,4,4,4,5,5,1"
"Stanislaw Dzien,3,477767929,1.5,-1.0,-1.0,4.5,4.5,3.5,150,1080,6,4,1,3,5,4,4,2,1"
"Marian Wencel,2,477778200,-1.0,6.0,5.0,-1.0,-1.0,-1.0,990,1760,6,4,1,7,3,4,4,2,3"
"Janusz Skrzeta,5,477726529,6.0,-1.0,-1.0,-1.0,-1.0,-1.0,2880,4800,6,4,6,4,1,1,1,2,4"
"Darek Siniecki,2,477787627,-1.0,-1.0,-1.0,3.0,5.5,-1.0,720,1560,6,4,1,4,3,8,3,4,2"
"Przemyslaw Siwicki,3,477763960,-1.0,5.5,-1.0,-1.0,-1.0,-1.0,640,1320,6,4,1,7,3,4,4,3,1"
"Jerzy Plona,3,477770257,-1.0,5.0,5.5,4.5,5.5,-1.0,780,1160,6,4,1,6,4,5,5,4,3"
"Lucjan Chutny,2,477778257,5.5,-1.0,-1.0,-1.0,-1.0,-1.0,2590,4280,6,4,6,4,1,2,1,2,1"
"Wojciech Lesniewski,2,477777417,-1.0,-1.0,-1.0,-1.0,3.5,6.5,530,1240,6,4,1,2,3,3,6,6,2"
"Dawid Sidor,0,477802929,-1.0,-1.0,-1.0,6.0,-1.0,-1.0,930,1640,6,4,1,3,7,2,5,5,1"
"Jan Cwynar,1,477794193,-1.0,5.0,5.0,-1.0,-1.0,-1.0,1060,1160,6,4,1,6,4,5,6,4,2"
"Dominik Chudzynski,3,477767262,-1.0,4.5,4.0,5.5,-1.0,-1.0,400,1160,6,4,1,5,6,2,4,2,4"
"Leslaw Wedzicha,1,477792645,5.0,-1.0,-1.0,-1.0,-1.0,-1.0,3260,4920,6,4,7,1,2,1,1,1,3"
"Dezyderiusz Adler,5,477723309,-1.0,-1.0,-1.0,-1.0,-1.0,5.0,350,1080,6,4,1,4,4,6,3,4,1"
"Pawel Kurczab,3,477760558,-1.0,-1.0,-1.0,-1.0,-1.0,6.5,1260,1240,6,4,1,5,6,6,3,6,2"
"Bernard Rogacki,2,477783161,-1.0,-1.0,-1.0,5.5,-1.0,-1.0,420,1160,6,4,1,5,6,4,2,3,4"
"Jakub Kretowicz,1,477798339,-1.0,-1.0,5.0,-1.0,-1.0,-1.0,760,1240,6,4,2,5,6,2,5,3,3"
"Msciwoj Kajstura,1,477791679,-1.0,-1.0,-1.0,7.0,-1.0,-1.0,1500,2120,6,4,1,4,8,4,5,3,1"
"Stanislaw Zapisek,1,477797946,-1.0,5.0,-1.0,-1.0,-1.0,-1.0,640,1160,6,4,1,6,6,4,3,3,1"
"Radoslaw Wojtkowski,0,477802877,1.5,5.0,-1.0,5.5,6.0,-1.0,700,1160,6,4,1,6,6,4,4,3,3"
"Pawel Zwierzchowski,1,477793258,-1.0,-1.0,5.0,6.0,-1.0,-1.0,920,1160,6,4,1,6,6,5,5,3,4"
"Joachim Pilichowski,1,477792936,-1.0,-1.0,-1.0,-1.0,5.5,-1.0,460,1160,6,4,2,5,3,6,4,4,2"
"Przemyslaw German,5,477723865,-1.0,-1.0,-1.0,4.5,6.5,-1.0,1720,1560,6,4,1,7,3,7,6,2,3"
"Borzyslaw Grela,1,477802989,-1.0,4.5,4.5,5.0,5.5,-1.0,480,1080,6,4,1,4,5,4,4,4,5"
"Patryk Luczkow,10,477681131,-1.0,-1.0,-1.0,-1.0,4.0,6.5,500,1320,6,5,1,3,3,3,4,7,2"
"Herman Waniewski,3,477781390,-1.0,3.0,-1.0,5.0,-1.0,-1.0,280,1160,6,4,1,3,6,4,3,2,2"
"Wlodzimierz Wlodek,2,477800012,-1.0,-1.0,5.0,-1.0,6.0,4.5,750,1160,6,4,1,5,5,4,6,3,4"
"Lutoslaw Malkowski,2,477796908,-1.0,-1.0,4.5,5.5,5.5,6.0,540,1080,6,4,1,5,5,5,5,4,2"
"Baltazar Schubert,4,477761876,2.0,-1.0,5.5,5.0,-1.0,-1.0,660,1160,6,4,1,5,5,6,4,3,3"
"Bronislaw Rapczynski,3,477781921,-1.0,4.5,-1.0,3.5,5.0,-1.0,430,1160,6,4,1,6,3,5,4,3,1"
"Stefan Latacz,3,477780111,5.0,-1.0,-1.0,-1.0,-1.0,-1.0,650,2360,6,4,4,2,3,1,1,2,3"
"Jacek Wincalowicz,3,477781230,4.5,-1.0,-1.0,-1.0,-1.0,-1.0,1510,3240,6,4,5,3,1,1,2,1,1"
"Leon Dyrga,1,477806842,-1.0,-1.0,5.5,4.0,6.0,-1.0,1170,1320,6,4,1,6,3,7,4,4,7"
"Miroslaw Trendak,1,477802907,-1.0,5.5,-1.0,-1.0,-1.0,-1.0,500,1320,6,4,1,7,3,2,4,4,1"
"Otto Christian Blumenfeld,0,477814184,-1.0,-1.0,6.0,5.0,6.5,7.0,1470,1320,6,4,1,5,4,7,6,4,1"
"Pawel Miozga,1,477802841,-1.0,-1.0,4.0,4.5,5.5,-1.0,390,1080,6,4,1,3,5,5,5,3,3"
"Dominik Sochan,9,477696415,-1.0,-1.0,-1.0,6.5,-1.0,-1.0,710,1680,6,4,1,4,7,4,3,2,5"
"Bronislaw Szuper,3,477783423,-1.0,3.5,-1.0,5.5,-1.0,6.5,550,1160,6,4,1,4,6,3,5,5,1"
"Feliks Wierzba,4,477766024,-1.0,-1.0,-1.0,-1.0,-1.0,7.0,410,1320,6,4,1,2,3,3,4,7,4"
"Gawel Dega,1,477811327,-1.0,2.5,-1.0,5.0,4.0,-1.0,220,1160,6,4,1,3,6,4,3,3,6"
"Adrian Lyson,4,477760630,-1.0,3.0,3.0,6.0,4.5,-1.0,620,1440,6,4,1,3,7,3,5,4,2"
"Marcin Szatan,6,477730753,2.0,4.0,4.5,5.5,5.0,4.5,380,1160,6,4,1,5,6,3,3,4,3"
"Edward Turski,10,477672635,-1.0,4.0,4.0,3.5,3.5,4.5,230,1080,6,4,1,5,3,2,3,5,2"
"Wojciech Grabos,2,477794072,-1.0,-1.0,-1.0,6.5,7.0,4.5,760,1160,6,4,1,5,6,4,5,3,5"
"Mamert Wolosiewicz,3,477778311,-1.0,-1.0,-1.0,5.5,-1.0,5.5,1430,2040,6,4,1,2,7,6,2,5,3"
"Rafal Morawiec,2,477792714,-1.0,-1.0,-1.0,3.5,4.0,4.0,100,1000,6,4,1,3,2,5,4,3,5"
"Jakub Marynowski,8,477701559,1.5,4.0,-1.0,5.0,5.0,5.0,490,1080,6,4,1,5,5,5,4,4,2"
"Edward Zduniak,2,477796640,-1.0,6.0,6.0,6.5,6.0,-1.0,1280,1440,6,4,1,7,6,4,4,4,2"
"Slawomir Kaszta,10,477678566,-1.0,5.0,4.5,-1.0,-1.0,6.5,630,1240,6,4,1,6,3,3,3,6,3"
"Sobieslaw Bogun,3,477784480,-1.0,5.0,5.0,5.0,4.5,6.5,850,1240,6,4,1,6,4,3,4,6,5"
"Marcin Gandziala,1,477800141,-1.0,-1.0,-1.0,-1.0,-1.0,-1.0,3250,4920,6,4,7,2,1,1,1,1,2"
"Tristan Lamch,1,477810267,-1.0,-1.0,-1.0,3.5,-1.0,5.5,360,1080,6,4,1,4,3,3,6,4,3"
"Janusz Maszczynski,1,477803316,-1.0,5.5,6.5,-1.0,-1.0,-1.0,1820,1600,6,4,1,7,3,7,4,6,2"
"Andrzej Gierkowski,1,477811387,-1.0,-1.0,-1.0,5.5,-1.0,-1.0,310,1160,6,4,1,4,6,3,4,3,1"
"Krzysztof Kinski,6,477728162,-1.0,-1.0,-1.0,4.5,-1.0,7.5,880,1560,6,4,1,3,4,3,4,7,1"
"Jan Lipinski,1,477803266,4.5,-1.0,-1.0,-1.0,-1.0,-1.0,1200,2920,6,4,5,2,1,2,1,1,3"
"Apoloniusz Izdebski,3,477785858,6.0,3.0,-1.0,-1.0,-1.0,-1.0,3960,5840,6,4,7,4,1,2,1,1,3"
"Dawid Krajnik,3,477777126,-1.0,3.5,-1.0,6.0,-1.0,-1.0,1170,1480,6,4,1,3,7,2,5,6,4"
"Pawel Babinski,4,477762067,-1.0,-1.0,3.5,4.5,-1.0,8.5,2020,2120,6,4,1,4,5,4,5,8,1"
"Marcin Korczyc,3,477781534,-1.0,-1.0,-1.0,-1.0,3.5,-1.0,270,1160,6,4,1,3,3,2,6,3,3"
"Bohuslav Halkiewicz,2,477797660,-1.0,-1.0,-1.0,4.0,-1.0,6.0,410,1080,6,4,1,4,4,5,4,5,2"
